parent_asin,status,bytes,width,height
B00004SY4H,success,39646,304.0,492.0
B00000J061,success,18646,436.0,351.0
B00001W0DH,success,25249,201.0,497.0
B00000JCT8,success,13898,288.0,500.0
B00004THD0,success,35766,500.0,260.0
8918010656,success,58753,500.0,500.0
B00000JCTO,success,36260,500.0,469.0
1400501466,success,50066,375.0,500.0
B00004Z5D1,success,16841,341.0,465.0
B00005LE6Z,success,45041,385.0,405.0
B00005BC0J,success,21113,435.0,291.0
B00005LE75,success,42030,438.0,500.0
B00004YZQ8,success,22487,250.0,196.0
B00005LE77,success,31053,426.0,307.0
B00005LE72,success,57247,494.0,494.0
B00005LENO,success,47566,473.0,496.0
B00005LEOO,success,29974,500.0,320.0
B00005LEOS,success,38332,334.0,499.0
B00005N6KG,success,12588,298.0,397.0
B00005T3BD,success,53167,494.0,463.0
B00005QBU9,success,22497,342.0,449.0
B00005N9D3,success,17067,244.0,446.0
B00005T406,success,28494,496.0,476.0
B00005TQ08,success,19827,486.0,287.0
B0000632H2,success,36023,271.0,489.0
B00005TQKQ,success,26802,500.0,332.0
B000068P8R,success,15638,381.0,255.0
B00005N9D2,success,24981,332.0,496.0
B00006B7HB,success,15205,488.0,425.0
B000065UQA,success,18250,500.0,369.0
B00006B9WE,success,26554,437.0,413.0
B00006I53V,success,56887,458.0,500.0
B00006I53X,success,7525,223.0,100.0
B00006I53S,success,62109,442.0,500.0
B000065BP9,success,8743,185.0,234.0
B00006IRS3,success,27994,395.0,500.0
B00006JPDI,success,38512,458.0,361.0
B00006I5J4,success,49690,292.0,500.0
B00006JQ5O,success,14390,251.0,436.0
B00007056H,success,16723,197.0,445.0
B00006JU62,success,48576,477.0,486.0
B00007E7C8,success,29208,335.0,484.0
B000092YPR,success,22497,342.0,449.0
B00008OE6I,success,27965,481.0,311.0
B00007E8D2,success,18000,263.0,494.0
B00008Z1QI,success,18030,259.0,453.0
B00009MDBQ,success,22282,476.0,250.0
B000092YQW,success,18864,370.0,384.0
B00009RUCH,success,8959,221.0,279.0
B00009W3TY,success,20418,298.0,500.0
B00009UT3F,success,17493,240.0,481.0
B00009XVCU,success,8180,139.0,181.0
B0000C8817,success,56321,484.0,458.0
B00008OE5G,success,33169,476.0,342.0
B0000TU7I6,success,52930,500.0,444.0
B0000WKYU4,success,12465,364.0,269.0
B0000E6GHH,success,17269,497.0,426.0
B00009WBYL,success,40648,459.0,429.0
B0001DBEM4,success,30378,489.0,299.0
B00009UT28,success,18003,249.0,496.0
B000144I30,success,23717,402.0,305.0
B0001DQ5YG,success,14942,375.0,435.0
B0001FTVEA,success,25259,360.0,483.0
B000144I2Q,success,29708,299.0,494.0
B0001G6U4S,success,26608,462.0,333.0
B0001LTT5K,success,23918,493.0,423.0
B00021Y9OA,success,23706,476.0,328.0
B0001YEOCU,success,24037,378.0,290.0
B0001YGIB0,success,20225,455.0,361.0
B000230LBI,success,45951,484.0,361.0
B0001G6U3Y,success,44393,500.0,381.0
B00025O7FC,success,26261,409.0,497.0
B0002AHT6G,success,31502,500.0,348.0
B0002CE0XO,success,28856,490.0,243.0
B0002CPBWI,success,14442,425.0,320.0
B0002CPBUK,success,25530,477.0,273.0
B0002D03ZW,success,27812,245.0,448.0
B0002EHOCQ,success,44810,488.0,494.0
B0002J2TLC,success,24216,495.0,487.0
B0002FHENE,success,8078,245.0,413.0
B0002I5RI0,success,27000,291.0,500.0
B0002IKQP4,success,19778,340.0,499.0
B0002KQZJS,success,18496,375.0,500.0
B0002CPBWS,success,15333,246.0,399.0
B0002K6Y9E,success,22538,291.0,457.0
B0002RBQO0,success,16854,493.0,414.0
B0002SYC5O,success,14683,423.0,328.0
B0002UM0JW,success,31469,499.0,448.0
B0002OD3JY,success,39869,500.0,371.0
B0002WPSBC,success,22013,407.0,285.0
B0002V9IKK,success,32228,498.0,386.0
B0002WPSCG,success,28808,500.0,278.0
B0002SQ2P2,success,55956,375.0,500.0
B0002XQJFA,success,47369,500.0,500.0
B0002XQI2E,success,19228,397.0,290.0
B0002XQDSS,success,19065,407.0,469.0
B0002Y5WXE,success,21370,269.0,328.0
B00030097G,success,18733,446.0,365.0
B00030CHQ2,success,20741,425.0,334.0
B0002YE6EU,too_small,2035,49.0,200.0
B00030CHRQ,success,16705,284.0,495.0
B0006DPMU4,success,27868,393.0,461.0
B00067OF80,success,16962,253.0,466.0
B0002Y5WXO,success,23844,300.0,300.0
B000779S04,success,13091,370.0,500.0
B0002SQ0A4,success,18035,417.0,257.0
B0007CZ70Y,success,34870,338.0,481.0
B0007M3PJO,success,24567,453.0,356.0
B0007LCLPE,success,52045,496.0,484.0
B0007QKN6S,success,46873,500.0,415.0
B0007N55OQ,success,19280,195.0,498.0
B0007QN18U,success,28988,376.0,439.0
B0007QKXYU,success,26450,364.0,500.0
B0007WIKAS,success,40469,500.0,411.0
B0007Y79E4,success,7914,392.0,483.0
B0007WWAGI,success,11823,250.0,364.0
B0007WK8KS,success,43871,500.0,449.0
B0007TJ5OG,success,41011,500.0,360.0
B0009PXEEU,success,25259,360.0,483.0
B00083Y0YG,success,36406,494.0,393.0
B0009HN57E,success,33187,493.0,369.0
B0009GZSSO,success,49383,500.0,484.0
B0009GZB3Q,success,27838,500.0,375.0
B0009VU7RG,success,24589,499.0,250.0
B0009HN57Y,success,38110,500.0,364.0
B0007N55NW,success,22908,322.0,489.0
B0009WKBGC,success,38710,500.0,442.0
B000A6NV0U,success,31934,498.0,412.0
B000A6LSKU,success,14795,431.0,282.0
B000AM6QHE,success,17517,450.0,242.0
B000ANCPNM,success,16842,331.0,492.0
B000ANGNN0,success,12044,331.0,251.0
B000AP05BO,success,23706,476.0,328.0
B000A8JYB8,success,46554,484.0,443.0
B000AOYWVE,success,29737,494.0,205.0
B000BDDBLG,success,19115,344.0,418.0
B000AYJDD6,success,33315,460.0,338.0
B0009X3JBU,success,56878,346.0,428.0
B000BDH2XY,success,19129,289.0,497.0
B000B84KAW,success,29040,257.0,371.0
B000AYKV4G,success,40292,500.0,372.0
B000AY5Y5W,success,30792,396.0,408.0
B000AY5YI4,success,17462,375.0,283.0
B000BQSGMM,success,17608,410.0,496.0
B000BFO4OC,success,23509,441.0,402.0
B000C1MY1A,success,35531,311.0,500.0
B000C1U8XG,success,40108,497.0,295.0
B000CMNL52,success,50004,308.0,487.0
B000CR1V5O,success,33803,485.0,304.0
B000DZH9H4,success,27730,262.0,500.0
B000BY52NU,success,18283,338.0,229.0
B000BQ57BU,success,16285,346.0,287.0
B000E1DSAE,success,15650,434.0,315.0
B000E6G9RI,success,16569,372.0,500.0
B000DZDTKU,success,36569,444.0,451.0
B000EGLXTW,success,33192,500.0,325.0
B000E1FYQA,success,15859,434.0,314.0
B000EIZ4PY,success,28645,449.0,343.0
B000EIZJF4,success,20989,401.0,269.0
B000EMWBT2,success,15980,313.0,218.0
B000EMPK2M,success,22189,359.0,298.0
B000EN0K94,success,21449,371.0,236.0
B000DZHA6O,success,28144,426.0,398.0
B000EMU4HS,success,27915,373.0,289.0
B000ENPDSW,success,16315,312.0,226.0
B000ENRQ3M,success,19844,261.0,454.0
B000EOP656,success,25972,465.0,356.0
B000EUGX7A,success,17454,279.0,382.0
B000EORBBS,success,26193,456.0,266.0
B000FJEYZS,success,28158,482.0,487.0
B000EVM5DK,success,30383,308.0,449.0
B000EVM5DU,success,32303,324.0,470.0
B000EBBJ6Y,success,28210,256.0,466.0
B000EVEH6I,success,18505,284.0,391.0
B000FL2EJE,success,28077,369.0,479.0
B000GFPTQY,success,14697,467.0,307.0
B000FUESSU,success,32180,500.0,464.0
B000GAO9T2,success,17310,406.0,463.0
B000FYZARY,success,24336,389.0,302.0
B000GFWFY8,success,21790,393.0,299.0
B000HAOVC6,success,15173,250.0,169.0
B000GLQZJI,success,19092,458.0,364.0
B000HATNI8,success,35138,490.0,349.0
B000HATNH4,success,36738,481.0,352.0
B000HCRVUS,success,17472,411.0,280.0
B000GPOFS2,success,30784,491.0,343.0
B000HGGVQE,success,27582,436.0,332.0
B000HAOVGM,success,34129,496.0,333.0
B000HGMMH6,success,19245,500.0,333.0
B000HDMPTO,success,15880,443.0,314.0
B000HMLP5A,success,18747,281.0,442.0
B000HZBR64,success,17503,480.0,305.0
B000HJPK0Y,success,34179,494.0,347.0
B000I7TV3W,success,28560,427.0,374.0
B000I7U1OK,success,33088,496.0,240.0
B000IBLMHQ,success,38281,353.0,489.0
B000IF4788,success,60371,493.0,500.0
B000ILJR0K,success,25009,455.0,323.0
B000J1HDWI,success,39023,389.0,412.0
B000J1N3HW,success,31946,370.0,500.0
B000HCT12O,success,20107,402.0,288.0
B000J43HJ8,success,25714,470.0,330.0
B000JC5DAG,success,38979,499.0,479.0
B000JJM7S0,success,26277,484.0,281.0
B000LB7G00,success,28997,500.0,500.0
B000JLM50I,success,50762,415.0,367.0
B000L47AHG,success,15683,356.0,461.0
B000IE8Z4Q,success,21424,439.0,433.0
B000LGI61S,success,16287,388.0,478.0
B000LWJ1ES,success,38867,475.0,364.0
B000KA7PD0,success,18249,442.0,435.0
B000JC8WYA,success,71593,500.0,281.0
B000MFA1NE,success,20904,331.0,263.0
B000MGH5W8,success,16230,320.0,474.0
B000MK4GGM,success,29627,412.0,212.0
B000MMWT9Q,success,22725,433.0,355.0
B000MUXVZO,success,25391,288.0,500.0
B000MQK6BK,success,26934,476.0,199.0
B000N386VE,success,27952,491.0,306.0
B000NAXC6G,success,15597,471.0,304.0
B000MVEC0Q,success,17694,274.0,482.0
B000N32G7O,success,11430,250.0,190.0
B000NAXC6Q,success,15962,474.0,305.0
B000NBBWNU,success,32775,398.0,339.0
B000NB05MO,success,16813,462.0,316.0
B000MUXJCO,success,14585,238.0,404.0
B000NK3H4S,success,38070,481.0,375.0
B000NNS5XS,success,25208,479.0,313.0
B000NKCO5Q,success,17205,460.0,305.0
B000NO5QVG,success,26780,235.0,459.0
B000NOQVQK,success,35734,500.0,415.0
B000O3LR5A,success,48765,500.0,409.0
B000NOSCGM,success,24089,402.0,273.0
B000OK6T9W,success,24401,473.0,454.0
B000OL3QTW,success,13513,266.0,449.0
B000NOUP0S,success,30450,481.0,356.0
B000OSLLPG,success,30185,465.0,336.0
B000P0NJPS,success,52779,495.0,493.0
B000O8WE66,success,32207,401.0,500.0
B000PCF7A6,success,16124,432.0,238.0
B000PCCLPU,success,16517,269.0,416.0
B000P3M2DK,success,12668,275.0,434.0
B000OWACMU,success,15231,360.0,499.0
B000PIAQ3S,success,32711,478.0,392.0
B000Q30420,success,31301,460.0,308.0
B000PCEFXQ,success,20195,162.0,472.0
B000Q3043Y,success,36868,463.0,401.0
B000Q7IA5E,success,16869,380.0,378.0
B000Q8UAWY,success,13274,414.0,198.0
B000R2PC2M,success,24567,281.0,489.0
B000RHZJN4,success,13802,467.0,322.0
B000RZNI4S,success,23264,278.0,455.0
B000SDW84K,success,25218,453.0,271.0
B000SDZ0K4,success,4444,150.0,89.0
B000P0R6KW,success,35786,482.0,310.0
B000SNOT4C,success,21652,500.0,333.0
B000RPVGJ2,success,20390,449.0,373.0
B000OEV88K,success,27867,235.0,500.0
B000SDLNKA,success,19960,456.0,326.0
B000TKHBDK,success,12613,267.0,305.0
B000T8CWFE,success,15622,473.0,270.0
B000TM7GD8,success,34006,500.0,301.0
B000TLVMIO,success,50725,490.0,500.0
B000TQPTTM,success,50727,490.0,500.0
B000TQLUPY,success,24967,392.0,325.0
B000TQ4D8K,success,55201,500.0,475.0
B000UHE8Y2,success,8829,187.0,312.0
B000UVD8B2,success,24076,447.0,375.0
B000UY3NR8,success,24352,441.0,372.0
B000V1VG5G,success,21550,392.0,283.0
B000V1XLNG,success,16587,338.0,244.0
B000V1VG2E,success,19289,303.0,232.0
B000V2H136,success,9478,245.0,337.0
B000V01RLK,success,31003,500.0,373.0
B000V1IFR8,success,8667,450.0,297.0
B000V5K3FG,success,17828,274.0,227.0
B000V2UBS8,success,43320,500.0,373.0
B000V20R28,success,17906,320.0,229.0
B000VACI0Y,success,29448,495.0,338.0
B000V9CQJI,success,41811,489.0,449.0
B000VDA3TO,success,47160,486.0,330.0
B000VE0ME4,success,34433,488.0,424.0
B000VE4MM2,success,18284,420.0,288.0
B000V2UBSI,success,23377,483.0,357.0
B000W8SSDG,too_small,3379,51.0,500.0
B000VKEFMS,success,25484,487.0,418.0
B000TTTJ36,success,22443,423.0,330.0
B000WPBS54,success,32239,500.0,332.0
B000X1P5RE,success,33507,489.0,348.0
B000WJOF1O,success,29083,312.0,500.0
B000VEP3XO,success,40199,500.0,319.0
B000ZH7E5M,success,19709,445.0,322.0
B000ZJZ7OA,success,19676,399.0,304.0
B000ZJQO6A,success,17396,330.0,209.0
B00113PUJQ,success,42580,464.0,382.0
B0010HE6LG,success,32912,253.0,469.0
B000XPG2QI,success,9927,379.0,434.0
B00113ZBYA,success,24718,500.0,428.0
B0011FCV8W,success,25027,443.0,452.0
B00114PN1U,success,19948,288.0,245.0
B00114162K,success,25765,435.0,222.0
B000YB862E,success,39992,498.0,481.0
B0011FTKFY,success,11546,350.0,217.0
B0012GDOQS,success,30731,494.0,300.0
B0011YR8UE,success,31098,482.0,255.0
B0011ZCDKS,success,29761,500.0,281.0
B0011FQUQG,success,18895,486.0,205.0
B00123XZNI,success,24508,447.0,269.0
B000WJ8P38,success,19885,350.0,406.0
B0011ZK6OS,success,17884,382.0,250.0
B0012LLYPG,success,22336,442.0,226.0
B0012QCYNM,success,25265,260.0,454.0
B0012S98AM,success,23382,406.0,230.0
B0011ZK6ZM,success,28744,375.0,500.0
B0012YARXI,success,28274,452.0,295.0
B0012V0Z74,success,28499,465.0,360.0
B0013FLU96,success,19188,435.0,266.0
B00132MMVE,success,20518,370.0,343.0
B00139S3U6,success,22685,429.0,398.0
B0013A1XDE,success,35355,465.0,327.0
B00139W0XM,success,31726,371.0,500.0
B0013ITQA8,success,21275,473.0,212.0
B00139XOCI,success,18997,275.0,414.0
B0012YB17Y,success,12540,200.0,156.0
B0014II9F0,success,16897,243.0,353.0
B0013P3ZOE,success,30887,408.0,500.0
B0013OWPV4,success,25097,326.0,500.0
B0013AHADQ,success,35527,459.0,402.0
B0014Z3XMC,success,27912,313.0,416.0
B0015A8Y3E,success,35055,437.0,314.0
B0015AM38Q,success,19452,500.0,373.0
B0014Z5XMK,success,26732,377.0,294.0
B0015A8Y5M,success,38017,426.0,466.0
B0015AOU9Q,success,46768,311.0,494.0
B0015BYKGI,success,9638,281.0,401.0
B0015AM30Y,success,63891,345.0,500.0
B00165XQWW,success,16173,442.0,289.0
B0015HS1HQ,success,15887,473.0,417.0
B0015IMZVS,success,11387,397.0,385.0
B0016BVKAQ,success,11971,252.0,497.0
B0016A0RLA,success,23757,487.0,237.0
B0015C30J0,success,22118,459.0,243.0
B001715BIC,success,10075,338.0,288.0
B001630QZE,success,29714,500.0,434.0
B00176TEGM,success,9832,282.0,356.0
B00176BDD4,success,46253,500.0,362.0
B0017HSZWK,success,15318,455.0,248.0
B00177WK2Q,success,30930,500.0,434.0
B0018KTCIM,success,19232,485.0,239.0
B0018QRO9A,success,27309,475.0,342.0
B00177YJFM,success,23032,368.0,236.0
B0018Z37KQ,success,23655,475.0,346.0
B0018RBETU,success,16286,410.0,333.0
B0018N57MO,success,58025,319.0,494.0
B0018ZDGAC,success,34093,452.0,500.0
B0018ZDGAW,success,43340,499.0,479.0
B0019G2HA0,success,29569,445.0,296.0
B0019MOKYA,success,23146,369.0,277.0
B0019CHAQU,success,10474,147.0,387.0
B0019WF4FE,success,29490,351.0,792.0
B0019HZZQW,success,22627,459.0,494.0
B00192KF12,success,22834,464.0,289.0
B001AYGDCE,success,20530,210.0,250.0
B001AYCNIW,success,7256,214.0,224.0
B001ADXR3I,success,23483,500.0,404.0
B001A1VKPM,success,41789,407.0,494.0
B0019KPS66,success,17625,291.0,500.0
B0019Y8AAI,success,24845,500.0,333.0
B001B8EUEW,success,22965,471.0,236.0
B001AQYUWC,success,21951,426.0,460.0
B001BBT7RY,success,44218,290.0,474.0
B001BAWX80,success,19364,331.0,409.0
B001BR95PW,success,32045,311.0,500.0
B001BNYNT4,success,22199,377.0,423.0
B001BXU9QK,success,10248,283.0,476.0
B001BO7R00,success,11000,210.0,428.0
B001CZKSWW,success,20805,447.0,194.0
B001D0E4DA,success,28276,445.0,279.0
B001D8AGA2,success,22964,430.0,440.0
B001D16D7Y,success,10917,248.0,169.0
B001D8S9E2,success,27712,474.0,271.0
B001D1XXB8,success,20666,475.0,180.0
B001D150VY,success,23212,436.0,283.0
B001DJ64CA,success,18954,426.0,359.0
B001DQRBSY,success,31867,341.0,479.0
B001E283UC,success,13031,274.0,219.0
B001DJ64C0,success,19657,459.0,343.0
B001DETCUG,success,38618,453.0,500.0
B001CGI2NS,success,14463,317.0,212.0
B001EO6W8K,success,40205,465.0,335.0
B001ET5U92,success,15613,369.0,283.0
B001DJ9GOS,success,27029,438.0,263.0
B001EZYMF4,success,17143,500.0,297.0
B001F42MKG,success,17187,230.0,474.0
B001EWEPQS,success,11796,256.0,236.0
B001EYU8FI,success,31599,464.0,487.0
B001F51G0W,success,39869,364.0,464.0
B001F7AP1Q,success,21340,381.0,424.0
B001FA1OHW,success,22008,433.0,243.0
B001FB6SI6,success,14147,446.0,226.0
B001FB55GC,success,28319,460.0,367.0
B001FA0FVI,success,20087,305.0,370.0
B001FOQ1QC,success,28105,484.0,431.0
B001FWKA7A,success,25960,454.0,494.0
B001FS1LLI,success,20436,447.0,413.0
B001ELQTTA,success,20419,487.0,329.0
B001G5ZTZO,success,27034,414.0,390.0
B001G60DUE,success,25472,401.0,367.0
B001G60DWM,success,26521,455.0,320.0
B001G5ZTPY,success,31458,448.0,323.0
B001G60DXG,success,39414,440.0,350.0
B001GD87QO,success,23846,475.0,450.0
B001GIPR5S,success,11443,229.0,474.0
B001GKPOJK,success,18264,500.0,274.0
B001GN5OLK,success,30949,489.0,367.0
B001GUPEMW,success,17881,387.0,474.0
B001GIOKPQ,success,15449,323.0,500.0
B001GQ3DOM,success,20287,346.0,424.0
B001GWCC4I,success,28629,369.0,477.0
B001HBIYI6,success,15053,297.0,427.0
B001HBIYWM,success,18419,313.0,478.0
B001HZUPD4,success,19903,500.0,331.0
B001GT185K,success,18267,436.0,288.0
B001IWOBA4,success,36733,500.0,375.0
B001IOHAVO,success,8701,296.0,132.0
B001H0ETMW,success,33272,482.0,375.0
B001IZYV3S,success,22777,500.0,351.0
B001LK8PVY,success,33769,494.0,379.0
B001JEOS5E,success,12878,396.0,288.0
B001K5R38Q,success,66378,498.0,498.0
B001KEGULI,success,19633,450.0,460.0
B001M4JG1M,success,34764,459.0,317.0
B001LYPNFQ,success,20574,430.0,321.0
B001NEK0P2,success,14778,399.0,213.0
B001K3ENEA,success,32503,308.0,471.0
B001NABXXE,success,27316,463.0,470.0
B001NEK0PC,success,27795,336.0,485.0
B001NTFAOS,success,20193,383.0,420.0
B001NTDGQC,success,21280,396.0,438.0
B001OI2Z2I,success,24577,478.0,249.0
B001OAR26K,success,19440,495.0,195.0
B001O9EUSO,success,5235,148.0,112.0
B001OMH1JQ,success,29983,495.0,319.0
B001G0N5SC,success,39188,432.0,299.0
B001OMH1O6,success,31866,500.0,341.0
B001OTZ8DA,success,26368,492.0,500.0
B001OQC0JS,success,27202,470.0,256.0
B001M4N956,success,28247,456.0,364.0
B001P05NJC,success,23630,467.0,311.0
B001OI2Z4Q,success,13083,250.0,139.0
B001OQC0H0,success,23899,458.0,377.0
B001PUSERA,success,32683,416.0,474.0
B001Q3M9D6,success,28214,462.0,278.0
B001PZ674C,success,18600,493.0,154.0
B001Q3M9PY,success,24488,441.0,262.0
B001PKEJYM,success,29044,480.0,306.0
B001PKTR76,success,25143,420.0,258.0
B001Q9F0BS,success,24385,454.0,279.0
B001QXDN68,success,17859,405.0,408.0
B001R0QBI2,success,30439,307.0,468.0
B001RB24S2,success,19162,189.0,500.0
B001RCD2DW,success,42890,385.0,500.0
B001RNO92Y,success,19312,500.0,335.0
B001SER460,success,20217,392.0,257.0
B001R23JMQ,success,33255,465.0,300.0
B001S4OTS6,success,18536,470.0,178.0
B001T3UDOA,success,9725,207.0,406.0
B001T9NUQM,success,6998,227.0,146.0
B001T9NVJI,success,17602,336.0,219.0
B001T9NVK2,success,17056,315.0,223.0
B001TK3AC0,success,16884,373.0,286.0
B001T9NVJS,success,21439,354.0,246.0
B001TK3ACA,success,28532,449.0,491.0
B001U5617K,success,11487,445.0,328.0
B001U612R8,success,28664,500.0,461.0
B001VFUN82,success,20066,456.0,427.0
B001UAB0I0,success,19039,500.0,195.0
B0020HRE1Y,success,14785,247.0,193.0
B001U3ZUWO,success,26280,388.0,278.0
B001UCELX4,success,11981,241.0,355.0
B001UHOX2S,success,20869,448.0,346.0
B0021L8D9Q,success,14890,164.0,480.0
B0023B14TK,success,17190,369.0,474.0
B0021XW3YU,success,29421,500.0,375.0
B002453K5G,success,8827,464.0,130.0
B0025VKUQG,success,12108,500.0,266.0
B00213QXFA,success,9722,277.0,249.0
B0023B1364,success,32404,398.0,199.0
B0025ZSBNG,success,38273,500.0,257.0
B0025ZH43O,success,19030,374.0,446.0
B0026FCXCU,success,25145,461.0,289.0
B0026PTO1I,success,19399,499.0,159.0
B0027FFZEW,success,17742,440.0,332.0
B0027JLIVM,success,34638,356.0,263.0
B0028N6YH0,success,25879,466.0,433.0
B00280M1FC,success,16814,372.0,476.0
B0028Y5GKK,success,28948,495.0,372.0
B0028RXI5W,success,51620,412.0,427.0
B0028Y5GLO,success,34910,500.0,360.0
B0029L0IM8,success,11580,236.0,459.0
B0029Z9UNC,success,21389,439.0,332.0
B0029L4NX8,success,11921,500.0,375.0
B002B55PR0,success,29312,458.0,344.0
B0029U0X24,success,12480,214.0,298.0
B002BSGUZI,success,38660,335.0,443.0
B002C7489S,success,20433,469.0,298.0
B002CCSSOY,success,11879,385.0,287.0
B002C4K6U6,success,18645,474.0,380.0
B0029Z9UNW,success,25347,486.0,341.0
B002BA596W,success,12733,500.0,243.0
B002CMLIIM,success,30313,463.0,261.0
B002CMEIW0,success,12755,391.0,346.0
B0027VT6V4,success,34871,500.0,399.0
B002DONEKO,success,18076,281.0,500.0
B002CMUKZY,success,24611,500.0,208.0
B002DUD36S,success,11137,486.0,243.0
B002DW0VT8,success,23173,374.0,427.0
B002DPUUL4,success,14783,232.0,380.0
B002DWA0NA,success,22275,380.0,456.0
B002CWZ29S,success,28608,491.0,254.0
B002FB7IWU,success,19643,452.0,500.0
B002EL4MXY,success,7698,229.0,311.0
B002FFT8Z6,success,28851,489.0,403.0
B002FU5QLQ,success,22904,490.0,399.0
B002DWQU48,success,19447,471.0,255.0
B002FFZGCU,success,19660,494.0,209.0
B002FU5QMA,success,26556,481.0,371.0
B002G1Y7LO,success,13018,387.0,206.0
B002FU5QMK,success,25527,496.0,382.0
B002HEWA28,success,30833,469.0,288.0
B002GP7ZT6,success,19207,262.0,468.0
B002IKLJU0,success,15220,275.0,218.0
B002HWRJBM,success,21571,381.0,452.0
B002HZJ1T2,success,12543,212.0,497.0
B002IKLJV4,success,39788,500.0,375.0
B002IVVD8C,success,21315,434.0,322.0
B002IT5DIU,success,16372,217.0,384.0
B002IKLJVE,success,32993,354.0,375.0
B002J9G60S,success,15533,245.0,452.0
B002JM1XWQ,success,27415,264.0,489.0
B002KKCNHG,success,17994,449.0,248.0
B002JM1V6O,success,17061,217.0,389.0
B002J9HCV0,success,29281,401.0,467.0
B002JCSG2Q,success,16200,500.0,208.0
B002K315C2,success,17220,468.0,331.0
B002KQ5KVG,success,43792,479.0,394.0
B002LITT3S,success,17132,250.0,211.0
B002LARVYK,success,23811,421.0,315.0
B002LITT42,success,27140,473.0,332.0
B002LB42NM,success,22271,443.0,193.0
B002LITT3I,success,36238,462.0,444.0
B002KOME7G,success,28194,498.0,234.0
B002LITT56,success,37558,474.0,339.0
B002MMY4WY,success,32376,444.0,240.0
B002LK2F2I,success,21217,474.0,300.0
B002MRMCKU,success,27809,345.0,500.0
B002MPPRPO,success,14421,456.0,228.0
B002MT6SDU,success,14825,424.0,317.0
B002MCZF2C,success,7188,210.0,156.0
B002MUYP3E,success,36212,471.0,335.0
B002M78JA2,success,16021,479.0,315.0
B002NP8XJ0,success,27436,500.0,208.0
B002NEG0VO,success,32997,405.0,500.0
B002O0L0GC,success,23772,420.0,451.0
B002OGMNT4,success,19196,462.0,351.0
B002OAVQJ8,success,14545,464.0,199.0
B002OEBTC8,success,24179,364.0,361.0
B002NEGTTM,success,46740,412.0,498.0
B002OGODA6,success,26633,382.0,473.0
B002OL2PLU,success,27852,435.0,249.0
B002OHDGSA,success,18839,329.0,400.0
B002ONSZPI,success,30973,491.0,491.0
B002OOWC3I,success,19955,500.0,308.0
B002OOWCA6,success,12592,398.0,306.0
B002PAR1L4,success,18030,261.0,466.0
B002PAR1FK,success,16559,492.0,195.0
B002OOWC4C,success,12976,434.0,269.0
B002PHM0V8,success,22232,353.0,490.0
B002PONXAI,success,32905,413.0,498.0
B002PY7P2K,success,19903,432.0,467.0
B002Q88CGI,success,15136,411.0,308.0
B002QUZM0U,success,25107,476.0,384.0
B002OOWC42,success,12248,383.0,252.0
B002QFOKOO,success,30190,484.0,271.0
B002R5BEYC,success,12704,202.0,425.0
B002R0JJYO,success,11964,232.0,187.0
B002RMPHMU,success,26197,499.0,383.0
B002RV01LI,success,17346,416.0,224.0
B002TLTH7K,success,8624,277.0,494.0
B002TLT10S,success,23726,310.0,415.0
B002SQK2F2,success,20272,437.0,484.0
B002VKMO0G,success,25874,495.0,297.0
B002U1N84C,success,16148,475.0,452.0
B002V3C4F8,success,37268,500.0,282.0
B002UXQT2S,success,19875,344.0,405.0
B002W1WHGU,success,25947,357.0,454.0
B002W4M0DW,success,9248,424.0,147.0
B002WSPAKI,success,29435,395.0,354.0
B002VSM7LE,success,54870,478.0,461.0
B002XN7C6W,success,21216,375.0,459.0
B002Y6CJJ8,success,20489,372.0,448.0
B002YOENAS,success,12437,231.0,281.0
B002ZY4F1E,success,6906,218.0,175.0
B002ZIN9DU,success,12907,346.0,318.0
B0030BG8ZC,success,24256,364.0,361.0
B0030GGS3O,success,17441,205.0,468.0
B0031RGGFM,success,33178,454.0,406.0
B00302RQPW,success,14089,420.0,175.0
B00325ME7W,success,9366,307.0,276.0
B00322OOXM,success,12339,250.0,132.0
B00302DNZ4,success,25167,457.0,457.0
B0032UWTQI,success,26071,436.0,314.0
B0032JRRWK,success,25637,482.0,318.0
B0032Z73B4,success,16140,242.0,478.0
B00328HR76,success,27191,424.0,271.0
B0033PROLW,success,13663,280.0,384.0
B0033VKKB2,success,28912,423.0,255.0
B0034G4YW2,success,18363,343.0,490.0
B0034L3G8U,success,17705,339.0,322.0
B0034XFG86,success,35357,441.0,329.0
B0034XRDUA,success,23133,422.0,403.0
B0033PROOY,success,33376,408.0,500.0
B00352LQYO,success,40427,486.0,483.0
B002WLHPNK,success,14315,310.0,224.0
B00359FIMI,success,32053,251.0,429.0
B0035JD0DW,success,23651,392.0,278.0
B0035LBRM6,success,27350,330.0,384.0
B0035LBRMQ,success,24755,281.0,438.0
B0035WTVZA,success,18844,374.0,269.0
B0035MDZKM,success,13339,355.0,386.0
B0035JJOLE,success,10164,331.0,266.0
B0035ZF0TI,success,10688,447.0,159.0
B0035FZ13I,success,17797,492.0,227.0
B0035JEL6C,success,17439,438.0,274.0
B0036CGZEE,success,26445,450.0,423.0
B0036E8V08,success,36351,467.0,349.0
B003626T6S,success,35374,500.0,329.0
B0036ECGS6,success,27374,492.0,202.0
B0036VO6IC,success,43083,467.0,239.0
B0036VO2B8,success,23603,443.0,464.0
B0036Z82PQ,success,20577,308.0,500.0
B00365F6LE,success,13383,377.0,497.0
B00375MWE2,success,20382,269.0,433.0
B0037FS8WM,success,29717,467.0,486.0
B0037KM0X0,success,38207,494.0,385.0
B0037LQY7M,success,17675,477.0,333.0
B0038KLDPA,success,36020,357.0,500.0
B0038M3YM8,success,22133,445.0,204.0
B0036WTWX0,success,25972,432.0,298.0
B0037Z1FRM,success,9868,400.0,415.0
B0037Z4MCM,success,17365,434.0,411.0
B0038W0K20,success,17210,458.0,458.0
B0039825JE,success,19085,402.0,286.0
B0039648BO,success,10949,422.0,272.0
B0039NM530,success,24836,464.0,360.0
B0039O9LCM,success,41532,467.0,251.0
B003AIL2F6,success,22922,500.0,496.0
B0039NM52Q,success,33059,456.0,346.0
B00395WIXA,success,34551,500.0,310.0
B0038YWLCA,success,16648,223.0,349.0
B003B4BBFK,success,13674,407.0,285.0
B003BT6BL4,success,12976,325.0,425.0
B003BT6BM8,success,17161,324.0,465.0
B003COZM2C,success,10318,200.0,138.0
B003CJTR8M,success,24852,486.0,395.0
B003DKL55S,success,13351,342.0,446.0
B003DKL57G,success,29551,489.0,421.0
B003BYRGKY,success,30256,464.0,468.0
B003DQ1DCM,success,24649,452.0,500.0
B003FMUL7M,success,13723,371.0,321.0
B003EYVEWW,success,26720,500.0,367.0
B003FWHTTA,success,21468,464.0,333.0
B003FP7OYM,success,34736,500.0,391.0
B003GBRXKU,success,33307,477.0,374.0
B003GVGX0Q,success,19313,472.0,184.0
B003GXFNEQ,success,11686,234.0,491.0
B003GXFNC8,success,30317,498.0,443.0
B003H3HLEU,success,17240,422.0,130.0
B003HGHR82,success,23995,284.0,463.0
B003GXFNVO,success,23981,417.0,500.0
B003HC2FHE,success,17432,305.0,479.0
B003GU0ZXI,success,25072,475.0,232.0
B003HNS6S0,success,24898,490.0,374.0
B003I4FF2I,success,50580,470.0,472.0
B003GXFNYQ,success,21137,435.0,498.0
B003JTHMRS,success,27458,468.0,153.0
B003I4FHNK,success,23434,446.0,480.0
B003LL3CKK,success,28330,392.0,397.0
B003JZCE7A,success,21608,448.0,403.0
B003I4FF1O,success,26431,455.0,461.0
B003LL3CL4,success,28319,393.0,400.0
B003LVZO88,success,14404,386.0,304.0
B003LL3CLY,success,26813,359.0,388.0
B003LVZO8I,success,16000,441.0,384.0
B003LRN53I,success,27145,390.0,497.0
B003LVZO92,success,20829,456.0,336.0
B003LYKX0E,success,13911,423.0,490.0
B003M2YT96,success,21139,445.0,375.0
B003MPOLX2,success,59156,500.0,422.0
B003M8HWDA,success,17173,263.0,296.0
B003M567V6,success,21746,488.0,227.0
B003N3HFI6,success,35967,499.0,248.0
B003M4XGI4,success,17643,500.0,187.0
B003N3JFWU,success,8939,247.0,227.0
B003N9PJDI,success,10293,466.0,243.0
B003NSBM4Y,success,33041,464.0,281.0
B003OE30KQ,success,21170,343.0,500.0
B003NTZFLO,success,54667,352.0,455.0
B003NE5K50,success,16802,420.0,284.0
B003OSPCJO,too_small,3121,36.0,500.0
B003NR57BY,success,25208,346.0,467.0
B003NRHAH8,success,35102,333.0,449.0
B003SQEAY0,success,20472,412.0,499.0
B003PBZNF8,success,13645,272.0,421.0
B003OX1LEO,success,24828,384.0,488.0
B003PL0AME,success,35936,500.0,334.0
B003N7P6TC,success,9934,411.0,308.0
B003SWLRLS,success,20023,415.0,404.0
B003UE52ME,success,20635,406.0,217.0
B003U8Q7TC,success,40819,450.0,362.0
B003U7KXI4,success,20561,500.0,433.0
B003TG75EG,success,23035,437.0,436.0
B003UOMWOK,success,42293,500.0,500.0
B003UT2C4U,success,18055,391.0,281.0
B003UT6C9G,success,16611,500.0,343.0
B003VAGXZC,success,22816,468.0,210.0
B003UVCSZ6,success,9934,411.0,308.0
B003VAK1I2,success,9989,436.0,181.0
B003UYU16G,success,13951,429.0,264.0
B003VAHYXW,success,28573,436.0,237.0
B003TFEHYI,success,24286,330.0,286.0
B003VAM36K,success,23974,478.0,189.0
B003VIWK0G,success,18915,454.0,498.0
B003VANO7C,success,22806,480.0,178.0
B003VYB1KK,success,31852,453.0,298.0
B003VNKKRG,success,12738,284.0,391.0
B003VWW3Q8,success,26836,491.0,421.0
B003WPTBAK,too_small,3824,61.0,466.0
B003VAHYNC,success,22164,488.0,193.0
B003WQAIJC,success,29688,500.0,283.0
B003WQAIII,success,34639,500.0,366.0
B003XDU8OO,success,15721,317.0,339.0
B003WV8PKG,success,48255,500.0,375.0
B003XIJ2ZK,success,13138,254.0,451.0
B003X1BEKI,success,16197,263.0,455.0
B003YGVDDU,success,29945,463.0,293.0
B003YKG2WS,success,18375,445.0,462.0
B003YKG2XM,success,11967,370.0,257.0
B003YKG2YQ,success,22264,473.0,500.0
B003Z4G3I6,success,21184,495.0,309.0
B003ZSHNGS,success,31835,500.0,320.0
B003Z4YLAI,success,16205,495.0,453.0
B003Z6QH44,success,9473,239.0,447.0
B003ZHV70M,success,23031,442.0,245.0
B0040LG96O,success,32256,452.0,360.0
B0040LRI96,success,19717,368.0,389.0
B00408GUNY,success,31218,237.0,489.0
B0040X4PUE,success,24606,500.0,337.0
B0040X3EG0,success,8345,464.0,142.0
B0040X4OZU,success,27013,371.0,311.0
B00413PHDM,success,32053,429.0,341.0
B0040X4PV8,success,33348,494.0,446.0
B00413PHEQ,success,35255,499.0,485.0
B00413XA3G,success,15698,315.0,428.0
B00414LBJK,success,18789,439.0,377.0
B0041LXANI,success,15724,297.0,449.0
B0041QBAIA,success,34093,409.0,357.0
B00426D9KQ,success,28131,442.0,394.0
B0041RSPR8,success,43727,500.0,437.0
B0041Q9PZ0,success,43564,440.0,488.0
B0041A5OGA,success,31972,448.0,295.0
B00422SH5C,success,19210,494.0,347.0
B00427ZLRO,success,29194,471.0,311.0
B00428N9OK,success,15997,367.0,291.0
B0042F3K9W,success,44660,486.0,418.0
B0042X8NT6,success,11853,186.0,271.0
B0042A68R8,success,14619,210.0,377.0
B0042FZA1S,success,13100,175.0,379.0
B0042UINC6,success,16551,466.0,319.0
B0042X8PB2,success,15079,376.0,500.0
B0042X9LCO,success,30863,460.0,362.0
B0043M668G,success,30401,492.0,270.0
B0042X8XJ6,success,13864,344.0,493.0
B0043PIZYG,success,32534,461.0,500.0
B0043M9ATS,success,15999,371.0,461.0
B0043EV20Q,success,14272,335.0,371.0
B0042GFYLI,success,26342,431.0,284.0
B0043TB7OC,success,43083,467.0,239.0
B0043TV8QO,success,31190,463.0,436.0
B0043RTLA6,success,21476,227.0,355.0
B0043T34RK,success,33389,454.0,334.0
B0043T7FXE,success,17391,359.0,402.0
B0043VE28I,success,21774,494.0,312.0
B0043RS864,success,48471,494.0,413.0
B0043VE28S,success,21267,237.0,439.0
B004477D0A,success,20608,323.0,446.0
B0044BBORE,success,15619,249.0,446.0
B004477OAY,success,20485,450.0,436.0
B0044XUD1K,success,26483,400.0,398.0
B00442ZRIU,success,21234,475.0,232.0
B0044D1788,success,10611,282.0,123.0
B00440D7W0,success,42505,449.0,452.0
B0044XVA5I,success,10846,184.0,493.0
B0043VE29C,success,41067,380.0,499.0
B0046TBIEI,success,20116,456.0,241.0
B0046EDBI4,success,16205,400.0,229.0
B0045FM6SU,success,29116,500.0,337.0
B0045NCB32,success,16474,297.0,299.0
B0046TAIUI,success,20249,500.0,292.0
B0046TML4E,success,14402,497.0,296.0
B0046W5EQI,success,17153,421.0,342.0
B0047FHEMG,success,25278,382.0,500.0
B0047Q9GT4,success,47767,500.0,375.0
B00451BQIU,success,12135,215.0,451.0
B0049H89F8,success,30053,383.0,321.0
B0047FJDXE,success,27460,466.0,500.0
B0049U407Q,success,27758,433.0,349.0
B0047Y1HMK,success,27530,419.0,319.0
B0049Y2PIS,success,12383,500.0,281.0
B0047FCQL0,success,25278,382.0,500.0
B004ASY5ZY,success,11953,326.0,311.0
B004BHCSQC,success,15366,469.0,297.0
B004ABQAFO,success,19426,364.0,373.0
B004BW74DO,success,17647,379.0,485.0
B004A8ZQIO,success,12709,307.0,188.0
B004CFB63E,success,29510,466.0,310.0
B004CYKEBK,success,28737,342.0,375.0
B004DEPOA0,success,11001,364.0,381.0
B004CFF6ZI,success,28931,347.0,474.0
B004CN91Q0,success,16797,265.0,359.0
B004DI7CWE,success,11780,500.0,206.0
B004D37V7A,success,26228,461.0,500.0
B004DER1O2,success,22177,406.0,256.0
B004DI7DGO,success,23368,496.0,374.0
B0047Y0JC4,success,15439,225.0,454.0
B004DUN22G,success,14157,250.0,168.0
B004DJTQEU,success,22959,276.0,428.0
B004E4M7QI,success,21271,283.0,500.0
B004E0ZLZQ,success,21777,488.0,347.0
B004EHZR0S,success,11373,328.0,196.0
B004EPV7TK,success,25479,476.0,406.0
B004FG793G,success,60162,375.0,500.0
B004FV67XO,success,12270,213.0,500.0
B004FLJ4YI,success,13204,261.0,442.0
B004G8QO5C,success,18052,449.0,352.0
B004EBUMGI,success,9660,242.0,436.0
B004G09BE6,success,22650,443.0,488.0
B004G8QO8O,success,15255,385.0,372.0
B004GB1FUS,success,22872,458.0,282.0
B004GCPJDQ,success,14142,496.0,256.0
B004GEAMFY,success,18164,413.0,238.0
B004GKLW84,success,14360,324.0,355.0
B004GEAMGI,success,21093,381.0,240.0
B004GTN6R0,success,13905,260.0,208.0
B004GTN6XO,success,28399,430.0,259.0
B004GTN75G,success,17700,412.0,261.0
B004GUU7H6,success,24299,403.0,263.0
B004GB1FV2,success,32210,474.0,336.0
B004GUU7JY,success,23483,457.0,264.0
B004H0MQYW,success,31149,500.0,375.0
B004H1MCKY,success,47521,375.0,500.0
B004H8FN8A,success,25913,463.0,271.0
B004GUU7I0,success,19004,406.0,294.0
B004H8FNCG,success,9762,220.0,426.0
B004GTN8UK,success,23690,398.0,281.0
B004H8FNBC,success,11210,196.0,430.0
B004H8FNCQ,success,14452,220.0,424.0
B004H8FNJ4,success,24001,426.0,258.0
B004HD4L2E,success,26255,311.0,500.0
B004H8FND0,success,21975,381.0,274.0
B004HIN8N2,success,19869,454.0,352.0
B004HO58KC,success,41999,500.0,304.0
B004HKIIFI,success,21658,477.0,331.0
B004HO58M0,success,28070,500.0,311.0
B004HO58OI,success,51889,500.0,455.0
B004HO58NO,success,38850,500.0,354.0
B004HW7DZM,success,9843,250.0,123.0
B004HW7KF0,success,11933,287.0,187.0
B004HW7KC8,success,14114,294.0,185.0
B004I1J864,success,19993,375.0,286.0
B004HYFX0C,success,22470,406.0,251.0
B004HVW0ZQ,success,25526,481.0,223.0
B004HO59LK,success,27407,453.0,312.0
B004I1KJ6C,success,10530,187.0,444.0
B004I1KJ8U,success,24818,231.0,447.0
B004I4RW8C,success,41149,428.0,461.0
B004IJZNHO,success,17641,469.0,355.0
B004IKAPOO,success,16297,254.0,432.0
B004IK2EAW,success,13662,238.0,396.0
B004J3Y9U6,success,29798,408.0,372.0
B004IZN3WU,success,20745,500.0,231.0
B004JU0E08,success,14015,235.0,344.0
B004JO16KG,success,21906,468.0,163.0
B004JQQDZ2,success,22909,496.0,240.0
B004JU0E3A,success,14304,422.0,431.0
B004JU0E8U,success,20657,307.0,489.0
B004K5AZAQ,success,29986,494.0,280.0
B004K1EDG2,success,15970,482.0,203.0
B004J6BIJ8,success,32829,397.0,310.0
B004L9M0AO,success,7548,473.0,87.0
B004KPLA9Q,success,24975,379.0,495.0
B004KN42AM,success,25791,484.0,379.0
B004LB5ARW,success,38774,494.0,456.0
B004LLQ47M,success,31564,492.0,284.0
B004LRPXAU,success,30473,404.0,422.0
B004LU1CA2,success,30795,440.0,460.0
B004M13GA4,success,31119,326.0,483.0
B004M5IUHY,success,15623,400.0,341.0
B004M8RWDE,success,15940,318.0,424.0
B004M8SAJ4,success,19307,368.0,500.0
B004M5IUFG,success,18964,439.0,362.0
B004KSQANO,success,25094,491.0,241.0
B004M8ST5Y,success,18629,337.0,479.0
B004MF11MU,success,21450,461.0,271.0
B004MCJBJI,success,17026,282.0,484.0
B004M8SVGG,success,19642,449.0,258.0
B004MEWZE4,success,23873,405.0,314.0
B004MF7A02,success,11027,457.0,241.0
B004MKNKQA,success,9639,86.0,485.0
B004OAFO0I,success,11515,217.0,456.0
B004NNUN02,success,20804,303.0,395.0
B004N7146U,success,20631,498.0,194.0
B004OBYWD2,success,16290,264.0,395.0
B004OBZ088,success,9126,266.0,146.0
B004OBZ0GU,success,12698,259.0,394.0
B004QC6VAG,success,17165,294.0,499.0
B004P1IU52,success,26056,420.0,388.0
B004P7O26W,success,17547,356.0,500.0
B004PGMFG2,success,37909,496.0,403.0
B004P1IU5C,success,19112,381.0,415.0
B004QWOSLK,success,15366,469.0,297.0
B004QC6VBK,success,12177,140.0,500.0
B004QKUISO,success,54870,478.0,461.0
B004RBX0GO,success,31483,473.0,499.0
B004R1PWCO,success,12015,239.0,436.0
B004RCUUT8,success,23662,261.0,481.0
B004RJFTKG,success,23148,457.0,184.0
B004NEUKUO,success,14688,500.0,281.0
B004RCHX0W,success,24005,500.0,489.0
B004RIQA28,success,18030,369.0,230.0
B004S7Q8CA,success,19307,368.0,500.0
B004P15HD0,success,14635,193.0,337.0
B004QPCLC0,success,50990,483.0,406.0
B004SBI2PW,success,17238,439.0,301.0
B004SNCZ3K,success,15027,500.0,332.0
B004ROGUMC,success,11388,355.0,335.0
B004SUO5QS,success,9749,205.0,191.0
B004SUO1QM,success,19999,486.0,173.0
B004SUIMGW,success,25729,464.0,212.0
B004SUILFO,success,24115,469.0,217.0
B004TJ6MGY,success,25772,450.0,284.0
B004TJ6N18,success,22217,448.0,266.0
B004T39GDQ,success,16715,342.0,206.0
B004TJ6N6I,success,32062,449.0,315.0
B004TJ6MXW,success,23010,449.0,272.0
B004TJ6MOG,success,27924,448.0,282.0
B004ULOZPQ,success,19920,500.0,255.0
B004TS2AOS,success,35586,451.0,335.0
B004URBZ4O,success,17432,467.0,224.0
B004TMAILQ,success,13705,335.0,271.0
B004VEJYEO,success,8294,89.0,427.0
B004VM1T5S,success,14971,495.0,395.0
B004VEOO2G,success,6556,104.0,420.0
B004VVLZN0,success,22929,451.0,176.0
B004V93U26,success,30300,471.0,238.0
B004V97MXE,success,35760,318.0,457.0
B004WM36WG,success,22324,354.0,493.0
B004W67CQS,success,12739,416.0,350.0
B004W81AM8,success,17304,406.0,211.0
B004WMDNS8,success,18830,369.0,466.0
B004WMDNLU,success,12377,355.0,335.0
B004X28I0A,success,14696,446.0,292.0
B004XQWGHW,success,21246,439.0,234.0
B004Y4XVOK,success,25276,352.0,459.0
B004XZL980,success,32599,472.0,340.0
B004YZZPZW,success,14091,250.0,202.0
B004YZZQ3I,success,33120,498.0,358.0
B004XASKIM,success,36179,444.0,355.0
B004Z57XPQ,success,18311,475.0,290.0
B004Z50AZ6,success,34009,420.0,364.0
B004Z57WDO,success,19701,416.0,329.0
B004ZEZB88,success,22321,490.0,474.0
B004ZGN6MY,success,24658,416.0,500.0
B004ZEZB92,success,42459,490.0,475.0
B004ZEZB74,success,28316,440.0,431.0
B004ZKXXAK,success,31680,467.0,194.0
B004YZZQ2O,success,29628,498.0,364.0
B004ZKXXAU,success,27156,466.0,194.0
B004KKGF1O,success,33520,430.0,345.0
B004ZLV1IA,success,13960,333.0,298.0
B004ZMC7DW,success,23848,412.0,500.0
B00501T8XY,success,19264,500.0,158.0
B004TJ6N90,success,35355,449.0,330.0
B004ZLUZGY,success,20044,427.0,383.0
B00502W88U,success,24628,457.0,500.0
B00507ALBG,success,12433,467.0,246.0
B00502W85I,success,18078,428.0,500.0
B0050IE1O8,success,17520,443.0,335.0
B0050PUGZE,success,24219,167.0,472.0
B00519UZM8,success,18821,360.0,444.0
B0050Q00RC,success,10608,440.0,216.0
B00519TSG2,success,17557,360.0,444.0
B0051OKCHG,success,37210,375.0,387.0
B0051PGX2I,success,34761,475.0,474.0
B0051T3KMA,success,17440,500.0,158.0
B0052L6RR2,success,19627,495.0,399.0
B0051OKO42,success,30678,489.0,360.0
B00524U0WW,success,8176,175.0,363.0
B0052L6RRM,success,19301,267.0,409.0
B0053DDNW6,success,22890,296.0,487.0
B0052Z9HZ2,success,43208,497.0,493.0
B0053RJ3F8,success,27735,281.0,450.0
B0053Y9WVG,success,22225,405.0,217.0
B0053R0WWG,success,11709,269.0,441.0
B0053YKE72,success,25071,497.0,420.0
B00548QAPC,success,23539,447.0,285.0
B0051QZEHC,success,15574,500.0,279.0
B0054JE70G,success,42529,475.0,316.0
B0054I54JU,success,20510,342.0,282.0
B0054K5DF8,success,33193,464.0,352.0
B0054L8N7M,success,22951,491.0,324.0
B0054JGGGY,success,13970,461.0,234.0
B0054L8MR8,success,21309,471.0,310.0
B0054QNL38,success,20881,500.0,254.0
B0054JJ0QW,success,19897,440.0,309.0
B00551931Q,success,8337,250.0,90.0
B00552K0GM,success,10076,209.0,332.0
B0055D66V4,success,11818,285.0,494.0
B00554RIB0,success,22203,409.0,275.0
B0055AVQPI,success,20547,316.0,496.0
B0054L0MXA,success,23867,478.0,348.0
B00556O4YC,success,17566,262.0,413.0
B005586PT2,success,13397,468.0,195.0
B0055D67HW,success,36884,412.0,500.0
B0055QYJK6,success,14113,381.0,158.0
B0055P4WJ0,success,16589,500.0,374.0
B0056C4WN8,success,10878,192.0,453.0
B0056C4VRK,success,9784,264.0,464.0
B0056BPUQC,success,18449,454.0,220.0
B0057KL2AU,success,29595,477.0,462.0
B0058D8D3K,success,13480,221.0,356.0
B0058NYVXG,success,17860,259.0,422.0
B00563AX30,success,10813,433.0,313.0
B0057WWK5E,success,18008,386.0,500.0
B0057UNJ42,success,24459,493.0,243.0
B0058D8D94,success,7552,458.0,128.0
B005A0B3MO,success,14431,500.0,267.0
B005A0B3FG,success,10912,500.0,113.0
B005A0B49Q,success,7096,456.0,68.0
B005A0B4B4,success,8393,490.0,76.0
B0055QZ216,success,17225,460.0,406.0
B005B9G79I,success,23290,464.0,284.0
B0059NF3PU,success,35292,499.0,492.0
B005BON4K8,success,20855,311.0,361.0
B005BZNDHQ,success,33661,449.0,342.0
B005BOWIQO,success,23410,418.0,295.0
B005C32NMS,success,16315,306.0,386.0
B005BZNDS0,success,31773,445.0,337.0
B005C2A34E,success,23614,473.0,494.0
B005CNR7B0,success,20747,335.0,492.0
B005C9G2P6,success,16836,326.0,500.0
B005CRKX3K,success,17066,430.0,489.0
B005CSZ4M4,success,12800,409.0,246.0
B005D91G38,success,35581,493.0,302.0
B005CWJB5G,success,17543,349.0,209.0
B005BZNE2U,success,38174,442.0,393.0
B005DKZSTU,success,35244,448.0,391.0
B005DLDO4U,success,7208,395.0,83.0
B005DSPLDA,success,34042,485.0,476.0
B005E8MVV4,success,8873,446.0,116.0
B005DUX5CM,success,14133,433.0,217.0
B005E2YFT6,success,13838,445.0,329.0
B005EIVKLQ,success,16209,436.0,334.0
B005DMFDKW,success,30214,458.0,210.0
B005FLG3OQ,success,24372,500.0,280.0
B005FNH9RE,success,24177,393.0,303.0
B005FVNHBI,success,26011,492.0,481.0
B005FVDTAW,success,20230,342.0,499.0
B005F25IL4,success,25718,448.0,329.0
B005G5Y9WY,success,24525,488.0,199.0
B005FE72Q6,success,77383,498.0,489.0
B005GTAHLM,success,24238,459.0,279.0
B005GINKRQ,success,26227,480.0,218.0
B005GMWNY8,success,16056,267.0,500.0
B005GTAHP8,success,16638,237.0,478.0
B005GB31PE,success,40404,494.0,449.0
B005HGBF9W,success,12133,421.0,307.0
B005HGBEZ2,success,10092,350.0,274.0
B005HGBEYS,success,9274,354.0,273.0
B005HGILN0,success,32318,432.0,307.0
B005HGILP8,success,25894,392.0,277.0
B005HKIDF2,success,17408,464.0,345.0
B005HQ514C,success,30672,485.0,476.0
B005HMBQR2,success,44679,491.0,495.0
B005HQ50SO,success,29688,479.0,378.0
B005HTHXCW,success,26495,492.0,299.0
B005HQ5138,success,26355,485.0,476.0
B005HU0LX4,success,26552,487.0,228.0
B005HTHX22,success,12329,287.0,187.0
B005HUH88K,success,25709,278.0,489.0
B005HY4TXS,success,11013,466.0,158.0
B005HY4UG4,success,40641,496.0,338.0
B005HY4UIW,success,14347,323.0,432.0
B005IHAI8O,success,17438,363.0,265.0
B005I6DVC0,success,24748,418.0,415.0
B005IHAICK,success,27570,424.0,303.0
B005IVUWHW,too_small,3574,432.0,56.0
B005INJ4ZG,success,43260,364.0,458.0
B005IY2OD4,success,15873,294.0,216.0
B005I2VWCU,success,25325,500.0,333.0
B005IHAIDO,success,43642,493.0,365.0
B005JDOZNG,success,24789,469.0,222.0
B005JQZT24,success,30642,440.0,253.0
B005JQZUEG,success,20133,426.0,229.0
B005JXADSW,success,8587,138.0,367.0
B005K86CI6,success,13384,315.0,445.0
B005KBB79C,success,46269,500.0,288.0
B005JT4E8Q,success,37932,485.0,355.0
B005JQZT7E,success,20996,439.0,253.0
B005KJMTXM,success,7566,375.0,146.0
B005KKMFOE,success,13584,445.0,213.0
B005KLTM94,success,27675,500.0,333.0
B005KQ2O26,success,39294,472.0,247.0
B005L2NTTQ,success,42219,442.0,500.0
B005L38VRU,success,20431,457.0,320.0
B005L96E4G,success,18567,448.0,215.0
B005LKB0IU,success,19460,439.0,242.0
B005LN1JEC,success,54425,500.0,500.0
B005LZX81W,success,38089,491.0,307.0
B005LZX86W,success,55125,440.0,500.0
B005LW580O,success,29352,456.0,356.0
B005LZX7YK,success,41082,494.0,383.0
B005LZX8KI,success,34990,314.0,464.0
B005LZX88A,success,36968,500.0,291.0
B005LZX9LG,success,32734,292.0,412.0
B005M08KMS,success,10541,500.0,332.0
B005M08LGI,success,17173,276.0,497.0
B005M08MJ4,success,18438,461.0,500.0
B005LZX9GG,success,37537,494.0,283.0
B005MHGBX6,success,13823,500.0,179.0
B005M08NM0,success,18565,279.0,458.0
B005M08NE8,success,18992,333.0,493.0
B005MKINUW,success,18091,268.0,300.0
B005MI8NJK,success,18763,500.0,332.0
B0058SRNZ4,success,18677,253.0,431.0
B005MR598O,success,19589,500.0,407.0
B005MQ1B6O,success,11559,495.0,259.0
B005MI8NH2,success,20486,500.0,367.0
B005MR6CMG,success,20660,232.0,469.0
B005MX9P06,success,41821,477.0,361.0
B005MX9OSE,success,37681,380.0,358.0
B005MX9PCO,success,37363,428.0,500.0
B005MX9PMO,success,32962,464.0,362.0
B005N8W1EW,success,14900,224.0,419.0
B005N8W1MO,success,21565,295.0,457.0
B005N8W1Q0,success,22826,292.0,442.0
B005MUHJ4I,success,12312,238.0,211.0
B005N8W1TM,success,37913,337.0,499.0
B005M1KO1C,success,8851,258.0,283.0
B005OB1TU0,success,12314,464.0,288.0
B005OA04XO,success,18434,289.0,500.0
B005N8W27I,success,35009,494.0,384.0
B005OJ4LW0,success,27795,441.0,253.0
B005ONMDYE,success,34152,498.0,259.0
B005OL2ID2,success,27043,422.0,350.0
B005OJ4LR0,success,26533,488.0,322.0
B005OD9D7E,success,21319,453.0,242.0
B005NGQWL2,success,19428,338.0,402.0
B005OFK8EE,success,32351,383.0,367.0
B005P2BY5I,success,24448,495.0,341.0
B005PKZXIO,success,13803,421.0,471.0
B005OJ4N6E,success,22318,290.0,272.0
B005P99KX4,success,6070,448.0,179.0
B005PQ1V20,success,18396,411.0,431.0
B005OW4AZK,success,26098,431.0,500.0
B005QLG34U,success,33445,494.0,336.0
B005QC69FW,success,20599,482.0,248.0
B005QLG4LM,success,41954,423.0,420.0
B005QLG2ZK,success,21677,412.0,237.0
B005PW63SQ,success,17526,306.0,297.0
B005RZY9FK,success,28526,494.0,290.0
B005RUP5TO,success,13912,292.0,453.0
B005SEZR0G,success,47088,450.0,271.0
B005SGIILO,success,24819,453.0,236.0
B005SNPTSM,success,14734,208.0,426.0
B005S0LWUO,success,37169,500.0,315.0
B005Q0WDZE,success,37805,490.0,333.0
B005TDQEO4,success,10917,250.0,421.0
B005SY32Q2,success,27965,497.0,366.0
B005T4HT24,success,15778,264.0,466.0
B005TGKX9S,success,24128,486.0,288.0
B005TF55R4,success,27725,464.0,322.0
B005TF552Y,success,26800,447.0,358.0
B005TF51GO,success,14430,295.0,188.0
B005TF53A8,success,39618,489.0,428.0
B005TTAVOW,success,44469,500.0,336.0
B005UA65YK,success,14795,328.0,425.0
B005TSWYF2,success,55619,500.0,372.0
B005UP82KU,success,20961,465.0,245.0
B005UVRYFS,success,23496,395.0,258.0
B005UA65YA,success,15997,380.0,275.0
B005VAEKCS,success,30729,448.0,341.0
B005UBT7LW,success,25035,319.0,497.0
B005XPFYBM,success,19495,403.0,426.0
B005XI09RS,success,21096,446.0,483.0
B005Y37HRM,success,9571,257.0,478.0
B005Z3GINK,success,28008,478.0,458.0
B005ZDLD6M,success,13500,237.0,442.0
B005ZDLEHK,success,10061,234.0,391.0
B005ZDLDOY,success,22026,412.0,471.0
B005Z5LY1Y,success,24760,287.0,434.0
B005ZLOW8K,success,20329,474.0,285.0
B005ZNHOW4,success,17230,495.0,438.0
B00604YTFM,success,30248,474.0,301.0
B0060RBZA6,success,16594,456.0,499.0
B0060EKFYG,success,11738,238.0,480.0
B006291K7A,success,16379,420.0,183.0
B0060RD32E,success,30260,499.0,434.0
B0063BM5NK,success,20191,395.0,315.0
B0063NU3AA,success,17418,497.0,479.0
B0063NU30K,success,17358,492.0,487.0
B0060BBD40,success,16444,261.0,330.0
B0064I7DI4,success,24761,494.0,319.0
B0064I7EQK,success,27444,479.0,473.0
B00646KQOY,success,20815,443.0,337.0
B0064I7GH2,success,45927,430.0,480.0
B0064I7J2E,success,34726,372.0,497.0
B0064I7J60,success,22646,494.0,243.0
B0064I7M7Q,success,14547,256.0,408.0
B0064I7NC0,success,27553,493.0,369.0
B0064I7I20,success,31506,494.0,284.0
B0064I7MU8,success,17755,495.0,262.0
B0064I7KAA,success,15818,435.0,213.0
B0064I7NSE,success,6282,241.0,96.0
B0064I7INO,success,27750,495.0,286.0
B0065VKQ34,success,22826,292.0,442.0
B0067W0T38,success,10955,204.0,148.0
B0067MK1TU,success,20672,426.0,382.0
B0067XX3AI,success,37416,486.0,398.0
B0064URNJ6,success,51737,371.0,492.0
B0064I7O2O,success,26759,352.0,440.0
B0068N658Y,success,17853,404.0,453.0
B0067XXRZO,success,25063,447.0,486.0
B00669L3HS,success,16131,493.0,480.0
B006AF5400,success,27032,441.0,300.0
B006B9GRM4,success,12795,362.0,203.0
B0068WCPE8,success,36228,488.0,462.0
B006C1IL6G,success,19618,269.0,415.0
B006C1ILUC,success,14205,407.0,277.0
B006C1IMBK,success,18929,283.0,479.0
B006C1IM2E,success,35451,386.0,500.0
B006C1IMK6,success,21940,319.0,338.0
B006CBKN6W,success,14902,464.0,500.0
B006CFU61U,success,29323,472.0,273.0
B006GTDQ7S,success,20199,493.0,330.0
B006GY3MY0,success,31608,496.0,371.0
B006GY3MKE,success,33581,496.0,343.0
B006HIKIG0,success,27606,412.0,362.0
B006HUMTZG,success,17868,344.0,453.0
B006HUMTXI,success,20077,345.0,455.0
B006IF7S92,success,13887,390.0,476.0
B006CVF1P0,success,15475,500.0,500.0
B006I1KQQI,success,13600,385.0,390.0
B006IMI63W,success,23619,341.0,389.0
B006JC5BYI,success,15720,345.0,439.0
B006JH8T3S,success,22905,347.0,384.0
B006JKS14C,success,23301,483.0,304.0
B006K551HQ,success,25520,448.0,243.0
B006K551LM,success,21271,230.0,470.0
B006K55662,success,26992,294.0,494.0
B006C248BC,success,19578,308.0,453.0
B006K556FI,success,14030,336.0,500.0
B006K550J0,success,16531,448.0,274.0
B006MAMWWG,success,10763,368.0,197.0
B006MCDUZM,success,20957,339.0,464.0
B006MBP7T0,success,18258,288.0,490.0
B006MB7MN4,success,11079,389.0,169.0
B006K551TO,success,33113,456.0,330.0
B006MX0WPW,success,22028,477.0,344.0
B006O711V0,success,39893,500.0,443.0
B006P1811S,success,26366,421.0,412.0
B006P191F8,success,7481,201.0,241.0
B006P2594Y,success,18639,473.0,457.0
B006T7QWGO,success,41651,442.0,432.0
B006UCY73I,success,35074,500.0,303.0
B006T7QZ02,success,43226,500.0,366.0
B006UIACYK,success,26520,482.0,173.0
B006UMM2BW,success,30365,390.0,278.0
B006UMMPGE,success,18375,357.0,219.0
B006WHPQCC,success,18287,409.0,463.0
B006T7QRN2,success,60186,500.0,394.0
B006W494ZA,success,40689,435.0,293.0
B006WHPQE0,success,13549,424.0,452.0
B006UIFTTS,success,12419,261.0,460.0
B006XGCQ2U,success,32262,431.0,291.0
B006Y3IDYC,success,17339,331.0,484.0
B006YTZUA6,success,24100,483.0,200.0
B006ZGLRUU,success,13974,300.0,224.0
B006T9ZKAQ,success,12190,212.0,454.0
B007136D46,success,9298,90.0,491.0
B007136E1S,success,17122,293.0,500.0
B007136EBI,success,12749,215.0,456.0
B006YP41I2,success,49711,500.0,349.0
B006ZGLQWO,success,14813,300.0,201.0
B007136EDG,success,8535,96.0,491.0
B0071AKB38,success,36065,492.0,489.0
B00713DPM4,success,17078,379.0,290.0
B00726185Q,success,20972,331.0,272.0
B006UMMP2I,success,16218,338.0,210.0
B0071BIQZC,success,20017,418.0,464.0
B00728Z9JA,success,12341,285.0,184.0
B00728ZBA2,success,34254,500.0,354.0
B0073CWD1C,success,30142,457.0,272.0
B0071BAU9W,success,37759,500.0,271.0
B0073HSH08,success,24657,464.0,269.0
B0074024XU,success,19504,494.0,180.0
B00745IE1Q,success,16194,277.0,448.0
B0074793JQ,success,32217,500.0,336.0
B0074GVJ2Q,success,20281,446.0,331.0
B007525JJ8,success,17620,294.0,444.0
B007525JNO,success,20613,278.0,435.0
B0074GVID6,success,65226,333.0,494.0
B0075VFJSU,success,14942,324.0,206.0
B0075VFJV2,success,26823,437.0,305.0
B0075VFK5W,success,21402,418.0,254.0
B0075VFJOE,success,42460,500.0,364.0
B0075VFK8E,success,21816,368.0,228.0
B0075VFKI4,success,25549,395.0,276.0
B0075VFKKM,success,22716,427.0,273.0
B0075W8E4A,success,26844,454.0,319.0
B0075W8D7I,success,20889,317.0,493.0
B0076BNKOY,success,56186,457.0,498.0
B0076I44S8,success,16921,336.0,208.0
B0076I42YO,success,34879,500.0,340.0
B0076GEB7O,success,26550,492.0,294.0
B0076I45HI,success,56793,500.0,375.0
B0076Z3F9A,success,17251,292.0,452.0
B007772TTO,success,20082,423.0,320.0
B0076I45ZK,success,21804,368.0,249.0
B0077KWHK2,success,12190,300.0,188.0
B0077KWL1C,success,16566,300.0,204.0
B0077KWLQW,success,14136,300.0,222.0
B0079LE43W,success,24032,500.0,444.0
B0077KWMF2,success,34593,500.0,294.0
B007AHJNF4,success,20328,377.0,394.0
B0077KWL4E,success,15144,300.0,206.0
B007B90ZI0,success,20874,500.0,336.0
B007B61GAO,success,64434,475.0,455.0
B0077KWLYY,success,14001,300.0,189.0
B007BH9BJG,success,13403,500.0,280.0
B007B93YZQ,success,14055,387.0,246.0
B007BJC3F8,success,13550,421.0,252.0
B007BWTOHU,success,16516,440.0,428.0
B007BJC3M6,success,32545,497.0,331.0
B007BTULMU,success,12606,321.0,333.0
B0077M2958,success,32119,493.0,400.0
B007BYLKFW,success,14519,271.0,468.0
B007BJC37G,success,25031,479.0,292.0
B007BZ1092,success,46865,488.0,350.0
B007F5LYVM,success,28645,282.0,471.0
B007E8TWPU,success,29029,493.0,362.0
B007G7CO2C,success,15296,415.0,354.0
B007F7N11Q,success,33665,436.0,436.0
B007GFTS0U,success,31497,492.0,262.0
B007HSKSMI,success,30957,442.0,343.0
B007CVUBDQ,success,18937,350.0,480.0
B007HSOB4O,success,26284,493.0,237.0
B007L4IJPQ,success,18701,413.0,452.0
B007K3SB6K,success,30183,410.0,500.0
B007L5NKZO,success,18771,436.0,324.0
B007MC6WGK,success,15939,500.0,498.0
B007MHFMMU,success,20854,336.0,494.0
B007JCNOHI,success,16966,323.0,259.0
B007OAD6OQ,success,42140,361.0,436.0
B007ORX8ME,success,42112,475.0,375.0
B007P2NLSE,success,17239,477.0,374.0
B007P2NLCU,success,9651,254.0,481.0
B007PJ4PKK,success,30599,421.0,274.0
B007NFI656,success,21964,348.0,404.0
B007P2NLKM,success,23310,328.0,473.0
B007GF9N96,success,23509,289.0,470.0
B007PJ4PLO,success,41421,256.0,469.0
B007PJ4Q4A,success,22963,375.0,478.0
B007PJ4Q40,success,36970,333.0,473.0
B007PZYBTY,success,34706,500.0,354.0
B007PJ4PLY,success,46780,489.0,484.0
B007PJ4Q3Q,success,43706,336.0,474.0
B007PXV2KM,success,33886,494.0,402.0
B007R9RUPU,success,18656,428.0,154.0
B007RG2QNY,success,25061,379.0,365.0
B007S642BW,success,35805,468.0,484.0
B007SP2CO2,success,18104,238.0,366.0
B007QUG3XA,success,19913,497.0,351.0
B007S8S23Y,success,20851,333.0,450.0
B007STRVTY,success,27887,378.0,281.0
B007TLABSY,success,13884,459.0,237.0
B007SQB896,success,17180,373.0,211.0
B007TW93CI,success,19730,294.0,500.0
B007UO51XK,success,13418,300.0,180.0
B007SY4QTW,success,28682,402.0,438.0
B007UNOH0O,success,14038,348.0,396.0
B007VGGIRK,success,26421,307.0,379.0
B007VL90QG,success,21755,461.0,418.0
B007WTHGL8,success,35618,305.0,495.0
B007WEMN2K,success,19515,430.0,300.0
B007T1CTF2,success,31527,484.0,475.0
B007X3VEC0,success,33041,498.0,217.0
B007W02PRM,success,14986,348.0,216.0
B007T1CSFS,success,30765,486.0,477.0
B007XOQI4S,success,12974,419.0,205.0
B007X3VETI,success,21212,500.0,390.0
B007YYUUA0,success,11207,189.0,426.0
B007ZG32I4,success,53315,375.0,500.0
B007XH6Y94,success,20178,282.0,341.0
B007ZKE8UG,success,13033,360.0,444.0
B007ZS3O62,success,14189,412.0,370.0
B007ZSV9XM,success,63945,495.0,496.0
B007ZSYHYU,success,22100,288.0,416.0
B007Y0Z3DI,success,12197,232.0,449.0
B00802O1JQ,success,27734,479.0,430.0
B0080CE5M4,success,13719,403.0,192.0
B0080EBMM8,success,23083,460.0,322.0
B0080S2XJA,success,19987,500.0,240.0
B00814CAS2,success,31772,500.0,283.0
B0081XAXXM,success,22025,464.0,327.0
B0081XCD08,success,25047,462.0,248.0
B00822GICW,success,30542,463.0,185.0
B0081TQ83K,success,21566,477.0,270.0
B00815AB00,success,13593,345.0,362.0
B00829E7XC,success,16909,375.0,500.0
B0082PZ1JU,success,31323,467.0,334.0
B0082PRPIA,success,33860,437.0,358.0
B0082D5660,success,12357,203.0,319.0
B00834SIO0,success,13047,346.0,417.0
B0083PR7N2,success,43825,500.0,339.0
B0083S3NC8,success,31323,467.0,334.0
B00843ERMW,success,36798,500.0,367.0
B00803WNOK,success,23503,382.0,257.0
B0084B1DQ2,success,44070,474.0,400.0
B0084B1ELQ,success,25945,342.0,335.0
B0084KGMEQ,success,13648,470.0,205.0
B0084B1DXU,success,27534,384.0,285.0
B0084Y96FE,success,24264,414.0,297.0
B0084ZYH4I,success,15205,492.0,299.0
B0085H66NU,success,12599,385.0,299.0
B0087AQO3M,success,48192,500.0,218.0
B0085RZPP0,success,24981,481.0,357.0
B0085YTDM4,success,12176,152.0,432.0
B0087FFTT2,success,23189,377.0,457.0
B0087BDWBI,success,16444,352.0,160.0
B0086PTOI0,success,15746,487.0,170.0
B0088L182C,success,10932,313.0,282.0
B00858AB2Q,success,53715,500.0,428.0
B00894YWD0,success,42526,427.0,434.0
B00894YX2U,success,49144,500.0,415.0
B00894YP00,success,43253,500.0,294.0
B0089VGPII,success,12688,432.0,332.0
B008ABKADI,success,12614,224.0,494.0
B00894YYP6,success,43904,500.0,387.0
B008AI3XDA,success,7601,339.0,230.0
B008B14TQ6,success,35150,498.0,395.0
B008C4JA66,success,25010,425.0,284.0
B008CEN02Q,success,38142,499.0,449.0
B008BBNNE0,success,25368,267.0,489.0
B008CPUJAQ,success,23466,494.0,426.0
B008DWH00K,success,23019,442.0,337.0
B008DJTB32,success,18807,399.0,311.0
B008E0U51W,success,10223,350.0,275.0
B008DWITHI,success,33503,459.0,343.0
B008ENQ7F2,success,29717,467.0,486.0
B008EGELMA,success,17435,283.0,500.0
B008EQ1ZAG,success,24637,408.0,473.0
B008F2YEN4,success,41162,489.0,490.0
B008F47X1W,success,15239,341.0,407.0
B008FJXGDQ,success,19360,493.0,295.0
B008G80FIU,success,16274,422.0,441.0
B008H3XZ22,success,16680,332.0,369.0
B008H08I5Y,success,28271,498.0,364.0
B008J6VYUC,success,13152,297.0,500.0
B008JO2XBS,success,19436,264.0,369.0
B008JGWY2Y,success,15557,493.0,304.0
B008HLVWH4,success,16865,387.0,425.0
B008LTBHYU,success,22555,380.0,438.0
B008JE4S6G,success,30804,281.0,500.0
B008MB6ZX0,success,22063,446.0,264.0
B008LQPHDU,success,22926,473.0,336.0
B008MB719C,success,23822,414.0,261.0
B008MBDY70,success,16005,330.0,495.0
B008MG5V80,success,36986,481.0,281.0
B008M04V1E,success,23086,281.0,500.0
B008MJ01QE,success,28394,425.0,261.0
B008F4UUPI,success,15759,389.0,255.0
B008NA985C,success,16325,472.0,212.0
B008NCD2EI,success,9721,364.0,153.0
B008NCD2PC,success,27181,392.0,342.0
B008NF8BRI,success,46555,500.0,348.0
B008OEHT30,success,21885,345.0,455.0
B008OEHPPM,success,26288,397.0,466.0
B008OEHPKM,success,21045,439.0,173.0
B008OEHS04,success,27206,459.0,219.0
B008OEHTB2,success,12626,287.0,245.0
B008OYQ98Q,success,43033,500.0,375.0
B008OEHV6U,success,8937,414.0,201.0
B008PXMWIW,success,20779,407.0,494.0
B008R523N2,success,48668,489.0,452.0
B008LUNOH2,success,8333,109.0,487.0
B008RMEXME,success,36078,441.0,460.0
B008OR8A9Y,success,66544,418.0,500.0
B008RN04BM,success,18297,276.0,448.0
B008VQ8J0S,success,30701,405.0,261.0
B008RYQPC8,success,33228,299.0,500.0
B008VHHYLW,success,20753,314.0,435.0
B008V9RW58,success,7930,187.0,211.0
B008X1C69G,success,29897,418.0,290.0
B008X1BVH4,success,22314,500.0,358.0
B008X8HZZO,success,22236,481.0,472.0
B008XB0JNG,success,20158,496.0,378.0
B008XKRPD4,success,42448,448.0,445.0
B008Y40DQU,success,12092,480.0,273.0
B008Y431CS,success,9008,497.0,236.0
B008X4US2K,success,35481,399.0,477.0
B008XNX8WS,success,10884,156.0,432.0
B008YT59Q4,success,14475,246.0,498.0
B008YDTRZ4,success,12418,496.0,298.0
B00906GBBC,success,43829,460.0,419.0
B00906HM6K,success,21429,430.0,325.0
B0090BTY8Y,success,20811,406.0,177.0
B00906HNZU,success,24185,495.0,381.0
B00909C7G2,success,13076,236.0,159.0
B0090Z3SPU,success,39769,393.0,290.0
B0090Q3KYI,success,40309,500.0,500.0
B00908BMVE,success,34159,500.0,349.0
B0090SLE30,success,20393,406.0,246.0
B0091JRPJK,success,26553,462.0,285.0
B0092MD5ZE,success,35499,500.0,380.0
B0090GV144,success,28187,360.0,500.0
B00937WT1O,success,21783,395.0,289.0
B0093H4VSS,success,19571,377.0,321.0
B0093VVP0Q,success,21878,453.0,457.0
B00915OV1E,success,26284,500.0,500.0
B0093XTHHM,success,28672,500.0,434.0
B0094R4Q6Y,success,24690,454.0,460.0
B0094S35W4,success,21409,468.0,390.0
B0094S360U,success,13204,200.0,490.0
B0094S36RI,success,20783,276.0,489.0
B0095FQH1M,success,43122,500.0,382.0
B0095P2F1S,success,18502,463.0,345.0
B00966IW72,success,17184,447.0,290.0
B0096M8VR2,success,29971,482.0,214.0
B0096QYNRA,success,19821,281.0,497.0
B0094R4POC,success,17308,310.0,431.0
B0094S37GS,success,26751,340.0,485.0
B0096W1PG6,success,24133,262.0,311.0
B0097CYBXY,success,22481,500.0,281.0
B0097CXFCC,success,39677,500.0,347.0
B0098O9TB0,success,24750,422.0,316.0
B0098Y77OG,success,35640,434.0,314.0
B0098Y77U0,success,18371,420.0,307.0
B0098U1RVY,success,23591,453.0,245.0
B0099OUB02,success,34695,500.0,314.0
B0094S35QU,success,37406,490.0,206.0
B0099SMFP2,success,31465,454.0,204.0
B009A68TMQ,success,13013,258.0,425.0
B009A6CZ26,success,14122,268.0,332.0
B009A8D4L0,success,23355,461.0,315.0
B009A6CZYY,success,19105,264.0,409.0
B009A6CZ30,success,24344,302.0,495.0
B009A8KZLW,success,27075,494.0,304.0
B009AEPJ8U,success,19562,476.0,252.0
B009A6CZ44,success,27268,314.0,499.0
B009AR2MD2,success,14676,500.0,316.0
B009AEPTDA,success,30698,473.0,333.0
B009A6D034,success,13140,250.0,278.0
B009AWT01Y,success,15126,248.0,306.0
B009AYJQ2U,success,28865,476.0,289.0
B009AIBW1E,success,20095,500.0,333.0
B009AXVM6E,success,41727,500.0,197.0
B009B1Y4OM,success,27838,278.0,441.0
B009CRH0O6,success,18473,289.0,469.0
B009AZSYC2,success,5888,413.0,131.0
B009C98NQS,success,18189,284.0,488.0
B009CQNPYQ,success,18596,418.0,264.0
B009AYLDSU,success,19705,276.0,422.0
B009CP4PIW,success,13273,483.0,165.0
B009D9CZ5C,success,17940,429.0,434.0
B009E6J8U4,success,18100,360.0,417.0
B009F1IO3K,success,17361,497.0,175.0
B009DYNCZE,success,29188,499.0,499.0
B009F1IOJO,success,28173,480.0,309.0
B009CRH0QE,success,8019,226.0,398.0
B009F1JL5A,success,17816,376.0,282.0
B009F1K79Y,success,29350,483.0,381.0
B009F4XM48,success,24687,319.0,500.0
B009F7G0AI,success,33653,361.0,474.0
B009G47NG0,success,18782,435.0,318.0
B009GHQX5O,success,41952,463.0,298.0
B009H0XQRI,success,35905,455.0,430.0
B009H0XQPA,success,13880,382.0,296.0
B009H0XQQY,success,12706,337.0,280.0
B009H1BHZ0,success,28133,490.0,336.0
B009B0MY6S,success,46917,499.0,364.0
B009IBXUNG,success,33082,496.0,359.0
B009JPEISW,success,21892,360.0,276.0
B009JPBPWO,success,34404,485.0,413.0
B009EDQKLM,success,17182,381.0,489.0
B009JXJYKG,success,24998,430.0,333.0
B009KG9K74,success,27450,487.0,228.0
B009KY58FE,success,7330,257.0,249.0
B009L7G8GI,success,19829,404.0,500.0
B009LGLE68,success,31381,404.0,300.0
B009M2XB3U,success,34966,446.0,500.0
B009LL9U50,success,21137,466.0,312.0
B009LGLEFY,success,27971,419.0,318.0
B009OV18SE,success,17488,384.0,279.0
B009MPBFNU,success,35133,471.0,461.0
B009M27MB2,success,16810,454.0,169.0
B009NF3OME,success,36583,447.0,444.0
B009OY465S,success,24340,464.0,345.0
B009PRW750,success,16715,310.0,469.0
B009QV72VY,success,35079,465.0,498.0
B009QFKFWS,success,24515,493.0,208.0
B009PAEE58,success,33685,500.0,333.0
B009QW2YIE,success,13606,273.0,449.0
B009S4FMB6,success,12980,263.0,419.0
B009S331VU,success,32899,379.0,487.0
B009T3EYHO,success,15830,324.0,248.0
B009SJ7UWU,success,35785,488.0,359.0
B009SPWCFY,success,10798,450.0,194.0
B009T9YU4K,success,21926,488.0,261.0
B009QW2YBQ,success,13635,274.0,451.0
B009TS84RK,success,31426,483.0,319.0
B009TOU81E,success,23427,500.0,150.0
B009T4WYQ6,success,39830,494.0,368.0
B009VDSSCY,success,10053,380.0,197.0
B009V8F700,success,40717,445.0,331.0
B009US2FLK,success,28133,490.0,336.0
B009VDSRJ8,success,15655,383.0,341.0
B009UNGTH6,success,14650,237.0,449.0
B009VYN79C,success,15718,301.0,497.0
B009WIW5VS,success,25678,478.0,310.0
B009WK944C,success,34025,354.0,500.0
B009YC3YDK,success,10875,500.0,500.0
B009YE462G,success,15013,249.0,496.0
B009ZQTKUQ,success,12410,303.0,490.0
B009YSSTDY,success,18196,478.0,358.0
B009X3UW2G,success,17979,309.0,500.0
B009XGH2HG,success,33211,364.0,441.0
B009ZN8TEM,success,19228,476.0,178.0
B00A0LZHYS,success,24519,478.0,277.0
B00A2MLKW8,success,42203,500.0,312.0
B00A34TU7W,success,20721,366.0,451.0
B00A3RVNXI,success,17325,437.0,190.0
B00A35X6NU,success,37058,500.0,364.0
B00A35X8ZG,success,37058,500.0,364.0
B00A4QXIRM,success,43160,500.0,404.0
B00A40U0OC,success,26429,488.0,411.0
B00A40GPM8,success,18002,479.0,336.0
B00A84E4BO,success,7659,427.0,154.0
B00AA6OVLI,success,26411,457.0,301.0
B00A8FCX8E,success,24810,492.0,464.0
B00AB30JBG,success,7759,282.0,364.0
B00A63GOHO,success,35433,453.0,360.0
B00AA04LUA,success,10646,497.0,308.0
B00AB30QQO,success,7154,187.0,372.0
B00AAZOBSC,success,5267,457.0,73.0
B00AFGP5MM,success,15997,367.0,291.0
B00AF56QA8,success,21127,496.0,440.0
B00AEDX8CK,success,17461,283.0,463.0
B00ACC0P0Q,success,24007,487.0,164.0
B00AFGQ3Q4,success,23052,496.0,417.0
B00AGAS6XW,success,23016,500.0,375.0
B00AHZRKCO,success,14224,494.0,431.0
B00AH4A950,success,38482,496.0,364.0
B00AK7OEBE,success,12747,232.0,375.0
B00AK5QGPI,success,14897,389.0,499.0
B00AM7MM4I,success,19927,444.0,351.0
B00AHRK9BG,success,13433,191.0,210.0
B00AMAJF0Y,success,26235,475.0,457.0
B00ANJRWTA,success,6726,463.0,72.0
B00APNV312,success,20646,452.0,296.0
B00AJHCJ2Q,success,21787,417.0,330.0
B00AQ2BV0U,success,24039,462.0,269.0
B00ALN54KM,success,21210,413.0,497.0
B00ARANA4Q,success,24548,390.0,230.0
B00ARDIAXO,success,16226,407.0,250.0
B00ARDIRFA,success,23567,441.0,262.0
B00ARANAJ6,success,31380,471.0,294.0
B00ARDJKWO,success,30494,440.0,266.0
B00ARDJ5BU,success,29515,448.0,262.0
B00ARFLXWM,success,23283,287.0,460.0
B00ATANVLG,success,26525,467.0,365.0
B00ATL2RPG,success,28552,500.0,315.0
B00ATM1MGA,success,31685,406.0,314.0
B00ATM1MVU,success,39870,470.0,344.0
B00ATL2S00,success,25122,436.0,271.0
B00ATL2RSI,success,31379,500.0,330.0
B00AS3X740,success,16887,260.0,365.0
B00ATM1NAU,success,46655,500.0,364.0
B00AV4NXFY,success,44377,482.0,389.0
B00AVLOHJ8,success,17204,485.0,274.0
B00AWLEAH6,success,10296,198.0,486.0
B00AWHUGMS,success,22160,450.0,289.0
B00AVYNS7M,success,5550,160.0,131.0
B00AWN82AA,success,8861,250.0,142.0
B00AVZO9A6,success,36715,471.0,466.0
B00AWN809I,success,10903,353.0,227.0
B00AWZFJ22,success,29392,499.0,302.0
B00AWZFI8C,success,24790,478.0,290.0
B00AZFMOS6,success,22539,303.0,437.0
B00AY8VGHE,success,44956,500.0,349.0
B00AY8VHNW,success,35617,500.0,340.0
B00AXWNIC2,success,41956,494.0,278.0
B00AZMLIDQ,success,16377,494.0,437.0
B00AZTCHES,success,12975,176.0,485.0
B00B0FR2QO,success,22114,250.0,436.0
B00B1GVD5I,success,12675,426.0,424.0
B00B1N06PO,success,15696,193.0,447.0
B00B2G3R5G,success,10680,317.0,231.0
B00B2A1KEC,success,31726,500.0,375.0
B00B4G67GK,success,21193,280.0,483.0
B00B3QD94O,success,26310,476.0,357.0
B00B4RCHWW,success,22916,432.0,499.0
B00AWN82P0,success,37063,500.0,338.0
B00B3YSW5W,success,62619,500.0,375.0
B00B4YD2P6,success,21722,468.0,375.0
B00AWYMXZY,success,30736,490.0,361.0
B00B588J6S,success,30867,482.0,343.0
B00B5HE3UU,success,31638,500.0,303.0
B00B5QNGN6,success,49121,481.0,390.0
B00B5HE45E,success,34550,499.0,303.0
B00B5QEXB0,success,50148,500.0,488.0
B00B5WLPTW,success,32632,500.0,295.0
B00B7GV4JC,success,32828,494.0,277.0
B00B7SMR3C,success,42804,466.0,463.0
B00B7JQQQA,success,27943,451.0,279.0
B00B71ZZMY,success,29069,500.0,301.0
B00B7UTB5C,success,39516,499.0,397.0
B00B7UH6HW,success,33784,493.0,300.0
B00B5MUJTO,success,45040,499.0,361.0
B00B7Y7PQU,success,16002,463.0,363.0
B00B8KXL02,success,23891,409.0,231.0
B00B8KXLT8,success,17184,331.0,230.0
B00B8QCMHY,success,12647,340.0,336.0
B00B8KXLHK,success,30578,432.0,295.0
B00B8PRRTI,success,28489,496.0,289.0
B00B97758S,success,25984,346.0,249.0
B00B9996LA,success,42840,442.0,298.0
B00B9AB26G,success,58951,481.0,473.0
B00BAQKU0I,success,10806,444.0,116.0
B00BAOX6EC,success,12633,468.0,202.0
B00BAQJ94Q,success,32338,408.0,334.0
B00BB4ULZI,success,24503,483.0,367.0
B00BB9OXK2,success,23836,409.0,299.0
B00BB4UKOK,success,28947,481.0,356.0
B00BE5T2TA,success,28057,493.0,309.0
B00BEBAHXE,success,9447,271.0,362.0
B00BEBAI4W,success,8144,250.0,175.0
B00BEU3FTI,success,17464,388.0,275.0
B00BEBAIAQ,success,17760,500.0,422.0
B00BF9MVMK,success,45008,496.0,437.0
B00BEHRQB4,success,26435,396.0,288.0
B00BG499JM,success,23270,456.0,274.0
B00BD7UXXS,success,6635,484.0,129.0
B00BG6FTZI,success,23705,395.0,273.0
B00BG499MY,success,53485,497.0,382.0
B00BGKE8Z6,success,28722,498.0,207.0
B00BG499RE,success,20358,380.0,218.0
B00BH5W848,success,21351,480.0,389.0
B00BFDETS0,success,18217,243.0,500.0
B00BI4JX2I,too_small,1986,,
B00BIBB1KI,success,23368,411.0,263.0
B00BKRMMUS,success,13325,457.0,284.0
B00BH81BIE,success,30367,483.0,392.0
B00BIFNTMC,success,22967,500.0,468.0
B00BH61UV4,success,40765,500.0,399.0
B00BIBXZQG,success,23192,442.0,288.0
B00BHV4SFY,success,25553,500.0,395.0
B00BLCLVBS,success,26931,466.0,500.0
B00BMKNDC4,success,24782,475.0,500.0
B00BM82SWM,success,19471,230.0,500.0
B00BLCLUQO,success,49394,334.0,480.0
B00BMJ5EQS,success,43502,473.0,457.0
B00BMMPPBE,success,16208,456.0,131.0
B00BL0MBBY,success,17953,276.0,497.0
B00BONB6SW,success,15584,246.0,500.0
B00BNFPXIU,success,30680,447.0,315.0
B00BLCLURI,success,40663,500.0,273.0
B00BP245JO,success,13225,368.0,216.0
B00BP23Z9U,success,23255,414.0,241.0
B00BLX9510,success,9422,417.0,275.0
B00BQ7JZXO,success,10113,490.0,351.0
B00BQ4AKU4,success,28622,317.0,483.0
B00BQC2R20,success,35739,494.0,421.0
B00BQC2WPC,success,23767,449.0,326.0
B00BP4EPCY,success,38556,470.0,284.0
B00BQC30I0,success,35875,500.0,401.0
B00BQO56Z8,success,27607,477.0,346.0
B00BS5HMAC,success,13597,260.0,498.0
B00BS4J99K,success,20589,434.0,293.0
B00BQC2UJU,success,21071,305.0,384.0
B00BSED7S4,success,14913,466.0,279.0
B00BTCX118,success,12325,464.0,313.0
B00BS67S78,success,15998,428.0,484.0
B00BT1BQEI,success,29154,497.0,383.0
B00BT8QKRE,success,13634,408.0,356.0
B00BUN1WXA,success,16577,269.0,359.0
B00BU4OV50,success,29866,469.0,327.0
B00BUSXXP0,success,44960,470.0,430.0
B00BW6LW7G,success,52700,500.0,384.0
B00BW4RWH2,success,26285,500.0,357.0
B00BW6LWO4,success,50223,500.0,385.0
B00BTQJ7SA,success,41641,428.0,289.0
B00BWF5U0M,success,24784,500.0,333.0
B00BWGJT9Y,success,27174,343.0,333.0
B00BWH2V6Q,success,24596,440.0,230.0
B00BWLU8XK,success,8135,229.0,394.0
B00BXK7N3S,success,10146,417.0,294.0
B00BX0YKX4,success,42129,500.0,381.0
B00BYRPMJC,success,18001,368.0,407.0
B00BY5GY2S,success,20428,485.0,421.0
B00BYRPPHQ,success,18530,427.0,474.0
B00BYVYBPE,success,8092,90.0,472.0
B00BZ7MALY,success,33550,440.0,237.0
B00BXFKZ9W,success,32315,500.0,297.0
B00BZS9IEA,success,39374,497.0,357.0
B00BZC31WQ,success,15854,437.0,235.0
B00BYUJL2S,success,22991,492.0,458.0
B00C18YRSA,success,19525,470.0,375.0
B00BW6LX20,success,52644,494.0,454.0
B00C1CGZT0,success,11730,393.0,312.0
B00C2PJXD6,success,32440,263.0,494.0
B00C1ZPD6S,success,27991,500.0,281.0
B00C30FCUI,success,17828,380.0,467.0
B00C32FWJC,success,37750,486.0,321.0
B00C2RPW8O,success,30248,476.0,450.0
B00C3R14J4,success,8932,300.0,138.0
B00C55U9JA,success,14986,480.0,444.0
B00C57PN6W,success,13448,171.0,344.0
B00C2MBTK4,success,7683,483.0,223.0
B00C631EYU,success,14175,237.0,442.0
B00C7D0IXW,success,10003,284.0,231.0
B00C30HUQ2,success,20785,427.0,498.0
B00C2B3EE4,success,8629,113.0,463.0
B00C86HEV2,success,21155,484.0,337.0
B00C99MUHQ,success,67747,468.0,357.0
B00C8T5KOW,success,31724,383.0,298.0
B00CBB6SJ8,success,29074,281.0,471.0
B00CAJOOWE,success,31742,306.0,471.0
B00CBB6TT2,success,44037,355.0,485.0
B00CBNG10C,success,19409,491.0,301.0
B00CBNZC2K,success,28012,500.0,426.0
B00C76P7Q2,success,25474,296.0,414.0
B00CBZ8G3K,success,30610,414.0,453.0
B00CBZ8IW4,success,28711,310.0,500.0
B00CCE3BIA,success,11105,480.0,233.0
B00CDGSNL2,success,10739,272.0,267.0
B00CDJJZV6,success,20665,494.0,280.0
B00CD1FB26,success,30521,479.0,370.0
B00CEH7VG8,success,17419,314.0,495.0
B00CCGZ6PO,success,27305,428.0,281.0
B00CE3ZE0M,success,25788,383.0,301.0
B00CF1LS94,success,12425,237.0,495.0
B00CFCTDD6,success,42630,500.0,350.0
B00CEO4SH6,success,23246,464.0,458.0
B00CEZQ8FA,success,25116,446.0,215.0
B00CGYFBGQ,success,11075,265.0,385.0
B00CGYJ8NI,success,36292,485.0,354.0
B00CES5A60,success,17000,268.0,324.0
B00CGY4N7Y,success,40760,476.0,259.0
B00CGYJA9A,success,30197,495.0,470.0
B00CIRLDC2,success,33597,457.0,362.0
B00CIC0YKO,success,13269,327.0,221.0
B00CHHCD0E,success,25996,500.0,435.0
B00CHNREYS,success,17585,392.0,299.0
B00CIOA89E,success,40339,498.0,394.0
B00CKYVYI6,success,48551,439.0,453.0
B00CL3TAOQ,success,15684,421.0,368.0
B00CM1BN5G,success,27982,368.0,493.0
B00CM2RYYE,success,14002,443.0,311.0
B00CLZ04VW,success,22659,292.0,300.0
B00CM450LQ,success,37724,484.0,454.0
B00CLZ047Q,success,84403,498.0,369.0
B00CMKOVPQ,success,37362,409.0,345.0
B00CNZP7H6,success,23531,462.0,258.0
B00CNZP8AM,success,23032,453.0,271.0
B00COQ4ETG,success,39983,466.0,428.0
B00COQIKKA,success,20900,386.0,293.0
B00COZRKCK,success,42620,483.0,440.0
B00COQK8QY,success,25321,499.0,334.0
B00COR29XI,success,17115,386.0,277.0
B00CPGG8RG,success,40688,350.0,497.0
B00CPGG9RK,success,41762,496.0,500.0
B00CPGGA2E,success,49292,473.0,410.0
B00CPIF4G0,success,25569,445.0,282.0
B00CPKUZ5S,success,44948,500.0,483.0
B00CPJHGTM,success,33933,488.0,337.0
B00CPTHW46,success,24282,497.0,280.0
B00CRWTD2K,success,12314,324.0,317.0
B00CU2K6MS,success,27340,481.0,347.0
B00CTODKIO,success,30047,463.0,350.0
B00CXLQGSY,success,18696,459.0,204.0
B00CU9GKU8,success,20082,431.0,297.0
B00CWEG5H4,success,11619,296.0,472.0
B00CXP4AS8,success,10066,273.0,441.0
B00CY9Q8AQ,success,28373,496.0,327.0
B00CRXZPA8,success,32286,306.0,495.0
B00CYX54C0,success,13130,442.0,145.0
B00D34A4BA,success,22541,340.0,378.0
B00CZ54VVM,success,25543,418.0,421.0
B00D42AESY,success,49110,494.0,338.0
B00CYX26BC,success,14508,442.0,176.0
B00D3F9H62,success,25581,319.0,442.0
B00D4AX780,success,27056,459.0,327.0
B00D4VLMBI,success,14356,380.0,241.0
B00D601UC8,success,24292,455.0,346.0
B00D5V65S2,success,17516,298.0,500.0
B00D68ZVY8,success,13708,381.0,411.0
B00D69R50K,success,36296,499.0,279.0
B00D4MFPLA,success,22773,373.0,295.0
B00D6BOXOY,success,28847,440.0,397.0
B00D6BVQB2,success,33401,353.0,494.0
B00D6BYDGC,success,10338,500.0,215.0
B00D6Y2OP6,success,24609,408.0,484.0
B00D89H1NO,success,27301,477.0,256.0
B00D7P6176,success,12220,477.0,191.0
B00D7B9O38,success,18947,218.0,326.0
B00D84MII2,success,19109,381.0,294.0
B00D8HPYXA,success,16470,238.0,334.0
B00DDH4TYA,success,36422,442.0,456.0
B00DB3SH2G,success,17232,277.0,454.0
B00DDPZ4I2,success,15822,368.0,473.0
B00DEJXRAE,success,4376,260.0,112.0
B00DGH4IKC,success,10638,421.0,218.0
B00DDPZ4FA,success,19008,380.0,473.0
B00DGM721O,success,27319,429.0,314.0
B00DGKQNZM,success,30847,416.0,393.0
B00DG8NI5C,success,44177,457.0,333.0
B00DHPCSA0,success,14528,278.0,494.0
B00D6WF80G,success,24838,409.0,298.0
B00DHKGAAE,success,21410,380.0,308.0
B00DHPCVQG,success,14166,279.0,495.0
B00DI79YUE,success,14398,494.0,172.0
B00DIOALPE,success,7513,164.0,402.0
B00DIGD3TS,success,17556,344.0,334.0
B00DIOALYA,success,26871,239.0,434.0
B00DIOAM4Y,success,26428,238.0,434.0
B00DJ188JW,success,14678,304.0,454.0
B00DKSUARW,success,37807,412.0,343.0
B00DIOALWC,success,6104,156.0,395.0
B00DKXXD8U,success,6223,135.0,116.0
B00DKXXEQG,success,49230,488.0,486.0
B00DM00B9A,success,8161,254.0,288.0
B00DM8R866,success,24108,500.0,305.0
B00DM298KG,success,23083,354.0,378.0
B00DNULJHW,success,10906,498.0,234.0
B00DO2M27K,success,28387,500.0,288.0
B00DP5NH5C,success,26265,485.0,493.0
B00DPC015E,success,28599,314.0,453.0
B00DQ5NSIW,success,13166,344.0,362.0
B00DQ5NU4O,success,22915,465.0,471.0
B00DNR8S2O,success,48462,494.0,244.0
B00DQGBABI,success,20154,467.0,435.0
B00DR8L7M2,success,15812,346.0,489.0
B00DR8LB4Q,success,16833,346.0,488.0
B00DTPYWBG,success,11497,419.0,352.0
B00DR9V1T0,success,22367,496.0,187.0
B00DVFLJKQ,success,12955,234.0,375.0
B00DSN6PK0,success,11707,112.0,441.0
B00DVFMDN8,success,22617,418.0,303.0
B00DX64DBU,success,23597,454.0,320.0
B00DXYDBLK,success,20917,499.0,243.0
B00DY4EAG4,success,19021,260.0,399.0
B00DXYRKLW,success,19454,494.0,352.0
B00DYVK304,success,9047,204.0,254.0
B00DZTJKYU,success,12559,468.0,213.0
B00DZT96C6,success,42216,418.0,307.0
B00E1CSEMO,success,23673,388.0,423.0
B00E388BYM,success,7796,214.0,483.0
B00E38BP6I,success,14897,424.0,398.0
B00E3AKF1C,success,8350,487.0,156.0
B00E3XT100,success,50424,313.0,500.0
B00E4TOWR0,success,18470,489.0,213.0
B00E0E2DIE,success,16030,500.0,268.0
B00E52ZJDM,success,36968,491.0,437.0
B00DI7ENVY,success,14632,302.0,485.0
B00E57BSMI,success,32060,443.0,499.0
B00DRLZFPE,success,24430,455.0,374.0
B00E56OIWG,success,9083,418.0,242.0
B00E5AE80E,success,21285,456.0,329.0
B00E7L1USY,success,13364,355.0,306.0
B00E5HXJEI,success,17677,450.0,295.0
B00E88POH4,success,19043,303.0,459.0
B00E87OMNC,success,84669,395.0,493.0
B00E7W1UFQ,success,14427,479.0,316.0
B00E8ZDCDU,success,43146,416.0,470.0
B00E8CIGCA,success,14490,302.0,444.0
B00E9262IE,success,22978,476.0,490.0
B00E93IEU2,success,17556,385.0,296.0
B00E952W3A,success,29912,445.0,500.0
B00ECDM78E,success,22044,369.0,470.0
B00EDNLO32,success,27170,500.0,500.0
B00EDCRW84,success,18307,286.0,381.0
B00EFILSOU,success,26130,401.0,303.0
B00EHD8YZ4,success,30930,416.0,466.0
B00EAYZ264,success,17789,271.0,425.0
B00EI4FMHA,success,18576,316.0,494.0
B00EHBPF6W,success,7198,491.0,139.0
B00EN27SHY,success,7274,317.0,214.0
B00EI4OIGQ,success,31557,442.0,468.0
B00EJDHC6Y,success,26353,486.0,479.0
B00EN27ULS,success,5911,268.0,178.0
B00EQ1LOF4,success,29234,491.0,225.0
B00EOAIHZM,success,18656,454.0,291.0
B00ENZRS76,success,14704,236.0,471.0
B00ENZ4WVG,success,24147,403.0,307.0
B00EQ1XUY2,success,25490,491.0,225.0
B00EN27SMY,success,8966,410.0,275.0
B00ESUXXZM,success,42265,484.0,352.0
B00EQ94566,success,7440,219.0,441.0
B00ES6DF18,success,19817,405.0,475.0
B00ET0669Q,success,42063,382.0,500.0
B00ETD2KGQ,success,9381,422.0,295.0
B00EUZV546,success,22773,455.0,376.0
B00ETBHOIM,success,18815,454.0,300.0
B00EVIBN26,success,17771,321.0,315.0
B00EVWX8R0,success,22808,378.0,400.0
B00EVWX5UK,success,16546,384.0,325.0
B00EVIBN8U,success,18932,310.0,295.0
B00EVQ9MAS,success,34385,495.0,267.0
B00EVMS6TK,success,16633,348.0,492.0
B00EWCUK1Q,success,36816,255.0,377.0
B00EVWXAEQ,success,22116,447.0,300.0
B00EY2Q1AS,success,32840,474.0,486.0
B00EWCUK98,success,40769,255.0,377.0
B00EYJ4PVI,success,12448,439.0,346.0
B00EYT2JGQ,success,23427,435.0,479.0
B00EYTI0TG,success,24838,409.0,298.0
B00EYWRJ5E,success,41115,385.0,430.0
B00EYTM3FS,success,45539,453.0,378.0
B00EXPNI84,success,10211,403.0,262.0
B00EYWU8HK,success,22110,496.0,315.0
B00EYXZI4M,success,21504,413.0,421.0
B00EZMT01Y,success,12856,387.0,347.0
B00EZ9XHSO,success,9889,499.0,219.0
B00F2C3QH0,success,20901,401.0,403.0
B00F2ENTYI,success,23830,259.0,420.0
B00F2ENU7Y,success,23830,259.0,420.0
B00EZJQWMC,success,24027,371.0,449.0
B00F2ENU92,success,34938,485.0,377.0
B00F3ZNQXU,success,26737,460.0,439.0
B00F408EYK,success,29128,436.0,477.0
B00F42VLNY,success,29842,436.0,369.0
B00F46UQ4K,success,17822,495.0,265.0
B00F6A18IM,success,8133,456.0,86.0
B00F8LBQ0E,success,15896,472.0,270.0
B00F6PRSMW,success,22164,243.0,464.0
B00F93IOR4,success,38521,482.0,254.0
B00FARSAVY,success,24216,500.0,161.0
B00FB2X0B8,success,14231,342.0,248.0
B00FB47XBO,success,48835,500.0,259.0
B00FB50S0Q,success,14969,495.0,279.0
B00FB2XNCE,success,22628,333.0,500.0
B00FC2R7UW,success,23278,344.0,458.0
B00F4WM1H4,success,18142,356.0,321.0
B00FE8MLY6,success,18939,430.0,325.0
B00EVOXM3S,success,10397,409.0,271.0
B00FDKAFAW,success,19846,427.0,292.0
B00FF5ZCCG,success,21764,397.0,457.0
B00FC2R81A,success,26756,344.0,456.0
B00FFF7DAK,success,21585,386.0,316.0
B00FE8MKTM,success,31306,470.0,367.0
B00FFVYSE8,success,21669,494.0,372.0
B00FFVYUQY,success,22008,428.0,285.0
B00FFVYSMK,success,21677,495.0,374.0
B00FG3UOI4,success,23514,342.0,500.0
B00FFJ0HUE,success,14913,461.0,322.0
B00FG7MZP0,success,8559,356.0,177.0
B00FFVYSKW,success,14365,432.0,263.0
B00FJDUPX0,success,8510,348.0,335.0
B00FIYDC1W,success,24635,386.0,499.0
B00FGOTBQO,success,21006,463.0,359.0
B00FI1FUKG,success,20313,500.0,281.0
B00FJDXSN4,success,20961,357.0,262.0
B00FJG5T4W,success,12646,420.0,320.0
B00FJRRVII,success,16734,432.0,342.0
B00FJILVDS,success,36030,358.0,453.0
B00FJISZ8M,success,22247,311.0,432.0
B00FJDVSTA,success,20241,348.0,407.0
B00FJRY168,success,14524,490.0,230.0
B00FMTIUD8,success,41616,492.0,496.0
B00FKCZ7T2,success,69665,500.0,463.0
B00FJISZ28,success,15453,401.0,315.0
B00FNJOMZ2,success,24547,314.0,497.0
B00FO0IHMY,success,22469,382.0,478.0
B00FPAVUHC,success,17920,429.0,434.0
B00FJXVRM8,success,31861,492.0,365.0
B00FQT4QKU,success,25746,249.0,375.0
B00FNPD1VW,success,33202,500.0,351.0
B00FRT29L2,success,23638,417.0,258.0
B00FSA8VQ2,success,16314,312.0,402.0
B00FT6858E,success,33486,498.0,367.0
B00FSB799G,success,23949,255.0,337.0
B00FRKOFIQ,success,43526,430.0,281.0
B00FTRV7EC,success,33142,427.0,492.0
B00FVHCO9W,success,13066,222.0,301.0
B00FWK8UWI,success,59194,479.0,408.0
B00FZ862KY,success,20535,311.0,304.0
B00FY42JYW,success,29586,460.0,277.0
B00G1YKHHA,success,23561,254.0,399.0
B00FX6LRG2,success,48352,494.0,387.0
B00FU83YWS,success,30686,494.0,439.0
B00G3788AS,success,27858,496.0,302.0
B00G40EZLA,success,35005,486.0,400.0
B00G40EGLE,success,32874,476.0,492.0
B00G4UQ6U8,success,13575,461.0,218.0
B00G5AH2YG,success,12108,494.0,402.0
B00G5AEZOQ,success,47103,434.0,313.0
B00G40E8M6,success,17486,300.0,230.0
B00G5J4XKS,success,16301,240.0,485.0
B00G5TDGK6,success,14160,422.0,268.0
B00G6QBCWC,success,27979,317.0,471.0
B00G4V0QSK,success,28419,391.0,438.0
B00G6T8EK2,success,15791,495.0,276.0
B00GAHDKNG,success,16249,290.0,391.0
B00GAJ2NLE,success,41431,495.0,222.0
B00G5T1Z5Y,success,23125,333.0,500.0
B00GAJ2OK4,success,27347,479.0,244.0
B00GBD5TS8,success,14685,241.0,367.0
B00GBDEL0A,success,14294,361.0,379.0
B00GBATPIG,success,26482,361.0,456.0
B00GD91XB2,success,26273,297.0,489.0
B00GGYU8TC,success,17413,495.0,260.0
B00GEC7Q28,success,21216,488.0,429.0
B00GEC7QPA,success,22390,440.0,295.0
B00GGBRHFS,success,31522,474.0,318.0
B00GHIXO8O,success,37883,373.0,500.0
B00CRXZPC6,success,36164,495.0,345.0
B00GB0J5I6,success,5999,210.0,150.0
B00GIGGS6A,success,17379,411.0,405.0
B00GK4IYP8,success,27630,417.0,412.0
B00GHY5F3K,success,71096,497.0,407.0
B00GHY5JAO,success,75564,498.0,387.0
B00GLDTAII,success,36422,442.0,456.0
B00GLDVSNI,success,31393,485.0,439.0
B00GLJGJTA,success,19538,442.0,376.0
B00GLXV3TW,success,15708,455.0,488.0
B00GN0WQBW,success,18801,374.0,414.0
B00GMEB2KK,success,29720,436.0,288.0
B00GN7GVCK,success,11150,316.0,368.0
B00GRO93QA,success,28300,324.0,429.0
B00GTEMSJW,success,21873,340.0,493.0
B00GSEOV7U,success,37341,490.0,338.0
B00GSPW2QG,success,12273,367.0,268.0
B00GN648WG,success,14965,246.0,412.0
B00GTZJA7Y,success,26178,496.0,500.0
B00GWGLUZ0,success,19353,449.0,231.0
B00GUTY132,success,23507,496.0,298.0
B00GUY2KOO,success,34196,391.0,425.0
B00GTXHQ8Q,success,15276,295.0,211.0
B00GWU26AO,success,17649,419.0,211.0
B00GXXJF72,success,14830,481.0,357.0
B00GZ1GV3I,success,24999,429.0,302.0
B00GUND8XM,success,8522,365.0,390.0
B00H09GORW,success,17536,364.0,409.0
B00H066YGG,success,27030,498.0,500.0
B00H09P85G,success,26133,483.0,208.0
B00H0CV9TM,success,21221,500.0,424.0
B00H1YPYLS,success,12448,485.0,358.0
B00H0FK2A6,success,15448,377.0,239.0
B00H36UL5I,success,17848,276.0,471.0
B00H39MYXM,success,21090,330.0,444.0
B00GNSM52E,success,60078,246.0,499.0
B00H67B8SI,success,13562,327.0,421.0
B00H7WF22K,success,36419,436.0,310.0
B00H9862GM,success,7340,152.0,254.0
B00HAF167Y,success,30234,500.0,334.0
B00HCVJDP8,success,30229,320.0,476.0
B00HDD9FQ2,success,12686,206.0,325.0
B00H7O3VI0,success,28242,468.0,359.0
B00HE67GV4,success,35016,459.0,276.0
B00HKEI3I0,success,27540,294.0,492.0
B00HFQG09C,success,19059,408.0,380.0
B00HLDFT6Y,success,19311,403.0,202.0
B00HL3P9EG,success,25482,500.0,281.0
B00HLOL17Y,success,24335,478.0,188.0
B00HN0XY1C,success,16426,300.0,186.0
B00HEYVAN6,success,34444,471.0,448.0
B00HNJWVIA,success,16863,370.0,215.0
B00HN0Y09M,success,30830,500.0,297.0
B00HNJWVO4,success,17483,425.0,239.0
B00HNOOVGK,success,24358,457.0,308.0
B00HNWLYSK,success,34268,500.0,351.0
B00HPZKQ7U,success,20478,456.0,251.0
B00HPU05TY,success,26031,403.0,226.0
B00HNWHW9A,success,23295,481.0,201.0
B00HQ4W2RW,success,28471,399.0,315.0
B00HQ4W4PC,success,26358,373.0,323.0
B00HQ4W6W8,success,22628,376.0,224.0
B00HQ9EA86,success,28256,450.0,258.0
B00HQWZ6UY,success,38258,500.0,318.0
B00HQDBLDO,success,24712,407.0,349.0
B00HQ4W3X0,success,33763,420.0,289.0
B00HRO3IBA,success,36109,453.0,304.0
B00HSJRT7I,success,17126,319.0,476.0
B00HUNUOJW,success,21749,416.0,486.0
B00HQZGZ38,success,24809,408.0,286.0
B00HQYJ3E2,success,18390,419.0,328.0
B00HV6KGNM,success,42553,486.0,489.0
B00HRLSSKO,success,19794,444.0,352.0
B00HV6KGV4,success,25508,440.0,366.0
B00HV9V17Y,success,33188,443.0,345.0
B00HV6KIEY,success,33110,486.0,396.0
B00HV936AY,success,44445,410.0,463.0
B00HWHTJQA,success,23515,375.0,500.0
B00HWMPSJC,success,20076,278.0,457.0
B00HWT8JUU,success,12810,303.0,244.0
B00HY2NA5Y,success,26658,431.0,464.0
B00HY7PAUC,success,20231,311.0,311.0
B00HX0RTKO,success,33799,497.0,489.0
B00HXIYIE6,success,11558,440.0,247.0
B00HXTHFJA,success,55279,497.0,475.0
B00HYC1GMI,success,42834,500.0,318.0
B00HYC1HR2,success,27931,340.0,327.0
B00HZT1T5E,success,29742,437.0,363.0
B00I054WFQ,success,25133,321.0,461.0
B00I053ICY,success,29554,397.0,217.0
B00I0S6SK0,success,28432,491.0,226.0
B00I14DPC2,success,47992,496.0,345.0
B00I0O7VXC,success,28310,470.0,272.0
B00I3DOZEI,success,50794,494.0,328.0
B00I4O2O08,success,32888,482.0,405.0
B00I5F7SCK,success,31020,495.0,384.0
B00I5SW8MC,success,26189,450.0,177.0
B00I5VVK1E,success,40559,500.0,304.0
B00I5VVKQ4,success,28807,500.0,298.0
B00I7MJRMA,success,36238,408.0,363.0
B00I5NKCNE,success,11807,310.0,499.0
B00I8BICB2,success,22247,403.0,213.0
B00I8CGT4S,success,14660,246.0,453.0
B00I9RI2QA,success,38092,439.0,272.0
B00I9ICXFA,success,44033,486.0,349.0
B00I9V8D92,success,31112,469.0,316.0
B00I9WXAR6,success,20914,490.0,230.0
B00IAA5BSS,success,44269,480.0,427.0
B00IAD1KHQ,success,21260,392.0,245.0
B00IAAALFG,success,28299,480.0,500.0
B00I399IY4,too_small,3945,57.0,499.0
B00IAM78WS,success,22538,456.0,274.0
B00IBIW40C,success,33303,491.0,306.0
B00IB04M5K,success,18148,462.0,305.0
B00IBJ3MWU,success,22522,371.0,157.0
B00IBJ3MT8,success,26305,401.0,255.0
B00IBJ3OBO,success,46361,500.0,384.0
B00ICFK9ZQ,success,13557,239.0,275.0
B00ID537QS,success,29506,465.0,263.0
B00IEV85OU,success,21300,478.0,284.0
B00IEZGW8C,success,25521,414.0,316.0
B00IEZGY2Q,success,25513,428.0,318.0
B00IEZGWI2,success,28161,351.0,318.0
B00IEZGYI0,success,25521,414.0,316.0
B00IG1ZEWO,success,25322,497.0,299.0
B00IG54NXG,success,60122,500.0,352.0
B00IHVNMYK,success,35412,490.0,355.0
B00IICMUWS,success,18020,468.0,198.0
B00IIDD0ZS,success,14566,430.0,327.0
B00IIDD3PK,success,14417,433.0,269.0
B00IJ2E05C,success,12101,352.0,284.0
B00IJ8J7BI,success,24536,404.0,240.0
B00IL7B2YM,success,16857,424.0,467.0
B00IMUAYT2,success,18333,468.0,338.0
B00IN2WJUG,success,11318,488.0,312.0
B00INF5NKQ,success,34670,497.0,497.0
B00IO69GVQ,success,34343,479.0,315.0
B00IMTQ5I2,success,23301,491.0,379.0
B00IOVUXL8,success,33160,286.0,485.0
B00IIEICNC,success,49868,476.0,179.0
B00IPIYZ3W,success,15336,320.0,256.0
B00IQEA8UE,success,36771,477.0,421.0
B00IPSC6F6,success,23417,438.0,246.0
B00ITORITU,success,44123,359.0,471.0
B00IQVNE62,success,18030,498.0,183.0
B00ITORMNM,success,34114,494.0,436.0
B00IUICOR6,success,31026,492.0,386.0
B00IWQREOE,success,6263,448.0,105.0
B00IWYO4T4,success,19572,481.0,356.0
B00ITORMDC,success,27140,387.0,285.0
B00IX277EE,success,44960,470.0,430.0
B00IVLHJ2M,success,14871,210.0,207.0
B00IYA2SMQ,success,15617,305.0,325.0
B00IZKZOMQ,success,17790,500.0,500.0
B00IYA2YRK,success,13554,305.0,323.0
B00IZMKM94,success,26426,493.0,289.0
B00J0DQDCM,success,22791,473.0,368.0
B00J2LIC44,success,19122,422.0,151.0
B00IYFYAKO,success,27691,363.0,471.0
B00J3O9YRY,success,79497,397.0,498.0
B00J3LC6HW,success,22035,460.0,285.0
B00J4EZE4U,success,16015,469.0,224.0
B00J7V87NA,success,19455,268.0,488.0
B00J8RM35Q,success,23338,461.0,468.0
B00JAIE86U,success,31360,462.0,357.0
B00JAIEAU4,success,22211,267.0,465.0
B00JB31RYK,success,25027,490.0,385.0
B00JBJ3JAE,success,32114,366.0,465.0
B00JD4TA9G,success,19206,297.0,383.0
B00JDGB94S,success,32855,372.0,385.0
B00JEOWV14,success,21200,491.0,278.0
B00JB31OUW,success,30745,492.0,389.0
B00JFBDZ5W,success,13610,359.0,442.0
B00JF07WE8,success,27327,484.0,362.0
B00JHE5ZS2,success,38815,483.0,323.0
B00JI9HISQ,success,20732,461.0,302.0
B00JLF5QKO,success,39777,476.0,375.0
B00JN5Y5E0,success,26833,500.0,325.0
B00JITGY2C,success,90982,426.0,494.0
B00JNV5FN4,success,23238,488.0,283.0
B00JO80LUI,success,44778,482.0,412.0
B00JJVG08W,success,35034,417.0,499.0
B00JO9Y176,success,11430,342.0,203.0
B00JPK9T1W,success,17668,353.0,500.0
B00JR6GCZA,success,21534,482.0,273.0
B00JR6GBHO,success,28174,351.0,304.0
B00JO80LVW,success,42501,455.0,308.0
B00JU5TPXY,success,43067,493.0,493.0
B00JUOG2YU,success,30333,392.0,442.0
B00JTGSLU2,success,33185,500.0,345.0
B00JV0NSU4,success,30388,391.0,488.0
B00JW6O9EQ,success,26940,485.0,422.0
B00JXLGE70,success,12852,384.0,273.0
B00JXLGECA,success,13028,459.0,287.0
B00JXNCQY8,success,13532,406.0,283.0
B00JXLGE6Q,success,17306,464.0,319.0
B00JYFT4PO,success,18641,321.0,262.0
B00JYQOXAO,success,35184,496.0,301.0
B00JZHM4LC,success,18431,417.0,446.0
B00K0G2XA4,success,14962,461.0,322.0
B00K2O4TI8,success,31902,477.0,332.0
B00K0BYLN6,success,35640,476.0,343.0
B00K35MU0K,success,24652,485.0,387.0
B00K3EQ1HY,success,23027,476.0,365.0
B00K4PAPG0,success,15302,475.0,314.0
B00K4WAB8A,success,18210,218.0,413.0
B00K4PATR0,success,19423,462.0,297.0
B00K5NYNWS,success,23497,441.0,214.0
B00K6O90BU,success,30055,301.0,464.0
B00K4PAZFG,success,18148,462.0,305.0
B00K6OT3P8,success,17834,251.0,383.0
B00K6ZIFAQ,success,39682,473.0,413.0
B00K6ZIFFG,success,28365,483.0,321.0
B00IAD7A6G,success,21280,377.0,230.0
B00GBDPAYG,success,13035,195.0,454.0
B00K73IE1C,success,29889,457.0,474.0
B00K81FI8A,success,23392,478.0,401.0
B00K9NN1VS,success,19260,466.0,338.0
B00KD5SEPK,success,20732,461.0,302.0
B00KBC1WUY,success,25201,391.0,276.0
B00KD5SER8,success,36185,312.0,468.0
B00KFSZ6U6,success,37036,458.0,277.0
B00KC7VY3S,success,30121,310.0,467.0
B00KF9IVKC,success,26822,416.0,283.0
B00KG2RRYE,success,26484,312.0,468.0
B00KGMYQ70,success,48430,500.0,332.0
B00KGGK71A,success,13197,218.0,303.0
B00KHA1ZTS,success,13218,203.0,475.0
B00KHA2DQM,success,30179,292.0,491.0
B00KGQF4E0,success,20126,498.0,429.0
B00KHA5G6G,success,30575,454.0,326.0
B00KHAFI9G,success,25845,262.0,437.0
B00KHR4T8U,success,25848,413.0,241.0
B00KG2RSK2,success,30663,314.0,470.0
B00KHR4ZL6,success,25848,413.0,241.0
B00KHV6TIE,success,39350,440.0,470.0
B00KH6E1NO,success,24256,397.0,432.0
B00KHY2K70,success,28593,357.0,500.0
B00KJGY3TO,success,54914,500.0,421.0
B00KJLMBQQ,success,14583,383.0,201.0
B00KK92BJO,success,32066,368.0,490.0
B00KK9481I,success,14058,452.0,214.0
B00KIWWUFI,success,38251,481.0,346.0
B00KJLMBSO,success,14041,382.0,201.0
B00KK8S1IU,success,21850,450.0,261.0
B00KKHAJ90,success,21699,424.0,292.0
B00KMRGF28,success,20072,448.0,338.0
B00KNAYISC,success,19412,282.0,460.0
B00KOUIZBC,success,24999,429.0,302.0
B00KO6GJ7S,success,26077,462.0,321.0
B00KTIYNIS,success,24511,464.0,150.0
B00KONCDVM,success,10465,257.0,404.0
B00KRA5RTC,success,52779,475.0,362.0
B00KQQHFVK,success,69839,489.0,324.0
B00KW2O9B2,success,36491,494.0,438.0
B00KWU863Q,success,21628,480.0,324.0
B00KVNY2KA,success,17650,456.0,422.0
B00KTL21RA,success,37171,470.0,368.0
B00KX828DG,success,9283,167.0,330.0
B00KX0YYDQ,success,20297,333.0,426.0
B00KYCTDMA,success,30464,468.0,296.0
B00KYCSRSG,success,25172,404.0,268.0
B00KYTNU9U,success,22005,216.0,476.0
B00KYFWDLU,success,22291,418.0,286.0
B00KZIQH86,success,17422,304.0,498.0
B00KYTS3TM,success,18343,325.0,470.0
B00L0YLK4U,success,32422,384.0,350.0
B00L1LXOWS,success,35791,326.0,500.0
B00KZPY7X6,success,24753,452.0,364.0
B00L1O2PDY,success,31490,444.0,462.0
B00L1Y11D4,success,22012,475.0,163.0
B00L23ZTNM,success,13353,200.0,427.0
B00L23XFNS,success,19736,344.0,432.0
B00L2459ZO,success,12618,222.0,440.0
B00L1V0HF0,success,39919,409.0,499.0
B00L31HXIC,success,13994,344.0,404.0
B00L3KNOF4,success,43108,482.0,419.0
B00L3KW09K,success,16599,129.0,474.0
B00L3KW0QS,success,34977,349.0,438.0
B00L3RBQ4S,success,10114,296.0,411.0
B00L49X8E6,success,12803,374.0,348.0
B00L3R6TSQ,success,30865,493.0,423.0
B00L3NY180,success,67528,500.0,500.0
B00L510RC4,success,19023,408.0,395.0
B00L1NZTSS,success,25674,291.0,500.0
B00L4I73T8,success,17496,427.0,409.0
B00L9TFVTQ,success,21020,441.0,304.0
B00L9MFATO,success,25314,271.0,492.0
B00L5IS9KE,success,31104,482.0,385.0
B00LB2ZQ3C,success,11307,247.0,494.0
B00LC27UF8,success,26716,439.0,221.0
B00LCAT2TC,success,13456,461.0,335.0
B00LC3WU2U,success,18844,486.0,273.0
B00LFVSKRS,success,29741,426.0,500.0
B00LGQ6HL8,success,23013,475.0,332.0
B00LBGUVU6,success,24348,495.0,191.0
B00LL6P5U2,success,24730,282.0,405.0
B00L6IUHUS,success,10386,334.0,394.0
B00LLKDZ32,success,24105,287.0,483.0
B00LLUEJXW,success,29178,497.0,397.0
B00LLM3Z0S,success,37506,471.0,483.0
B00LM5N4OG,success,12951,335.0,260.0
B00LM6KF7O,success,25841,401.0,230.0
B00LMF41IY,success,28646,437.0,348.0
B00LM5MZ4Q,success,20501,474.0,375.0
B00LMFYRIS,success,16271,441.0,173.0
B00LN67RU6,success,24934,466.0,432.0
B00LP6CFEC,success,18332,405.0,446.0
B00LPB7DYY,success,36215,428.0,455.0
B00LNPL9S8,success,13019,230.0,433.0
B00LO3K0B6,success,27116,431.0,358.0
B00LPC3U8Q,success,39873,414.0,277.0
B00LSGKEC4,success,24573,478.0,246.0
B00LVGIH7U,success,24148,459.0,441.0
B00LW7SFO8,success,17439,337.0,500.0
B00LZVP73S,success,18236,468.0,141.0
B00LX3PDIC,success,40066,472.0,403.0
B00LUF3DOY,success,23492,486.0,390.0
B00LTKHKOE,success,38395,275.0,486.0
B00M04HZIO,success,26157,486.0,415.0
B00LUILBDQ,success,55167,447.0,432.0
B00M098OUM,success,20656,351.0,494.0
B00M0HU4YI,success,25466,360.0,500.0
B00M0HW21G,success,25247,315.0,492.0
B00M3NZYKI,success,30912,331.0,495.0
B00M4L721S,success,23632,454.0,260.0
B00M0HVTUG,success,22550,336.0,500.0
B00M48154Q,success,37452,429.0,475.0
B00M4ZTI3Y,success,31192,451.0,195.0
B00M58CMYC,success,35729,469.0,476.0
B00M7QSDVS,success,20284,500.0,360.0
B00M53WI3C,success,17140,346.0,492.0
B00M7MYFAU,success,19547,472.0,286.0
B00M6Q9W50,success,24639,490.0,481.0
B00M8E0K06,success,45786,445.0,417.0
B00M8FZPEQ,success,11854,457.0,300.0
B00M9B3XZW,success,22408,424.0,324.0
B00M9B3S0W,success,20275,466.0,347.0
B00M9LBMC8,success,23223,457.0,408.0
B00M9DBBK4,success,20556,362.0,403.0
B00M9DQOYW,success,27433,348.0,493.0
B00MAQ6SQM,success,27485,330.0,484.0
B00MAVP5ES,success,21054,438.0,262.0
B00MBWIL0G,success,27571,391.0,421.0
B00MGLD3E6,success,28026,483.0,487.0
B00MGJH5U6,success,30041,406.0,363.0
B00MHX6TIA,success,36379,472.0,341.0
B00MH42BBI,success,24300,494.0,474.0
B00MGXZ4TQ,success,27918,493.0,309.0
B00M1C82VY,success,21357,458.0,246.0
B00MIYEJ9Y,success,8762,432.0,248.0
B00MJEYM5O,success,19947,497.0,255.0
B00MJSAIH6,success,9647,381.0,268.0
B00MJ1YR8Y,success,20306,399.0,353.0
B00MMLV7VQ,success,36711,458.0,333.0
B00MJSO5TS,success,6105,267.0,177.0
B00MLI3AE2,success,24485,283.0,468.0
B00MMLW3X2,success,29742,437.0,363.0
B00MIRXEOM,success,24491,408.0,465.0
B00MNOPS1W,success,34803,470.0,321.0
B00MMLXF52,success,21847,500.0,463.0
B00MN284T2,success,8071,381.0,130.0
B00MN2OKKO,success,10971,325.0,338.0
B00MNPB34W,success,18461,244.0,472.0
B00MSOND8C,success,24485,461.0,377.0
B00MT0SKAQ,success,30081,382.0,453.0
B00MTITJ94,success,16191,435.0,276.0
B00MQB055Q,success,38773,738.0,444.0
B00MUTWLW4,success,29948,418.0,272.0
B00MUTWMGY,success,38176,459.0,297.0
B00MVJYK6S,success,28014,466.0,367.0
B00MNOPS1C,success,36144,450.0,340.0
B00MVNBT36,success,25600,493.0,428.0
B00MVNBTDG,success,44240,446.0,406.0
B00MULE6KW,success,39402,488.0,241.0
B00MVWOFCO,success,13272,212.0,472.0
B00MVXX3LW,success,14324,233.0,344.0
B00MX6M5B6,success,16914,235.0,489.0
B00MZCDL2U,success,23545,459.0,372.0
B00N1RX7AE,success,7465,397.0,170.0
B00N1XLAZC,success,30467,437.0,485.0
B00N2359DU,success,17661,343.0,495.0
B00N3ODBBA,success,32501,440.0,386.0
B00N3J8NRW,success,7742,382.0,184.0
B00N3RW64K,success,17063,500.0,472.0
B00N442MH8,success,26025,361.0,471.0
B00N63V39K,success,35307,310.0,426.0
B00N8265I8,success,13062,481.0,281.0
B00N99FXIS,success,23002,475.0,304.0
B00N99LPC6,success,9204,250.0,124.0
B00N99FV76,success,23002,475.0,304.0
B00N8505DG,success,30872,306.0,499.0
B00N9ERISQ,success,28656,494.0,272.0
B00N4OBHNI,success,36075,420.0,313.0
B00NAMZA4Q,success,30352,339.0,407.0
B00N9OAQI0,success,24172,428.0,480.0
B00NBMHT6C,success,25468,379.0,481.0
B00NAQABEQ,success,39568,500.0,498.0
B00NBL2KK8,success,27692,500.0,455.0
B00NC06K3G,success,15062,430.0,290.0
B00NC06JRS,success,52015,482.0,499.0
B00NC088EA,success,36379,472.0,341.0
B00NCSQ5GK,success,23578,479.0,394.0
B00ND1KUSA,success,36931,451.0,315.0
B00NG05DS0,success,49544,492.0,276.0
B00NEYHIHM,success,21236,408.0,406.0
B00NBMLLXO,success,19843,497.0,281.0
B00NGK93AE,success,30680,276.0,455.0
B00NGXW8TO,success,25333,434.0,251.0
B00NH1AFFY,success,24007,486.0,278.0
B00NHK1H2U,success,14429,394.0,467.0
B00NGSLSK4,success,36012,494.0,321.0
B00NI96PWW,success,21973,416.0,301.0
B00NJF1IIG,success,35906,468.0,364.0
B00NJ4B9LI,success,29085,358.0,270.0
B00NJI7WC4,success,15093,304.0,217.0
B00NJVRWJ4,success,34479,449.0,312.0
B00NJNEDSU,success,26278,460.0,302.0
B00NM76PXY,success,21202,474.0,338.0
B00NMBIDXA,success,18064,472.0,317.0
B00NLAUF9W,success,17250,494.0,354.0
B00NMVEWC6,success,47464,493.0,497.0
B00NMTXYN6,success,14882,359.0,428.0
B00NNNRQL2,success,26896,496.0,232.0
B00NNQDY74,success,30714,264.0,456.0
B00NNQGHXC,success,25891,463.0,293.0
B00NNQFDIM,success,31628,464.0,327.0
B00NOEH4FS,success,15367,412.0,352.0
B00NOA58RS,success,22174,491.0,372.0
B00NOHT69M,success,32058,337.0,487.0
B00NSEKEMO,success,36999,472.0,467.0
B00NPZG6DW,success,24104,335.0,500.0
B00NSHLUFQ,success,23621,278.0,429.0
B00NR2NTOM,success,11815,304.0,486.0
B00NSHLVD2,success,21100,245.0,414.0
B00NSUQ9B8,success,23889,487.0,334.0
B00NOOX36M,success,15750,281.0,484.0
B00NT08MAI,success,60719,474.0,485.0
B00NTXH89Q,success,15739,208.0,413.0
B00NTR4598,success,18465,271.0,447.0
B00NTT6IF0,success,17442,204.0,445.0
B00NWEA9XO,success,17865,397.0,309.0
B00NTT6TC2,success,28813,458.0,284.0
B00NVUNRIS,success,30333,462.0,307.0
B00NWXSUVI,success,31765,463.0,467.0
B00NWS8OQY,success,10484,252.0,374.0
B00NX5G10M,success,14970,359.0,500.0
B00NYBGNQ2,success,18758,276.0,386.0
B00O0ADQYS,success,47965,500.0,442.0
B00O15BQC6,success,27220,459.0,500.0
B00O0ADT5O,success,26409,409.0,313.0
B00O0ADU4O,success,53911,491.0,492.0
B00O1XZJZI,success,22164,450.0,488.0
B00O23HKFO,success,24509,500.0,368.0
B00O1B5M9I,success,36251,406.0,362.0
B00O0ADPJE,success,30897,398.0,321.0
B00O23IQ66,success,20049,363.0,484.0
B00NZW28UU,success,15349,406.0,498.0
B00O3HXQUW,success,47932,495.0,399.0
B00O4GCWOS,success,10968,247.0,386.0
B00O65HZBC,success,36578,458.0,376.0
B00O66PYFA,success,25267,439.0,441.0
B00O6DO92M,success,36227,463.0,306.0
B00O23IQ7K,success,19395,364.0,487.0
B00O5VX2KK,success,23064,484.0,304.0
B00O8LANJA,success,25014,500.0,461.0
B00O96PD9O,success,6794,477.0,88.0
B00O65HZKS,success,36578,458.0,376.0
B00O96PDBM,success,6416,482.0,84.0
B00OAN0W4C,success,37689,480.0,331.0
B00OBHEQDK,success,36371,350.0,466.0
B00OBHEQ26,success,31286,350.0,466.0
B00OBQ5A18,success,24677,279.0,470.0
B00OBQ59UK,success,41195,442.0,458.0
B00ODC9AKW,success,23170,351.0,484.0
B00OBA5AZU,success,34093,369.0,356.0
B00ODC9HJG,success,27634,368.0,487.0
B00ODC9KJ8,success,27645,368.0,487.0
B00ODDNPNO,success,10774,287.0,380.0
B00ODVGN44,success,15198,175.0,267.0
B00OFQTOES,success,43219,273.0,462.0
B00OJBH8C4,success,23202,375.0,464.0
B00OFXV5IO,success,24376,454.0,464.0
B00OJHHYOA,success,47990,478.0,439.0
B00OJCD41C,success,40665,322.0,477.0
B00OKC9JK6,success,16424,398.0,442.0
B00OD38V2E,success,18610,454.0,303.0
B00OKSEVTY,success,26505,391.0,276.0
B00OKSEWL6,success,16603,387.0,256.0
B00O8RYVRO,success,31184,459.0,500.0
B00OOPD44Q,success,12627,332.0,500.0
B00OPVJ0JW,success,54237,431.0,347.0
B00OLNRTAG,success,33223,332.0,407.0
B00OQ0CYFE,success,17806,372.0,238.0
B00OPTN61W,success,47779,500.0,500.0
B00ORFSSQM,success,26677,467.0,440.0
B00OT92I5I,success,20399,342.0,173.0
B00OTK16FK,success,13577,456.0,167.0
B00OTK7WQM,success,27971,299.0,474.0
B00OTWP2KI,success,22174,242.0,342.0
B00OTWNSMM,success,22174,242.0,342.0
B00OTWOAAQ,success,7117,332.0,367.0
B00OTWONH6,success,23137,244.0,343.0
B00OTWPS52,success,21821,350.0,494.0
B00OTWPEBK,success,21930,243.0,344.0
B00OTWQIZG,success,21623,352.0,495.0
B00OVG190E,success,39865,457.0,497.0
B00OTXF8CY,success,41909,335.0,494.0
B00OTXEKXC,success,41885,336.0,495.0
B00OVDE0GC,success,17750,290.0,500.0
B00OW44GR8,success,13343,410.0,474.0
B00OZJQVTG,success,32098,445.0,313.0
B00OW44M0E,success,8495,217.0,313.0
B00OX6WUAA,success,22898,420.0,367.0
B00P0OPLI2,success,38850,500.0,234.0
B00P03TD8M,success,42994,486.0,382.0
B00P1SMJXC,success,16332,477.0,241.0
B00P2N01CW,success,23208,250.0,438.0
B00P0EOX1S,success,39947,394.0,289.0
B00P7Z7SXU,success,18999,470.0,144.0
B00P7XTWDG,success,11856,246.0,281.0
B00P7DVPKE,success,18817,358.0,353.0
B00P80CPCS,success,27942,452.0,144.0
B00P89AVRU,success,16977,497.0,343.0
B00P8DK7AM,success,36711,458.0,333.0
B00P8PK1WE,success,19122,400.0,292.0
B00PACTGXA,success,15488,276.0,456.0
B00PAPMSLE,success,7110,402.0,121.0
B00PAR2KHE,success,10012,181.0,423.0
B00PB6G49O,success,32196,404.0,250.0
B00PC07T02,success,13683,418.0,289.0
B00PBBD3MA,success,15274,328.0,306.0
B00PBZX0OM,success,15229,443.0,271.0
B00PCG57SM,success,42649,330.0,422.0
B00PG6M1PK,success,19840,433.0,271.0
B00PG6LWZ0,success,35101,500.0,312.0
B00PG6M57E,success,38506,499.0,335.0
B00PBBE4DC,success,32351,419.0,291.0
B00PG6M934,success,42428,500.0,364.0
B00PDHXL8I,success,15208,500.0,230.0
B00PHPW1NC,success,30708,371.0,385.0
B00PHPWLPA,success,12157,335.0,269.0
B00PG6M6XW,success,21856,373.0,232.0
B00PHRUSBC,success,41474,500.0,293.0
B00PHRUQ0K,success,42783,490.0,339.0
B00PHRUKWO,success,27309,486.0,314.0
B00PHRUWWC,success,44852,489.0,427.0
B00PHRUUP6,success,32405,491.0,273.0
B00PHRVCW6,success,23390,413.0,268.0
B00PHRVHZS,success,44590,500.0,390.0
B00PHRVUUK,success,29869,406.0,323.0
B00PHRVNKM,success,28986,402.0,321.0
B00PHRVLU4,success,25970,413.0,322.0
B00PHRVWYE,success,30610,427.0,338.0
B00PHRVYZG,success,31689,421.0,336.0
B00PHRW09A,success,63742,500.0,402.0
B00PJDNP5K,success,21210,261.0,412.0
B00PJMJCRG,success,33775,429.0,267.0
B00PKTU83U,success,11960,328.0,500.0
B00PK2POOU,success,9198,368.0,217.0
B00PKHML3W,success,17760,264.0,393.0
B00PRK8G1I,success,27514,407.0,444.0
B00PRND44E,success,33476,498.0,322.0
B00PTUQE4M,success,20558,468.0,376.0
B00PVIAFB0,success,28956,218.0,367.0
B00PVOY9T8,success,27711,462.0,295.0
B00PVQ5SV4,success,16574,252.0,426.0
B00PRM3H1A,success,34616,450.0,428.0
B00PW0MSXU,success,14948,353.0,281.0
B00PXLX2TC,success,40627,500.0,500.0
B00PXMWULC,success,12807,200.0,368.0
B00PIMKN1Q,success,27900,464.0,206.0
B00PXYRMPE,success,22210,492.0,288.0
B00PVIBIN4,success,24820,459.0,298.0
B00Q1RL64U,success,8947,303.0,88.0
B00PYY21UO,success,29917,426.0,259.0
B00Q2VIW9M,success,28497,370.0,442.0
B00Q2XNN3U,success,27697,386.0,411.0
B00Q2Z4FTE,success,27912,379.0,409.0
B00Q3OHC94,success,18289,494.0,257.0
B00Q441QRW,success,25530,418.0,267.0
B00Q4SH4KG,success,41243,494.0,429.0
B00Q4SMF32,success,22505,290.0,426.0
B00Q7GLIWU,success,29477,444.0,247.0
B00Q7GLGGS,success,31510,403.0,289.0
B00Q7GLLWC,success,34779,498.0,277.0
B00Q7OVXMW,success,30331,489.0,377.0
B00Q97L3VI,success,18052,414.0,232.0
B00Q3MF9YQ,success,27443,494.0,402.0
B00QDPEO0I,success,39374,500.0,360.0
B00Q9LCPOI,success,45742,500.0,352.0
B00QEXM4YC,success,24269,262.0,258.0
B00QHOCTG6,success,19835,256.0,500.0
B00QFY4JRA,success,37760,499.0,292.0
B00QO3ZQ42,success,26464,470.0,276.0
B00QGL59OO,success,14641,360.0,388.0
B00QPHW63G,success,28820,405.0,498.0
B00QPI3EE0,success,25253,418.0,498.0
B00QSP3INC,success,19190,290.0,444.0
B00QS0AKVK,success,28167,384.0,297.0
B00QUG4XL0,success,12183,275.0,500.0
B00QHYNAC8,success,31226,480.0,500.0
B00R1323WM,success,10976,500.0,243.0
B00R1AR93S,success,23213,301.0,499.0
B00QRPPCMI,success,33846,490.0,258.0
B00R1ARFKA,success,24179,299.0,498.0
B00R1ATORM,success,19261,499.0,355.0
B00QU5CR6E,success,41605,472.0,271.0
B00R1MXPFW,success,39263,500.0,288.0
B00R1XNL1O,success,22788,419.0,293.0
B00R2HRYJO,success,29391,418.0,373.0
B00R2HRYXU,success,23551,394.0,412.0
B00R5LH9HO,success,22108,416.0,233.0
B00R2A0LKU,success,38396,449.0,458.0
B00R9RF0EI,success,19471,413.0,494.0
B00R3DGKWY,success,25986,439.0,365.0
B00R61TNTA,success,24084,465.0,219.0
B00RBG6GBS,success,39341,500.0,338.0
B00RDE14KQ,success,30993,311.0,493.0
B00REWIF6S,success,16994,456.0,183.0
B00REWQNXK,success,30333,462.0,307.0
B00REET5GK,success,48141,500.0,500.0
B00R4QZUNA,success,31452,500.0,395.0
B00RDFW8XC,success,62696,500.0,264.0
B00RBG5J02,success,11543,350.0,182.0
B00RH69VT6,success,20260,460.0,304.0
B00RI9L514,success,38978,496.0,366.0
B00RK3T3OY,success,30115,494.0,268.0
B00RMYQU06,success,23686,494.0,343.0
B00RM5OF70,success,22811,493.0,366.0
B00RK2DSIM,success,79176,483.0,487.0
B00RKNND2W,success,44805,500.0,392.0
B00RNALPRC,success,21697,347.0,293.0
B00RNZ6COS,success,20125,462.0,378.0
B00RORBPCO,success,51989,498.0,370.0
B00RUPS2FI,success,16485,334.0,198.0
B00RORBPEW,success,25670,414.0,363.0
B00RPJOPFK,success,21386,470.0,369.0
B00RWHYVX6,success,25596,418.0,292.0
B00RW10WBC,success,18570,397.0,218.0
B00S2P0M1C,success,28450,477.0,475.0
B00S5JL3MC,success,27036,394.0,500.0
B00S7YFSK8,success,15580,242.0,432.0
B00S6B0IQ6,success,34370,467.0,481.0
B00SB6SPA2,success,38272,442.0,493.0
B00S8ISOW2,success,34867,499.0,358.0
B00S7ASHD2,success,38932,500.0,336.0
B00SC80YFI,success,22057,246.0,393.0
B00SGS7ZH4,success,28076,467.0,299.0
B00SHZSXVI,success,23698,472.0,368.0
B00SHM80HI,success,24384,376.0,298.0
B00SD9JC1I,success,23314,330.0,494.0
B00SCX78JS,success,33755,474.0,314.0
B00SHZSZZW,success,24004,499.0,393.0
B00S7S1FTM,success,26799,478.0,173.0
B00S0CTU2Y,success,5500,180.0,307.0
B00SJ4INFI,success,31742,352.0,500.0
B00SIJH3TG,success,20848,472.0,305.0
B00SK0FOHG,success,20590,417.0,217.0
B00SIYEJY8,success,34382,475.0,446.0
B00SLVAVAY,success,29612,342.0,494.0
B00SMBG8QY,success,12071,450.0,276.0
B00SMBGGV6,success,9433,417.0,224.0
B00SNBCBGE,success,50591,470.0,414.0
B00SMVLPIK,success,26880,301.0,498.0
B00SXU9RRQ,success,44012,387.0,479.0
B00SYENY0M,success,40404,494.0,449.0
B00SMVLUNK,success,25524,368.0,500.0
B00SYKXMKS,success,55485,412.0,492.0
B00T3ER7QO,success,65265,500.0,474.0
B00T3ECJSK,success,14383,237.0,238.0
B00T56GFTA,success,29607,460.0,494.0
B00T55FQ4G,success,17713,386.0,460.0
B00T56D9WQ,success,29806,422.0,499.0
B00T6P7QYS,success,32101,384.0,297.0
B00T7GDZXM,success,40282,490.0,427.0
B00T8LQ8VW,success,24226,460.0,331.0
B00T7XR888,success,30728,500.0,307.0
B00T991KF2,success,43425,462.0,409.0
B00TB09SKS,success,32298,420.0,335.0
B00TB0TTAC,success,39403,489.0,489.0
B00TCULFJ4,success,44240,480.0,427.0
B00TE94F7M,success,34281,455.0,316.0
B00TE94IHY,success,27719,450.0,280.0
B00TE94HJ8,success,28399,434.0,271.0
B00TCVHGZU,success,12807,200.0,368.0
B00TE94L5I,success,24797,377.0,237.0
B00TJQX9D6,success,21471,381.0,304.0
B00TIAY248,success,23423,500.0,247.0
B00TG5FPHS,success,38459,497.0,298.0
B00TE94GEE,success,35309,473.0,324.0
B00TKMQ3PK,success,12640,276.0,473.0
B00TKPAW9A,success,6490,450.0,189.0
B00TLHJAZY,success,11619,296.0,472.0
B00TPFWN6A,success,21208,500.0,416.0
B00TQ5TDLC,success,44429,500.0,386.0
B00TR0570W,success,30800,418.0,317.0
B00TR05L9Y,success,33103,296.0,494.0
B00TQQN4WU,success,20043,360.0,276.0
B00TOT9G1W,success,34883,467.0,405.0
B00TTWZBYA,success,16302,332.0,121.0
B00TSJHBTC,success,17861,306.0,490.0
B00TREI0F2,success,34818,312.0,448.0
B00TZR3WRM,success,17161,305.0,453.0
B00TUBG5NG,success,47023,475.0,500.0
B00U0WG6ZG,success,26554,499.0,440.0
B00TZRPNZG,success,13182,244.0,377.0
B00U1V4ASQ,success,27802,284.0,474.0
B00U29GN6O,success,14701,290.0,233.0
B00U0WUGXO,success,23679,442.0,424.0
B00U0WUI1O,success,22641,455.0,424.0
B00U18UZLA,success,26960,451.0,344.0
B00U2E4LZO,success,6298,401.0,186.0
B00U3GTD72,success,26832,425.0,489.0
B00U5UAI7K,success,46581,446.0,346.0
B00U77TFOS,success,27337,343.0,494.0
B00U6GOXUQ,success,16843,364.0,371.0
B00U8FJUDU,success,17302,173.0,485.0
B00U8PKE0S,success,29644,468.0,295.0
B00U7ZX6ZE,success,14379,235.0,453.0
B00UB7ZUBG,success,50819,460.0,500.0
B00UB7ZVDS,success,36759,300.0,500.0
B00UB8QO42,success,17440,386.0,233.0
B00UBGU4PY,success,11463,313.0,342.0
B00UC9I0NI,success,34932,499.0,298.0
B00UCENG14,success,21587,402.0,271.0
B00UBFXMXG,success,30710,465.0,354.0
B00UE9NK86,success,7816,460.0,201.0
B00UGL316I,success,32434,441.0,250.0
B00UI494BY,success,29153,400.0,296.0
B00UJE5JYO,success,28270,462.0,293.0
B00UGEBB94,success,29552,454.0,263.0
B00UUCQVBK,success,14072,466.0,237.0
B00UPKMVCU,success,16276,498.0,124.0
B00UVQ7PRY,success,22705,385.0,246.0
B00UNDF7IY,success,30078,227.0,494.0
B00UVUU44Q,success,27304,466.0,236.0
B00UW08HBM,success,67108,432.0,500.0
B00UW08IDY,success,25618,498.0,216.0
B00UX32OX0,success,13343,483.0,211.0
B00UWGUKKM,success,30606,497.0,331.0
B00UWO7AP2,success,30256,454.0,309.0
B00ST0SCLC,success,16715,498.0,314.0
B00V3A0LRS,success,26679,456.0,484.0
B00UZ71KKW,success,4935,190.0,99.0
B00V4E25MW,success,19149,271.0,500.0
B00V8VLF5E,success,28338,276.0,381.0
B00V49LV86,success,25855,331.0,478.0
B00V8FAWC2,success,29428,413.0,252.0
B00V8VM7SS,success,26634,465.0,258.0
B00V8VMXFU,success,53393,500.0,500.0
B00V8Y6OMK,success,20079,418.0,239.0
B00V8VNL2E,success,37519,476.0,311.0
B00V9FN2VY,success,17544,399.0,500.0
B00VAG4M8E,success,23589,323.0,288.0
B00V9RKSAA,success,20705,461.0,500.0
B00VBNQJKU,success,21182,400.0,245.0
B00VBNQJSM,success,42028,500.0,342.0
B00VBQT6R0,success,23681,340.0,462.0
B00VFLWOC0,success,33919,478.0,464.0
B00VDVCQ84,success,20702,399.0,362.0
B00VGJI1RS,success,11547,494.0,334.0
B00VIKL1P4,success,32732,500.0,488.0
B00V8VMLA2,success,26026,399.0,399.0
B00VIMCGPQ,success,17060,321.0,371.0
B00VINNTRO,success,21087,313.0,428.0
B00VK9C24M,success,32494,427.0,489.0
B00VIPM9JQ,success,12381,313.0,300.0
B00VIKYN8Q,success,24964,329.0,438.0
B00VK9PRIU,success,25924,364.0,481.0
B00VM984YC,success,22696,436.0,251.0
B00VRC6D3S,success,22962,453.0,212.0
B00VM5I3PG,success,48187,335.0,349.0
B00VRC6U2C,success,34712,480.0,321.0
B00VRCLHYS,success,32365,400.0,303.0
B00VRKVGJG,success,43489,459.0,379.0
B00VSFL35W,success,32251,412.0,343.0
B00VTDDAMC,success,20621,308.0,476.0
B00VV6X1UI,success,23289,342.0,449.0
B00VUK4R08,success,23159,483.0,275.0
B00VWSDU7E,success,18463,472.0,144.0
B00W0ZI226,success,17189,438.0,364.0
B00W25DUL2,success,16913,299.0,455.0
B00W0YYPSW,success,16931,325.0,413.0
B00W0ZOBDA,success,16847,316.0,478.0
B00W2F57S6,success,14286,172.0,190.0
B00W3E5G3C,success,13861,164.0,257.0
B00W77BKEY,success,12279,447.0,208.0
B00W95RR32,success,24134,461.0,375.0
B00W4AMWCI,success,21851,500.0,500.0
B00W9FLKTY,success,40193,481.0,451.0
B00WBIYADC,success,46211,451.0,350.0
B00W8FN03Y,success,86221,500.0,500.0
B00WE38TS6,success,28110,480.0,469.0
B00WF9YNL6,success,18148,462.0,305.0
B00WE1RWCC,success,41172,488.0,488.0
B00WF78GS4,success,45350,500.0,440.0
B00WKI4WFO,success,10439,375.0,128.0
B00WJIC4PA,success,16899,348.0,465.0
B00WMFR5PY,success,9739,381.0,268.0
B00WMK3D0K,success,7650,495.0,109.0
B00WMDT6O4,success,19665,284.0,476.0
B00WMLOQEG,success,27194,448.0,416.0
B00WMLU9M4,success,24556,495.0,275.0
B00WMLUZJ6,success,14258,245.0,409.0
B00WMLXXM2,success,25252,497.0,357.0
B00WMM3ZC4,success,24285,432.0,446.0
B00WMM48Q6,success,22159,432.0,378.0
B00WMWYUN2,success,35695,420.0,306.0
B00WMLY6TG,success,19259,283.0,463.0
B00WQG6A8C,success,48478,486.0,326.0
B00WSLWEQC,success,24862,494.0,399.0
B00WSLWRAA,success,15745,250.0,447.0
B00WSLYQ7C,success,26219,348.0,473.0
B00WSLZ1G2,success,37521,339.0,500.0
B00WNEU47U,success,31146,500.0,281.0
B00WSLZFTK,success,34148,500.0,469.0
B00WSM2TRK,success,29312,319.0,487.0
B00T03KQ34,success,35787,461.0,325.0
B00WSM14NK,success,31028,294.0,488.0
B00WTQDV5E,success,38938,430.0,499.0
B00WSM6W8W,success,19865,380.0,421.0
B00WTZW1F6,success,12345,264.0,450.0
B00T03KR8I,success,35787,461.0,325.0
B00WTZX9W0,success,15901,349.0,408.0
B00WTZWBPG,success,21722,371.0,440.0
B00WTZUBGC,success,11980,262.0,440.0
B00WSM3LUY,success,17079,229.0,336.0
B00WU0KVV6,success,14157,454.0,353.0
B00WU0P6PW,success,32310,322.0,500.0
B00WU00A9Y,success,15095,343.0,449.0
B00WU0RIVM,success,12484,338.0,306.0
B00WU0PYXG,success,14324,212.0,346.0
B00WU0W0V0,success,25661,301.0,500.0
B00WU1BYTI,success,30544,500.0,461.0
B00WU35CKS,success,19465,409.0,293.0
B00WU36LNU,success,18041,372.0,325.0
B00WU2KJSO,success,36141,332.0,456.0
B00WU2KJ5W,success,37665,327.0,461.0
B00WU374RM,success,14465,458.0,270.0
B00WU38IMW,success,15984,497.0,219.0
B00WU37B2K,success,42703,442.0,457.0
B00WU38N6I,success,14827,282.0,360.0
B00WU4MVM4,success,18635,262.0,408.0
B00WU3V982,success,16029,229.0,487.0
B00WU39AP6,success,25636,478.0,315.0
B00WU63KL8,success,18141,236.0,494.0
B00WU7YXEK,success,21173,489.0,488.0
B00WU89DM6,success,35427,457.0,500.0
B00WUCHEH8,success,27531,486.0,500.0
B00WUCTEI0,success,31104,409.0,500.0
B00WUEEW2Q,success,28347,255.0,456.0
B00WUEUJ5U,success,24984,321.0,432.0
B00WU8G7HU,success,25131,423.0,367.0
B00WUF45UO,success,13672,208.0,455.0
B00WUFW22C,success,12931,245.0,475.0
B00WUFMATM,success,13551,229.0,347.0
B00WUGBIFI,success,31838,476.0,437.0
B00WUCI90E,success,17942,492.0,500.0
B00VW6MY2S,success,26345,392.0,228.0
B00WUGOKGW,success,25297,466.0,495.0
B00WUGT0B2,success,14396,195.0,318.0
B00WUI38F4,success,46846,500.0,430.0
B00WUI07XK,success,31901,500.0,398.0
B00WUI3O2Q,success,12157,495.0,331.0
B00WUI2OSG,success,40532,499.0,345.0
B00WUI4TFM,success,28098,421.0,349.0
B00WUI4VBE,success,12541,194.0,489.0
B00WUI5CBM,success,29129,438.0,374.0
B00WUI6QJO,success,20069,304.0,280.0
B00WUI3UNY,success,47262,442.0,438.0
B00WUI6M5C,success,38441,499.0,497.0
B00WUI6VDK,success,40148,500.0,371.0
B00WUI7ZNA,success,25888,260.0,470.0
B00WUI9HUO,success,16542,188.0,497.0
B00WUI708K,success,26671,199.0,498.0
B00WUI1ELO,success,20838,303.0,495.0
B00WUIA5MI,success,17932,295.0,308.0
B00WUIALT0,success,26118,497.0,232.0
B00WUIAUWS,success,14638,385.0,141.0
B00WUIB9F0,success,32941,494.0,278.0
B00WUIC6P2,success,15659,362.0,164.0
B00WUI8JN0,success,47655,499.0,378.0
B00WUICIVE,success,14264,152.0,457.0
B00WUICQT8,success,26582,500.0,213.0
B00WUIDE8K,success,30323,314.0,373.0
B00WUIDQLK,success,20986,253.0,375.0
B00WUIDJ1M,success,75804,498.0,499.0
B00WUIEBH8,success,26214,406.0,258.0
B00WUIFOZQ,success,23764,392.0,277.0
B00WUIG25W,success,38998,500.0,319.0
B00WUIEQY6,success,49404,471.0,499.0
B00WUIGB80,success,29898,407.0,233.0
B00WUIGLRQ,success,23340,494.0,221.0
B00WUIHEIQ,success,29282,432.0,361.0
B00WUII33Q,success,47356,500.0,439.0
B00WUIIM00,success,33570,303.0,391.0
B00WUIJ1V4,success,32018,449.0,344.0
B00WUIJKME,success,39440,499.0,327.0
B00WUILCBQ,success,19230,233.0,340.0
B00WUIL5QS,success,15532,300.0,240.0
B00WUIMD28,success,21477,303.0,465.0
B00WUILZKE,success,29691,457.0,267.0
B00WUILPSQ,success,41376,495.0,375.0
B00WUIJBFA,success,15517,456.0,261.0
B00WUIMVI4,success,52220,500.0,347.0
B00WUIS0SO,success,15414,457.0,392.0
B00WUIT2D6,success,26541,335.0,480.0
B00WUJJK4Q,success,10775,199.0,322.0
B00WUMRUS6,success,22626,448.0,490.0
B00WUNE7FE,success,24006,385.0,348.0
B00WUIXW14,success,23459,316.0,494.0
B00WUNA0DC,success,10628,208.0,442.0
B00WUN9PE2,success,23457,278.0,396.0
B00WUJJ1E0,success,16065,371.0,409.0
B00WUNHTDQ,success,16576,227.0,340.0
B00WUNKY38,success,23603,320.0,500.0
B00WUNL3B0,success,19612,342.0,481.0
B00WUO08PG,success,32246,451.0,494.0
B00WUNMNQE,success,24129,346.0,483.0
B00WUO8PZQ,success,32292,482.0,479.0
B00WUOE802,success,17576,242.0,470.0
B00WUO79JE,success,19105,497.0,306.0
B00WUOEKN2,success,19068,276.0,459.0
B00WUOMQNI,success,12776,295.0,477.0
B00WUOBAEY,success,16641,490.0,225.0
B00WUOQZU8,success,9692,262.0,279.0
B00WUQCER4,success,12873,366.0,500.0
B00WUREXIQ,success,21651,296.0,421.0
B00WUPX1Q8,success,11435,215.0,453.0
B00WURKW1S,success,14886,368.0,495.0
B00WURPIQ2,success,28692,349.0,500.0
B00WURT37C,success,24414,216.0,497.0
B00WURHLEY,success,23751,234.0,498.0
B00WU357ZI,failed,0,,
B00WUS1UDQ,success,29217,345.0,496.0
B00WUTHOQ2,success,32705,342.0,474.0
B00WUZCUC4,success,14482,274.0,441.0
B00WWNFRD8,success,32078,387.0,489.0
B00WUWZI7G,success,21834,404.0,452.0
B00WXN73RU,success,31145,446.0,499.0
B00X140LT2,success,11216,306.0,328.0
B00X4F6VGU,success,18148,462.0,305.0
B00X5P8BJO,success,34099,449.0,309.0
B00X5X2NXQ,success,30879,459.0,355.0
B00X3LEJBE,success,38449,464.0,468.0
B00X140SQS,success,14615,312.0,288.0
B00XBTUK5M,success,33369,493.0,330.0
B00XBZY0EI,success,29340,476.0,476.0
B00XI4SMGO,success,41691,500.0,439.0
B00XHUXE80,success,44440,493.0,190.0
B00XHZ6Q3U,success,22177,475.0,396.0
B00XI6A46I,success,19449,415.0,191.0
B00XIGAV5M,success,9349,490.0,174.0
B00XJ7QAC8,success,16628,460.0,371.0
B00XITS2QO,success,8364,500.0,162.0
B00XJE4VAE,success,11846,199.0,467.0
B00XJT1RGU,success,17504,305.0,489.0
B00X69BZPG,success,31965,485.0,370.0
B00WUI9ITO,success,14593,214.0,251.0
B00XI4PAD2,success,42822,459.0,390.0
B00XK9XUW8,success,22470,500.0,431.0
B00XJYPBS0,success,33187,425.0,246.0
B00XLSS74O,success,26166,383.0,259.0
B00XK1SHGK,success,49522,494.0,469.0
B00XJXR1J8,success,84113,500.0,447.0
B00XLSS79Y,success,10193,305.0,217.0
B00XNG06FW,success,12960,192.0,496.0
B00XTH0WL8,success,57338,378.0,435.0
B00XU6IMWY,success,15028,454.0,327.0
B00XU6PM68,success,14277,453.0,325.0
B00XTGX3ME,success,46719,449.0,288.0
B00XQNGMBO,success,37678,467.0,480.0
B00XZ42HBI,success,36479,408.0,455.0
B00Y0F6IBG,success,26356,447.0,435.0
B00Y7GUZ7G,success,29208,341.0,319.0
B00Y20UI1K,success,27454,461.0,494.0
B00Y1BWM3W,success,24500,336.0,475.0
B00Y3SD44E,success,31341,411.0,341.0
B00YARCGHO,success,81798,429.0,487.0
B00Y09G6JG,success,35600,445.0,272.0
B00YCBKGZC,success,11753,382.0,500.0
B00YCBOR3Y,success,23853,500.0,500.0
B00YCBI0Z0,success,4927,242.0,129.0
B00YI6C0FA,success,35974,473.0,396.0
B00YI6Q1VY,success,29180,500.0,279.0
B00YKF2EAU,success,27480,458.0,284.0
B00YP3G6YW,success,15329,406.0,283.0
B00YR6BMOQ,success,19894,443.0,288.0
B00YO2T6ZA,success,27625,249.0,447.0
B00YPUQLUY,success,27886,386.0,379.0
B00YUU4B60,success,58422,438.0,316.0
B00YUO2L7W,success,19985,418.0,465.0
B00YY3X678,success,17512,450.0,269.0
B00YY3WDSQ,success,15580,242.0,432.0
B00YR6BMS2,success,32740,427.0,307.0
B00Z7ZACEM,success,30750,255.0,430.0
B00YWLJNPQ,success,38652,485.0,467.0
B00ZIQZBTG,success,13327,422.0,248.0
B00ZV498VC,success,27484,474.0,288.0
B00ZBA3OSO,success,15253,251.0,478.0
B00ZR6GZ42,success,19573,447.0,366.0
B00ZS8GWUG,success,23139,360.0,498.0
B00ZGVTSM4,success,54567,402.0,412.0
B00ZR1WX02,success,15996,235.0,417.0
B00ZZOXCOC,success,29581,489.0,463.0
B00ZYLMQH0,success,23916,494.0,188.0
B0101SYA1K,success,26174,498.0,235.0
B0101SY5LA,success,27809,490.0,229.0
B00ZY1J1JG,success,107201,500.0,495.0
B00ZVS9N4A,success,57135,462.0,253.0
B0105TIGI8,success,34672,377.0,270.0
B0105NCAP4,success,8107,263.0,372.0
B0105VDCZ8,success,29242,477.0,455.0
B0100WQI7Q,success,19442,449.0,352.0
B0107OK7S8,success,27902,358.0,485.0
B0107WH8Q4,success,26105,499.0,232.0
B010C93ZZA,success,22833,454.0,288.0
B01097XD0W,success,19929,363.0,280.0
B010DODAWM,success,30308,459.0,298.0
B010E5OWOK,success,59392,422.0,500.0
B0106IS5XY,success,18300,261.0,464.0
B010FGJKWC,success,27874,277.0,466.0
B010NA2NBU,success,21016,437.0,462.0
B010MTKXLE,success,22670,297.0,422.0
B010OPRNW8,success,20030,486.0,384.0
B010TY3LZ2,success,40093,421.0,498.0
B010FAU86K,success,29981,494.0,287.0
B010QOYKGE,success,29246,488.0,310.0
B010XHCSKE,success,27967,454.0,315.0
B010U4Z5A0,success,52280,500.0,439.0
B0110RZ0A6,success,16448,383.0,380.0
B0118J87VU,success,17999,443.0,145.0
B0115PRL4G,success,27650,387.0,496.0
B01133CT88,success,24672,372.0,165.0
B01195G5FS,success,20080,352.0,475.0
B011DG5B4E,success,25208,346.0,467.0
B011B2HWAG,success,30941,270.0,470.0
B011A49BYA,success,24714,343.0,494.0
B011IH5ZHG,success,12299,249.0,426.0
B011BVNOXQ,success,19764,406.0,313.0
B011J72QE0,success,35843,464.0,322.0
B011B8QW38,success,17940,359.0,202.0
B011KFQASE,success,29063,402.0,247.0
B011KPIZ9G,success,25652,454.0,183.0
B011RNR3US,success,17727,476.0,247.0
B011IH685E,success,14857,306.0,453.0
B011PKJI2Y,success,47047,475.0,494.0
B011IKGT46,success,37066,466.0,397.0
B011VB1XDE,success,19817,500.0,425.0
B011TTBX7Y,success,14946,446.0,422.0
B011VB21DU,success,33933,401.0,500.0
B012D0JJPQ,success,21065,351.0,482.0
B01251KZUQ,success,23451,323.0,491.0
B012DT6LIA,success,11751,489.0,263.0
B012DTDBI8,success,41732,490.0,373.0
B012DTDI2C,success,41732,490.0,373.0
B012DTEMQ8,success,25848,413.0,241.0
B012F2Q5OA,success,18708,472.0,431.0
B00YEH0X2A,success,26427,323.0,476.0
B012DT6HWA,success,19587,481.0,135.0
B012F2QMA2,success,26297,300.0,499.0
B0134XRXRM,success,41732,490.0,373.0
B012UNOCJY,success,38214,500.0,440.0
B012DTDXEK,success,24870,489.0,278.0
B012IBOCRU,success,29228,488.0,332.0
B012VE1G5U,success,15171,470.0,293.0
B012WDS72K,success,38420,500.0,415.0
B012VKW900,success,11081,500.0,196.0
B013D1BBBY,success,26236,398.0,298.0
B013GD2LH2,success,7852,359.0,280.0
B013HSW4OG,success,13733,291.0,395.0
B013HSW4WI,success,14788,295.0,395.0
B013HSW4SM,success,14173,290.0,396.0
B013J7JM4K,success,32127,457.0,500.0
B013HSW50Y,success,13998,294.0,395.0
B013J7JZWY,success,19899,179.0,381.0
B013JLO7C8,success,26866,305.0,377.0
B013JLQP7S,success,53191,488.0,500.0
B013JLQ8MK,success,30564,467.0,471.0
B013JLON9U,success,39674,474.0,328.0
B013QFKUSM,success,41181,311.0,474.0
B013KBUF64,success,25724,454.0,246.0
B013SO2EA8,success,24301,481.0,425.0
B013LKLIB0,success,24571,226.0,396.0
B013SJRHWS,success,29277,446.0,494.0
B013S0N2OY,success,26855,500.0,179.0
B013T9CEDE,success,12551,197.0,460.0
B013HSW4N2,success,19001,365.0,487.0
B013ZTZ3CM,success,22220,463.0,294.0
B014389KAA,success,38997,404.0,405.0
B0142T6LWU,success,18795,229.0,344.0
B0145EVLMM,success,40162,500.0,186.0
B014469CUE,success,21825,267.0,488.0
B0145EOFDO,success,19448,436.0,480.0
B0144Z4FZC,success,20661,494.0,327.0
B0145NHF5K,success,10216,483.0,468.0
B0145JXTN6,success,45135,288.0,500.0
B0145MVJUS,success,32160,492.0,345.0
B014854RBK,success,27540,450.0,316.0
B0147K6UDO,success,27393,212.0,494.0
B0148NPIQK,success,16421,284.0,468.0
B0148NPAT0,success,33800,496.0,222.0
B0146DD02G,success,27222,424.0,297.0
B014ALWJA8,success,10293,176.0,303.0
B0149KMHHK,success,35336,471.0,359.0
B0149QBOF0,success,30834,464.0,364.0
B014C1LO3O,success,49530,342.0,500.0
B014F30WYQ,success,44350,464.0,318.0
B014F2GLL0,success,12478,418.0,280.0
B014GSEQ06,success,17764,418.0,274.0
B014DYJ67Q,success,10943,418.0,348.0
B014IMVNIS,success,22849,310.0,268.0
B014JCWH6O,success,32541,492.0,164.0
B014LE6A6I,success,25653,453.0,288.0
B014B830R6,success,39525,500.0,299.0
B013JLRWKW,success,25869,351.0,363.0
B014GSER6O,success,9423,294.0,396.0
B014MIBQXA,success,29995,475.0,416.0
B014LQS88O,success,14913,267.0,247.0
B014N53JVO,success,18979,484.0,145.0
B014RRA3Z8,success,16725,288.0,429.0
B014W20BAA,success,18307,470.0,178.0
B014P3FP34,success,31500,412.0,500.0
B014W1XIS8,success,21566,283.0,446.0
B014W20C90,success,41248,493.0,494.0
B014X23ATS,success,15976,439.0,205.0
B014ZQ07NE,success,21504,413.0,421.0
B014WAJ4P0,success,21677,268.0,400.0
B014W20BFA,success,13274,421.0,124.0
B0151KNFLY,success,25621,324.0,438.0
B014X4UVNE,success,18907,422.0,301.0
B01528HCGE,success,22488,332.0,500.0
B0153X46IU,success,23779,500.0,232.0
B0154EEUNE,success,35669,495.0,325.0
B0154S03NG,success,12043,177.0,489.0
B0152GBS66,success,24288,327.0,438.0
B0155LHSMG,success,13712,410.0,255.0
B01578ZK9A,success,16828,500.0,312.0
B014W9D1EQ,success,38265,492.0,250.0
B0157LQTX8,success,11206,172.0,304.0
B015806MHG,success,23005,467.0,332.0
B0156KV764,success,16345,404.0,368.0
B015806LSQ,success,22618,356.0,222.0
B0158TUIP4,success,21055,494.0,483.0
B015CFY3WS,success,28819,387.0,452.0
B015CQ8PNA,success,28778,426.0,297.0
B015CVOEW6,success,27497,282.0,458.0
B015D3YLVW,success,31182,479.0,387.0
B015FP25V6,success,47109,496.0,318.0
B015HWLB2G,success,6020,152.0,252.0
B015EL1EMC,success,32376,277.0,455.0
B015HWLCUW,success,12621,300.0,343.0
B015JQ60NA,success,40068,385.0,476.0
B015HWLY3C,success,11096,489.0,168.0
B015K3APWO,success,30689,445.0,442.0
B015LSEQ28,success,37735,410.0,476.0
B015LSEUS8,success,34439,492.0,402.0
B015N8XR9O,success,27860,294.0,500.0
B015JU72P6,success,27141,474.0,263.0
B015N8XRHG,success,22350,302.0,496.0
B015OR9R8O,success,26020,482.0,490.0
B015P8V4ME,success,12671,300.0,168.0
B015PYYBW8,success,26193,462.0,296.0
B015O5UM6M,success,46795,458.0,500.0
B015SYS2GQ,success,16200,485.0,275.0
B015TPLFFO,success,34459,490.0,350.0
B015S7FTS2,success,11195,361.0,288.0
B015SJIUZY,success,36582,499.0,290.0
B0146YF1FO,success,34924,465.0,217.0
B015WCV70W,success,26225,314.0,244.0
B015W7OTGG,success,18372,453.0,283.0
B015ZG9964,success,16828,500.0,312.0
B015XBK5NM,success,24882,464.0,315.0
B015XIIQY0,success,39941,202.0,500.0
B015ZD71P8,success,29169,466.0,324.0
B015XSFHTC,success,21751,271.0,461.0
B0161BJW9G,success,27376,467.0,323.0
B0161DGXIC,success,38379,450.0,342.0
B0161YR560,success,40989,490.0,273.0
B0163IUULG,success,38177,390.0,483.0
B0163JVYEW,success,25363,359.0,490.0
B0163MY3LA,success,16203,473.0,310.0
B0166R6H7A,success,18417,406.0,341.0
B0164R2WNK,success,23230,394.0,276.0
B0166R6JUA,success,13919,297.0,418.0
B01676KFTQ,success,34247,462.0,271.0
B0167CCNTU,success,12057,496.0,275.0
B0167W1VAM,success,12897,304.0,293.0
B01694XMF0,success,26525,347.0,467.0
B01682HVV4,success,23856,259.0,453.0
B01682HZAQ,success,22936,445.0,306.0
B0169E9UGK,success,15313,330.0,320.0
B016AY6CB0,success,19852,310.0,465.0
B0169EJSNK,success,34838,472.0,310.0
B016B7UG18,success,21320,414.0,367.0
B0164R38KQ,success,19444,362.0,237.0
B0169XZ7S6,success,16581,412.0,278.0
B016CLPPFA,success,34766,411.0,254.0
B0154RZUH6,success,15108,228.0,478.0
B0169E9YG6,success,38783,500.0,352.0
B016F3JE2K,success,10871,335.0,242.0
B016ESP5GU,success,20260,453.0,243.0
B016I4QMOE,success,30292,285.0,500.0
B016GNX4SE,success,28917,427.0,262.0
B016DG1YKO,success,3909,126.0,245.0
B016L0DRXE,success,30273,436.0,417.0
B016M91SS0,success,32177,500.0,220.0
B016MXPQMA,success,22243,423.0,473.0
B016MPIFWQ,success,25836,367.0,396.0
B016OF0IDI,success,19841,455.0,460.0
B016G5Z4GC,success,65654,425.0,492.0
B016O5H3HM,success,17395,392.0,455.0
B016OYO0AG,success,23198,465.0,369.0
B016MAOS5E,success,28749,297.0,497.0
B016PRO6CE,success,25813,281.0,421.0
B016QO5N1O,success,41467,500.0,337.0
B016PW2W70,success,26406,281.0,420.0
B016PT7FAM,success,26486,282.0,420.0
B016V1AVV4,success,33098,500.0,500.0
B016R9VZY2,success,48055,500.0,213.0
B016SN92V0,success,31723,271.0,500.0
B016WD3F6E,success,25108,454.0,304.0
B016Y8XJCW,success,19181,399.0,480.0
B016VLEM5K,success,16306,472.0,336.0
B016WK6N0W,success,27755,338.0,448.0
B016QO85WS,success,22567,422.0,404.0
B016YJDV74,success,24228,239.0,394.0
B0170RBJ9Q,success,40967,498.0,500.0
B016ZMRCE8,success,22170,381.0,500.0
B0173QD5L4,success,32034,492.0,303.0
B01725JL8C,success,40836,414.0,303.0
B0173QNVT0,success,33150,487.0,307.0
B0173QSFWS,success,35417,491.0,305.0
B0174ARTIE,success,31577,412.0,315.0
B01773V970,success,25262,416.0,494.0
B0174AUAWG,success,42246,497.0,378.0
B017EGB5LU,success,39472,445.0,480.0
B017IS057O,too_small,4155,50.0,467.0
B017LRFVKS,success,33523,500.0,188.0
B017IS06KA,success,28166,408.0,493.0
B017L216T8,success,13442,400.0,441.0
B017NNSB9S,success,28814,468.0,364.0
B017N6Y08Q,success,32952,477.0,468.0
B017MNWJUG,success,25123,476.0,295.0
B017NPX5GK,success,19731,472.0,275.0
B017JY0UTU,success,34844,302.0,453.0
B017O0TTM8,success,42202,492.0,492.0
B017PDWTJY,success,7765,497.0,160.0
B017SJKHIK,success,18978,313.0,496.0
B017OJEAL4,success,34748,422.0,341.0
B017QZ483G,success,48027,476.0,336.0
B017SP7BV0,success,32106,482.0,415.0
B017SAGTMC,success,23373,479.0,288.0
B017QDHENY,success,15941,413.0,268.0
B017SR5GHE,success,34012,468.0,475.0
B017XQBEPS,success,6811,480.0,147.0
B017XSJZL6,success,19617,324.0,497.0
B017TAWAVA,success,32806,450.0,453.0
B017T99JPG,success,24337,455.0,238.0
B0184SAWXY,success,30506,440.0,220.0
B017SRHRR6,success,23284,380.0,379.0
B0185I7OD4,success,21864,174.0,490.0
B0185KS37I,success,30928,494.0,460.0
B01882XYPO,success,46550,500.0,346.0
B0185M6CRE,success,15778,446.0,153.0
B0186B6UJY,success,26105,394.0,277.0
B0189S9Y2E,success,27351,288.0,500.0
B018A60A28,success,19812,432.0,243.0
B0188MSALC,success,32016,413.0,403.0
B018AMDCLI,success,17036,300.0,426.0
B018AAL1PY,success,42989,446.0,435.0
B01879EMWM,success,21893,458.0,292.0
B018E5LYDY,too_small,4754,53.0,467.0
B018KAR7G6,success,13777,276.0,494.0
B018I99YCY,success,19983,437.0,471.0
B018LH6FWK,success,36498,485.0,279.0
B018K5EJCQ,success,39502,473.0,410.0
B018AX3OHO,success,26798,462.0,304.0
B018KGK3XO,success,18480,500.0,323.0
B018PZHB26,success,26336,495.0,428.0
B018RP7X0O,success,15033,236.0,457.0
B018UB3HU0,success,32079,448.0,500.0
B018RV7SSU,success,21433,376.0,490.0
B018S3OQMS,success,27376,448.0,363.0
B018VR9KEU,success,24092,463.0,428.0
B018UP7Z5O,success,36884,484.0,459.0
B018YQJWM8,success,16049,304.0,216.0
B0193YMHUO,success,41908,500.0,443.0
B01997LHU6,success,22861,442.0,231.0
B01985CJUG,success,12520,204.0,474.0
B0192LPK5M,success,19344,499.0,431.0
B0199BCKYY,success,18456,407.0,232.0
B0199BF5KA,success,20309,398.0,217.0
B0199BF6TA,success,23913,423.0,272.0
B019D00NK4,success,19469,448.0,227.0
B019DB5QQ4,success,29852,494.0,493.0
B0199W9UMS,success,20043,360.0,276.0
B0194F3YNQ,success,50596,479.0,500.0
B019EFMK1I,success,16154,329.0,268.0
B019EZDT04,success,22342,396.0,476.0
B019G58J2A,success,15927,409.0,335.0
B019G7VPTC,success,33395,477.0,338.0
B019J7JQVI,success,22032,392.0,288.0
B019O9KTGM,success,20180,244.0,455.0
B019OB663A,success,18818,260.0,466.0
B019HK5BRU,success,22263,488.0,193.0
B019NOC5WO,success,25389,462.0,291.0
B019PZCYA4,success,13830,437.0,231.0
B019Q88WOW,success,12961,305.0,189.0
B019VM3GKI,success,30458,376.0,438.0
B019RD7LY8,success,14002,500.0,229.0
B019XKRMM6,success,16150,430.0,477.0
B01A0ZRR50,success,30364,468.0,420.0
B01A0MTUAS,success,19380,290.0,500.0
B01A756PA6,success,21375,377.0,252.0
B01A75EXSM,success,20919,433.0,252.0
B01A75C0PA,success,46165,499.0,335.0
B01A75AIBI,success,40497,500.0,350.0
B01A86LI6K,success,23102,309.0,262.0
B01A75DKFO,success,50198,499.0,408.0
B01A8DUR74,success,39195,449.0,260.0
B01A86MXVE,success,36108,493.0,370.0
B01AAAU1EE,success,26735,465.0,316.0
B01A9E2IMY,success,16586,199.0,260.0
B01AAF8HVI,success,13479,480.0,182.0
B01AFR8PW2,success,12505,443.0,266.0
B01AKO3WWS,success,25481,392.0,316.0
B01AKCM5YG,success,43174,500.0,328.0
B01AHXH5BQ,success,28446,468.0,494.0
B01AKSJUH0,success,36463,471.0,498.0
B01AN6BBKI,success,21911,336.0,497.0
B01AOODE18,success,24744,255.0,479.0
B01AWGXN00,success,35234,491.0,405.0
B01AROOL12,success,23439,434.0,166.0
B01AWGXNH8,success,19626,384.0,317.0
B01AS8U38W,success,15178,367.0,395.0
B01AS57B0I,success,54384,361.0,476.0
B01ASSCPYC,success,38689,500.0,352.0
B01AXBFEXI,success,33547,496.0,371.0
B01AXYIYVE,success,38109,439.0,493.0
B01AZ7LQ00,success,15865,209.0,484.0
B01AZ7LT20,success,20024,279.0,457.0
B01AZC3VYE,success,6713,196.0,315.0
B01AZC3RCK,success,11053,308.0,429.0
B01B16MXLU,success,11573,500.0,278.0
B01B1QBK78,success,20502,431.0,415.0
B01B1WQQ76,success,29092,459.0,390.0
B01B2DCB4Q,success,35058,492.0,266.0
B01B4SNL52,success,22603,363.0,491.0
B01B96M16E,success,17486,310.0,500.0
B01B45RTSK,success,17982,255.0,462.0
B01B9IDLAW,success,25786,425.0,261.0
B01B96M1FA,success,10974,232.0,375.0
B01B9APNG0,success,43881,500.0,362.0
B01BA6XQI0,success,17393,474.0,385.0
B01BCJC9CE,success,14969,460.0,278.0
B01BDX1IVW,success,36474,500.0,482.0
B01BFNQFKY,success,41697,500.0,267.0
B01BHAU6QO,success,19517,404.0,494.0
B01BHX72L8,success,40624,292.0,299.0
B01BE1EEEG,success,39653,468.0,452.0
B01BHX75VK,success,47983,491.0,236.0
B01BKUB6BA,success,28518,377.0,494.0
B01BKUB66U,success,28518,377.0,494.0
B01BIUGSEM,success,35926,468.0,358.0
B01BKXES0I,success,23469,469.0,290.0
B01BMFXNQE,success,30151,493.0,454.0
B01BMERZJ6,success,24977,357.0,264.0
B01BOGQABG,success,15586,359.0,457.0
B01BTTUCSK,success,25661,284.0,445.0
B01BUMADSK,success,16333,230.0,461.0
B01BQ8S45M,success,30493,500.0,260.0
B01BV14I40,success,20948,386.0,235.0
B01BUS8J9E,success,42770,494.0,493.0
B01BX68TE8,success,30208,443.0,279.0
B01BW89AN6,success,56080,500.0,396.0
B01BYKAOXC,success,21598,498.0,223.0
B01BUYJYOW,success,41760,342.0,500.0
B01BX72RUY,success,27881,473.0,381.0
B01C05C1OK,success,26743,456.0,500.0
B01C3LE44G,success,32587,455.0,316.0
B01C3SNT04,success,45002,500.0,301.0
B01C6EN23O,success,20364,497.0,184.0
B01C6ESQM6,success,23319,471.0,222.0
B01C3SOJGW,success,41842,460.0,465.0
B01C6J2NSE,success,44687,500.0,433.0
B01C8PHWQY,success,12971,483.0,264.0
B01B7HO6ZY,success,28642,491.0,493.0
B01CAU288Y,success,20134,279.0,458.0
B01C9AE8T2,success,33162,494.0,328.0
B01C9AKRHE,success,25861,483.0,397.0
B01CDUTGN6,success,24205,402.0,288.0
B01C3B0G5W,success,27586,348.0,500.0
B01CE70TZC,success,35552,399.0,478.0
B01CDSB0B4,success,18399,341.0,451.0
B01CEFLA9I,success,18230,327.0,423.0
B01CFNX15K,success,27607,318.0,460.0
B01CEFLBAQ,success,20164,376.0,441.0
B01CEFLFQG,success,23142,337.0,429.0
B01CGGOUJM,success,31831,448.0,319.0
B01CH9ZTI4,success,37715,409.0,314.0
B01CPZB0ZG,success,18301,236.0,383.0
B01CQXGKWK,success,16299,243.0,372.0
B01CRJ5N6W,success,48851,500.0,359.0
B01CQXGM5K,success,16775,248.0,380.0
B01CURH6TI,success,12429,494.0,202.0
B01CVOLVPA,success,38213,487.0,329.0
B01CUV2ZA4,success,18359,500.0,429.0
B01CYCOYSU,success,14503,490.0,320.0
B01CZ0QA4W,success,17289,380.0,428.0
B01CRZD6I8,success,19275,255.0,433.0
B01CX26WCW,success,47797,408.0,327.0
B01CZ5VKVA,success,22563,399.0,342.0
B01D04YU94,success,10538,466.0,93.0
B01D0JNAE0,success,36759,492.0,497.0
B01D2AKVZ8,success,26259,367.0,251.0
B01D3BDXQA,success,20874,359.0,311.0
B01D3NROZE,success,16287,249.0,343.0
B01D3NY9D4,success,16858,243.0,343.0
B01D3QZ8EK,success,48016,495.0,500.0
B01D402Z28,success,23538,462.0,353.0
B01D6MZ0YO,success,8100,189.0,257.0
B01D93Z89W,success,80588,500.0,500.0
B01D9JG5RK,success,31141,454.0,219.0
B01D9MFLKE,success,42180,341.0,378.0
B01D2K40DM,success,28616,461.0,318.0
B01DBGVB5C,success,14525,349.0,332.0
B01DKOFZVQ,success,31408,346.0,419.0
B01DBNASKY,success,17113,447.0,480.0
B01DDWO3TK,success,38379,350.0,466.0
B01DDWO3YK,success,16039,352.0,314.0
B01DM2D8TW,success,62136,462.0,347.0
B01DMICTEQ,success,6201,460.0,193.0
B01DMHPT3U,success,21203,282.0,480.0
B01DMNX5PS,success,34525,500.0,318.0
B01DNA441E,success,19159,433.0,329.0
B01DRZHP0C,success,16191,494.0,337.0
B01DZ56MX0,success,34814,370.0,346.0
B01E0BUPW2,success,21194,464.0,187.0
B01DZP4UAM,success,36929,491.0,316.0
B01DZOB5DS,success,12354,283.0,412.0
B01E0FO9N4,success,33725,485.0,234.0
B01CGGOZOM,success,26346,427.0,291.0
B01DSYP0V8,success,34013,430.0,377.0
B01E565PIQ,success,45051,430.0,375.0
B01E06JSI4,success,38440,416.0,349.0
B01E3B81HU,success,48677,401.0,417.0
B01E6PHUY8,success,19457,303.0,500.0
B01E6POVR2,success,41691,499.0,359.0
B01EBQLN22,success,21633,374.0,494.0
B01E7FN6R2,success,43602,445.0,255.0
B01EHIQASQ,success,11814,306.0,439.0
B01EG8RLIA,success,47545,466.0,368.0
B01E5B04MI,success,26358,396.0,492.0
B01EHPRY70,success,36472,429.0,458.0
B01EK7TEL4,success,8045,495.0,120.0
B01EL0GY1S,success,22041,273.0,493.0
B01EKU1XKG,success,25476,493.0,351.0
B01EL7VTC0,success,22680,349.0,484.0
B01ERKL17E,success,35324,366.0,316.0
B01EN3Z7QQ,success,42902,461.0,412.0
B01ERKL1D8,success,32530,434.0,316.0
B01EUC7NAI,success,19009,290.0,470.0
B01EV02HP0,success,18367,350.0,476.0
B01EUC7NPI,success,18166,290.0,470.0
B01EZRTHG6,success,50422,500.0,500.0
B01ER4B7YM,success,28458,449.0,232.0
B01F20RMNU,success,20385,500.0,227.0
B01F1Z78GM,success,28150,471.0,318.0
B01F24RELQ,success,43323,319.0,494.0
B01F28LIDC,success,23870,282.0,463.0
B01F2O1GRY,success,15799,302.0,497.0
B01F2O1ICM,success,18455,384.0,497.0
B01F2O1J6C,success,11296,416.0,497.0
B01F3ENB0I,success,26258,467.0,373.0
B01F5S4BEC,success,31363,399.0,472.0
B01F6U86FY,success,10724,269.0,414.0
B01F5SIVBQ,success,8627,228.0,383.0
B01F6V6SSK,success,30938,326.0,264.0
B01F8D3ZA0,success,27839,469.0,444.0
B01F6V6TES,success,28816,440.0,343.0
B01FFAFMM0,success,53289,448.0,485.0
B01F8SSOPG,success,43725,490.0,331.0
B01FF3J3FE,success,27777,448.0,315.0
B01FGCJBGK,success,60521,500.0,359.0
B01FGSV2HK,success,28552,257.0,454.0
B01FGCXUDU,success,29590,266.0,446.0
B01FHRJDIA,success,22655,415.0,216.0
B01FIAXHCO,success,26373,436.0,380.0
B01FIIU7JW,success,16175,330.0,240.0
B01FJFN872,success,51241,492.0,452.0
B01FKLDCTY,success,14339,371.0,183.0
B01FJIQXQW,success,29280,500.0,472.0
B01FKTZLBS,success,26168,500.0,500.0
B01FKZ7HO6,success,30469,386.0,296.0
B01FMWDA66,success,35718,468.0,412.0
B01FNAFLZA,success,7730,500.0,73.0
B01FPG5BSE,success,16321,382.0,306.0
B01FTE9HS2,success,15830,424.0,387.0
B01FRVDIRS,success,25010,479.0,482.0
B01FVTSPO2,success,16296,233.0,454.0
B01FU08V64,success,18357,494.0,224.0
B01FWJH4VG,success,10496,270.0,287.0
B01FWKBZP6,success,26637,500.0,500.0
B01FWKGFWO,success,18169,435.0,224.0
B01FX0P13C,success,23713,422.0,343.0
B01FWT4V12,success,25656,332.0,485.0
B01FX0UD6M,success,23931,426.0,342.0
B01FYK5MGC,success,24592,461.0,315.0
B01FZ60GE8,success,23435,476.0,338.0
B01G36CLME,success,23435,476.0,338.0
B01G48RH20,success,32256,361.0,494.0
B01G8JO5F2,success,17579,358.0,418.0
B01G5SBBV2,success,27372,430.0,489.0
B01G93J4VC,success,28648,268.0,305.0
B01G9RNB6W,success,34481,498.0,192.0
B01G9TV7RU,success,16072,336.0,500.0
B01GDB79T4,success,32383,366.0,468.0
B01GDIU3T0,success,13961,282.0,500.0
B01GDITOEU,success,14223,283.0,500.0
B01GE9QM5M,success,12138,387.0,224.0
B01GDIUA8Y,success,14927,286.0,500.0
B01GE9R0J4,success,29000,224.0,474.0
B01GE9R5E4,success,28397,462.0,366.0
B01GF4XZ24,success,45756,499.0,403.0
B01GF5AFB2,success,42393,499.0,297.0
B01GF5AGN4,success,41352,498.0,296.0
B01GF5ACUG,success,39229,496.0,294.0
B01GG16DTS,success,21429,500.0,205.0
B01GHOMA6E,success,16315,291.0,495.0
B01GVVMIPG,success,30109,500.0,500.0
B01GJ3TPCU,success,21679,275.0,460.0
B01GWSJ5A4,success,16726,500.0,319.0
B01GYFOXK2,success,27224,414.0,398.0
B01H3EEOD4,success,9929,408.0,226.0
B01H0MDLRO,success,22217,422.0,279.0
B01H0LYVZG,success,18553,388.0,274.0
B01H44C02U,success,31581,442.0,200.0
B01H5T2V9G,success,13569,236.0,467.0
B01H4NYTWK,success,23446,499.0,491.0
B01H6JLF2Y,success,23644,320.0,456.0
B01HBJ60ME,success,21552,494.0,375.0
B01HDZGLKM,success,18524,373.0,250.0
B01H7HQ71E,success,12051,163.0,401.0
B01H6TM5B4,success,13370,308.0,440.0
B01HBN9MTI,success,14164,356.0,375.0
B01HETFPTU,success,50581,338.0,367.0
B01HETFPUE,success,14304,252.0,431.0
B01HETFQMQ,success,14779,320.0,399.0
B01HETFQA8,success,19768,500.0,299.0
B01HEZK95Y,success,45101,444.0,421.0
B01HH7NXSO,success,18680,500.0,282.0
B01HGMSQZA,success,18484,256.0,481.0
B01HI1908Q,success,40825,489.0,489.0
B01HHUPLRM,success,39295,482.0,468.0
B01HJ3JYMU,success,58422,438.0,316.0
B01HIS5QIM,success,9913,342.0,196.0
B01HIA63AU,success,33802,435.0,327.0
B01HIS5N3K,success,39424,398.0,304.0
B01HL8LXQ8,success,11978,492.0,383.0
B01HPMHOY0,success,20522,470.0,312.0
B01HQLFILQ,success,14942,489.0,312.0
B01HLSMVTQ,success,44889,455.0,338.0
B01HQLVXFG,success,23664,369.0,500.0
B01HRD1NKS,success,26557,175.0,442.0
B01HRLLBK2,success,19333,324.0,460.0
B01HRPJQ2S,success,21093,442.0,384.0
B01HT70QGY,success,18573,482.0,401.0
B01HSH2PLY,success,28832,405.0,448.0
B01HU44Q7G,success,26412,319.0,421.0
B01HVNO1HG,success,49563,484.0,449.0
B01HYJLZH6,success,20199,499.0,436.0
B01I0VIMK0,success,18918,494.0,317.0
B01I1C8VGI,success,35915,471.0,496.0
B01I3A4GA8,success,20553,464.0,475.0
B01HTH8F3K,success,19700,300.0,369.0
B01HSABSGE,success,49902,466.0,353.0
B01I4PDMAW,success,14706,256.0,450.0
B01I57SS5S,success,27944,405.0,483.0
B01IBI2SH0,success,37210,441.0,499.0
B01IDA4G3K,success,23157,459.0,259.0
B01IEVLGK4,success,26020,482.0,490.0
B01IE4VQ7O,success,15086,283.0,500.0
B01IRQAYPE,success,38646,431.0,322.0
B01IUP89LS,success,20678,484.0,399.0
B01IUO068S,success,43625,466.0,492.0
B01IRRGH7M,success,36181,404.0,328.0
B01IVH4MWU,success,18148,299.0,494.0
B01IZ8XZ9Q,success,26061,399.0,495.0
B01J42JMQ2,success,31543,460.0,308.0
B01IWO1U72,success,23560,460.0,498.0
B01J44KXP4,success,8901,177.0,274.0
B01J42JPJG,success,29625,450.0,343.0
B01J4HCBZG,success,76759,496.0,483.0
B01IFCKGHG,success,19646,207.0,441.0
B01J9WVUS0,success,12276,275.0,471.0
B01J52TWD4,success,18418,427.0,336.0
B01J63O2DM,success,16060,331.0,491.0
B01J6SRBZS,success,38253,453.0,300.0
B01J6583NK,success,19750,470.0,269.0
B01J4ES6WQ,success,61547,427.0,451.0
B01JA6HG88,success,32497,492.0,385.0
B01JFER19Y,success,6778,494.0,112.0
B01JGZUJW8,success,8739,449.0,203.0
B01JII2ADE,success,26834,282.0,482.0
B01JFTMBH6,success,26734,317.0,500.0
B01JL837X8,success,18899,454.0,292.0
B01K1IO3QW,success,28150,471.0,318.0
B01JK6Q5DU,success,17544,316.0,500.0
B01JP436TS,success,18605,286.0,436.0
B01JQL3EAG,success,17950,270.0,384.0
B01JS6QHWQ,success,27923,476.0,357.0
B01JKJN972,success,17827,389.0,212.0
B01K1JW7RS,success,21978,462.0,280.0
B01JP2YLSA,success,16331,398.0,375.0
B01K3ZR0RC,success,17430,357.0,488.0
B01K48R5V4,success,25209,442.0,263.0
B01K5EBCES,success,51119,500.0,390.0
B01K9HS4Q0,success,27686,456.0,370.0
B01K9WEV76,success,39641,496.0,459.0
B01K6OCRWI,success,35332,481.0,327.0
B01KAP7RJG,success,34198,500.0,318.0
B01KBQ6GQ4,success,14029,474.0,380.0
B01KHZ4ZYY,success,14425,245.0,363.0
B01KBQ25SW,success,25165,499.0,414.0
B01KIG5JEM,success,15562,500.0,325.0
B01KJ8UMKK,success,24889,427.0,221.0
B01KKKTNEI,success,31687,434.0,284.0
B01KIRUARM,success,27367,500.0,375.0
B01KLQZZRA,success,34398,408.0,488.0
B01KOE179Y,success,12711,425.0,341.0
B01KOE8D9Q,success,11782,374.0,287.0
B01KOE1H30,success,31022,331.0,500.0
B01KM6EJOY,success,21610,378.0,158.0
B01KM4NJQA,success,19197,242.0,500.0
B01KT784OM,success,39417,480.0,487.0
B01KV530UU,success,10853,451.0,253.0
B01KYP855M,success,17900,496.0,210.0
B01KPG6BLK,success,25089,456.0,459.0
B01KMS39JI,success,12591,345.0,459.0
B01KOE13P2,success,23290,345.0,500.0
B01KZHP44Y,success,7124,448.0,117.0
B01L1FZN8G,success,17327,305.0,383.0
B01L1IIEKM,success,19667,224.0,453.0
B01L1JCKRY,success,25007,323.0,325.0
B01L1IIF1A,success,26138,267.0,492.0
B01L1IIF1K,success,21359,223.0,453.0
B01L3YMW8O,success,23809,457.0,344.0
B01L2SW38U,success,22344,500.0,467.0
B01L73OEOG,success,25142,338.0,270.0
B01L6W1ZYK,success,19778,397.0,419.0
B01L74RPL4,success,13919,297.0,418.0
B01L1FEJ6S,success,19771,280.0,472.0
B01L9PX8YE,success,11342,287.0,249.0
B01LA5B0W0,success,18529,359.0,415.0
B01LC8GMV4,success,15355,329.0,254.0
B01LDVQTEA,success,30736,426.0,262.0
B01LEEY6CS,success,34607,431.0,331.0
B01LF37K80,success,13939,350.0,420.0
B01LNOE4CQ,success,10736,268.0,176.0
B01LMNY70M,success,29032,386.0,451.0
B01LNOE4JO,success,15569,359.0,226.0
B01LNOECEQ,success,51241,492.0,452.0
B01LOVWG8C,success,13678,257.0,365.0
B01LOLZDHI,success,21978,260.0,450.0
B01LPPUXHI,success,14213,204.0,309.0
B01LQX0P8Q,success,20805,404.0,494.0
B01LP3P834,success,18592,385.0,206.0
B01LRZVCZI,success,16141,359.0,238.0
B01LT692RK,success,33445,477.0,344.0
B01LW14QNB,success,26178,420.0,494.0
B01LW54S4U,success,33485,434.0,234.0
B01LW71IBJ,success,23101,378.0,495.0
B01LVWWZS0,success,24096,443.0,298.0
B01LWC5IMC,success,24797,387.0,233.0
B01LVVG5XS,success,29249,348.0,479.0
B01LWE9S9Z,success,21648,346.0,445.0
B01LX7JSPJ,success,17140,300.0,217.0
B01LX7DCM7,success,27337,460.0,293.0
B01LXB03RV,success,35492,447.0,355.0
B01LXDZ8WB,success,23652,450.0,280.0
B01LXCBXQO,success,29344,470.0,313.0
B01LXFHGM5,success,11476,480.0,169.0
B01LXIGXC8,success,25460,356.0,288.0
B01LXN5QQ1,success,19366,447.0,228.0
B01LVVGE4A,success,16560,429.0,337.0
B01LXO0PO2,success,31848,452.0,309.0
B01LXZZPKQ,success,26818,494.0,277.0
B01LXUDFV1,success,17961,305.0,227.0
B01LY2PRT3,success,20857,500.0,180.0
B01LY2PUSE,success,16573,472.0,180.0
B01LWS2Z8E,success,23845,496.0,307.0
B01LY4X2OX,success,14173,457.0,292.0
B01LY3DB9J,success,31706,409.0,325.0
B01LYIAF2R,success,17356,425.0,276.0
B01LXV001A,success,16467,305.0,451.0
B01LYSJB8A,success,11114,289.0,239.0
B01LYXDIUL,success,25385,490.0,212.0
B01LZJG4F0,success,12760,332.0,301.0
B01LZ6XKS6,success,24944,411.0,298.0
B01LZAK8MM,success,33417,443.0,368.0
B01LYCI04D,success,24559,440.0,230.0
B01LZTBKBG,success,33668,445.0,368.0
B01LZV6TYQ,success,27737,486.0,426.0
B01M0308HO,success,28486,426.0,333.0
B01M08DL26,success,30631,448.0,318.0
B01M0LARPU,success,20813,450.0,310.0
B01M0BTKYE,success,25549,481.0,447.0
B01M0JCU9B,success,29612,390.0,500.0
B01M0UY78A,success,11007,500.0,220.0
B01M0LDXTL,success,25765,464.0,387.0
B01M12ANS6,success,28819,494.0,384.0
B01M1AQ316,success,34555,484.0,408.0
B01M1F98YR,success,14202,250.0,394.0
B01M1BUF6C,success,28584,273.0,494.0
B01M24HZMA,success,18207,462.0,309.0
B01M293O5P,success,22029,500.0,343.0
B01M29PYF4,success,27340,468.0,190.0
B01M2TRTNL,success,8908,470.0,141.0
B01M2UVSHF,success,10665,350.0,414.0
B01M2X96R9,success,11558,283.0,451.0
B01M3575QC,success,14985,296.0,497.0
B01M2YY3IU,success,54736,500.0,446.0
B01M4MC2MV,success,22707,436.0,493.0
B01M4MZJQC,success,14307,288.0,253.0
B01M6W1LET,success,20276,433.0,271.0
B01M0CP2ZG,success,26941,223.0,360.0
B01M5IJYBR,success,18914,440.0,270.0
B01M7NCT5O,success,15155,352.0,422.0
B01M357WMG,success,41556,439.0,365.0
B01M74RA05,success,15805,296.0,498.0
B01M7NFWQ5,success,35140,473.0,450.0
B01M59LIIZ,success,10465,257.0,404.0
B01M7XW95M,success,28974,490.0,349.0
B01M7Z0VKR,success,19812,428.0,319.0
B01M8G5K8W,success,20801,304.0,440.0
B01M8Q9YX6,success,15768,298.0,500.0
B01M9BPNSD,success,34496,464.0,313.0
B01M9FYRQ7,success,29221,467.0,404.0
B01MA1MJ6H,success,19378,312.0,427.0
B01MAVZMIM,success,25863,464.0,289.0
B01MAZ5FDL,success,10079,448.0,235.0
B01MCRVPO6,success,55868,365.0,480.0
B01MCUQP4X,success,33309,266.0,500.0
B01MD1JMR9,success,32639,500.0,218.0
B01MF4MYT3,success,17139,353.0,417.0
B01MFCTRZM,success,31361,495.0,246.0
B01MFESB51,success,56046,470.0,447.0
B01MECNLU5,success,15322,350.0,417.0
B01MFG14ZT,success,17161,405.0,457.0
B01MG84GLO,success,16050,279.0,392.0
B01MFX5ZK1,success,31668,379.0,433.0
B01MG8HV3L,success,19309,444.0,426.0
B01MPXJE8B,success,27007,464.0,342.0
B01MQ0SB7Z,success,17645,442.0,126.0
B01MQFY948,success,24289,330.0,482.0
B01MQEK9YJ,success,18024,489.0,140.0
B01MQIAG21,success,13155,199.0,500.0
B01MFCZDRQ,success,37898,500.0,433.0
B01MQJ2XE6,success,29810,413.0,424.0
B01MQKG0L8,success,22010,266.0,486.0
B01MQTJXWZ,success,34112,500.0,294.0
B01MR1X6ZU,success,18155,499.0,207.0
B01MQWUW8M,success,72863,347.0,430.0
B01MR84GHV,success,25385,363.0,458.0
B01MRAM3BN,success,14850,466.0,271.0
B01MRHFKTY,success,19210,417.0,500.0
B01MQSLK2Z,success,20238,433.0,271.0
B01MRHG3CK,success,25706,408.0,500.0
B01MROS1X9,success,29404,482.0,281.0
B01MRS3MIS,success,24714,460.0,343.0
B01MQT5KAC,success,23209,373.0,257.0
B01MRVSSRL,success,43143,464.0,370.0
B01MRVSRL7,success,23546,420.0,352.0
B01MS16V42,success,33049,497.0,359.0
B01MRW12RC,success,29977,403.0,289.0
B01MSAEZN8,success,26880,317.0,499.0
B01MSHLOFG,success,68569,482.0,494.0
B01MSJWRH1,success,22509,500.0,358.0
B01MSWNO66,success,27597,459.0,312.0
B01MSRIEXH,success,10620,179.0,500.0
B01MSXGAL9,success,26167,418.0,328.0
B01MSZSJE9,success,24374,364.0,496.0
B01MSZSL4I,success,30015,366.0,500.0
B01MTGCKCU,success,11606,381.0,341.0
B01MTONBI1,success,13144,291.0,232.0
B01MU8QODW,success,29168,449.0,390.0
B01MUAEI7J,success,16771,301.0,463.0
B01MV20ZQ5,success,27879,495.0,349.0
B01MXHN32J,success,71833,500.0,500.0
B01MXKJC4M,success,29331,500.0,500.0
B01MY0ETG8,success,26332,459.0,313.0
B01MY0L38Z,success,22333,297.0,500.0
B01MYAC300,success,36409,366.0,466.0
B01MYY4DUZ,success,25765,464.0,387.0
B01MYCI8AG,success,33014,420.0,330.0
B01MYGPQSK,success,30680,479.0,245.0
B01MYYE3PM,success,37526,500.0,315.0
B01MYZEPGP,success,12169,332.0,473.0
B01MYYH3PC,success,31339,358.0,497.0
B01MZ8ZU42,success,11316,368.0,414.0
B01MZ89QXF,success,15831,446.0,305.0
B01MZIHSDF,success,32706,322.0,493.0
B01MZ2S65D,success,25580,456.0,409.0
B01MUGEYT7,success,39061,392.0,500.0
B01MZZGBPS,success,31369,444.0,494.0
B01N05RBC4,success,18227,494.0,389.0
B01N0KNK69,success,32262,496.0,335.0
B01N0TK34Y,success,29084,408.0,486.0
B01N0U4BY2,success,20776,392.0,235.0
B01N0SUUZS,success,48004,456.0,500.0
B01N12YZ7B,success,39352,471.0,316.0
B01N11QIYW,success,27368,457.0,400.0
B01N13866H,success,17666,270.0,460.0
B01N24N9TH,success,24382,311.0,466.0
B01N13TX2J,success,44688,451.0,400.0
B01N2YBVFG,success,20150,314.0,498.0
B01N26Z0V4,success,14253,486.0,274.0
B01N33WUJ9,success,19408,409.0,250.0
B01N3M0RZG,success,20306,477.0,397.0
B01N3JWG1N,success,35020,406.0,476.0
B01N3YVBG2,success,45330,427.0,458.0
B01N4V4X5M,success,20494,411.0,235.0
B01N48844V,success,24281,476.0,414.0
B01N43KYQ4,success,61699,468.0,384.0
B01N5LJ0YR,success,25183,487.0,363.0
B01N5LUFNE,success,21961,322.0,231.0
B01N5SZ77D,success,8413,203.0,348.0
B01N64TAYA,success,16298,462.0,242.0
B01N5G5PG2,success,32828,458.0,410.0
B01N6D0ITR,success,73593,491.0,452.0
B01N6DC2ZE,success,13182,301.0,447.0
B01N6RWA45,success,37276,496.0,373.0
B01N7WCI2E,success,35121,345.0,298.0
B01N79LTLB,success,16112,486.0,164.0
B01N6T96OI,success,20157,218.0,472.0
B01N6WIDAI,success,21375,277.0,389.0
B01N8U0046,success,30413,468.0,306.0
B01N8T9159,success,20667,268.0,209.0
B01N8UG7HA,success,12166,219.0,252.0
B01N95M0EC,success,22686,390.0,354.0
B01N9C7EMK,success,25649,500.0,328.0
B01N9E9KYP,success,16597,226.0,385.0
B01N97AA5V,success,42284,445.0,472.0
B01N74T6RG,success,31777,490.0,210.0
B01N98X8IU,success,44811,472.0,339.0
B01N9D5674,success,39581,427.0,368.0
B01N9FY70C,success,23348,426.0,364.0
B01N9RW2A3,success,13863,441.0,311.0
B01N9VGU7U,success,18834,418.0,480.0
B01NAVO5PF,success,22420,472.0,192.0
B01NAHJDYK,success,15670,494.0,462.0
B01NAU4FF4,success,27295,342.0,301.0
B01NBE6Y5D,success,31904,500.0,326.0
B01NBH5QE8,success,20817,433.0,271.0
B01NBOPJW2,success,17209,432.0,437.0
B01NBX1Q2T,success,22403,411.0,313.0
B01NC2LEYP,success,22267,247.0,456.0
B01NCC1K6F,success,20287,228.0,428.0
B01NAHJFI0,success,34646,438.0,343.0
B01NCDZ54V,success,37973,495.0,341.0
B01NCNTN50,success,27546,441.0,397.0
B06VWMFFYG,success,18658,289.0,495.0
B06VX1YGQX,success,27815,271.0,475.0
B06WGRS16N,success,7554,403.0,255.0
B06W55LJ82,success,29073,474.0,280.0
B06WLM7RDQ,success,30260,447.0,499.0
B06WCZ5NGX,success,19346,349.0,466.0
B06WRMZZ45,success,22399,223.0,461.0
B06W2KWJKY,success,58011,498.0,387.0
B06WVMJ713,success,29810,484.0,373.0
B06WWCRQGF,success,26051,398.0,151.0
B06WW8QX9X,success,25679,402.0,154.0
B06WD61CF5,success,22850,383.0,282.0
B06WVQ7SQL,success,27932,499.0,339.0
B06W9M3KLN,success,25997,465.0,320.0
B06X3YPYYK,success,20079,370.0,251.0
B06X9CV5VK,success,17437,408.0,219.0
B06X92G8HG,success,24885,307.0,497.0
B06X9FX834,success,21919,408.0,146.0
B06WWMLFJ7,success,68302,500.0,452.0
B06WWNWDW7,success,40749,493.0,278.0
B06X9J8NG4,success,55742,500.0,406.0
B06X9KHPV7,success,25766,151.0,389.0
B06XCNT3PZ,success,17428,490.0,315.0
B06XC2GJTF,success,16435,309.0,363.0
B06XDSMDKV,success,32783,432.0,461.0
B06XD2WNJZ,success,45791,284.0,490.0
B06XDX5JQG,success,22142,448.0,491.0
B06XF7JBZ6,success,29962,396.0,276.0
B06XF9DTSJ,success,24600,365.0,227.0
B06XFXX5JH,success,31514,452.0,271.0
B06XFGF7SN,success,19823,420.0,264.0
B06XH22YHP,success,25652,302.0,447.0
B06XHGKJR4,success,33056,500.0,398.0
B06XKK9XJ8,success,24919,450.0,270.0
B06XKY1X4M,success,23635,464.0,460.0
B06XK4KLYW,success,13451,361.0,270.0
B06XKL7Z4P,success,27298,375.0,500.0
B06XL1GKRV,success,34070,240.0,495.0
B06XNZDYH4,success,5388,460.0,144.0
B06XNKWHD4,success,26811,474.0,335.0
B06XNJJ4JC,success,30633,262.0,500.0
B06XRB977S,success,8739,449.0,203.0
B06XQJVXHL,success,21266,346.0,318.0
B06XR6QX29,success,33947,480.0,453.0
B06XQ39Z7F,success,35964,421.0,356.0
B06XSC2B4Z,success,29295,452.0,460.0
B06XRVKC27,success,28741,395.0,484.0
B06XSJV5B9,success,19686,344.0,464.0
B06XT6WQCJ,success,19466,312.0,327.0
B06XTD2PTB,success,5816,453.0,85.0
B06XT5JDJL,success,23565,383.0,434.0
B06XVD75QP,success,13743,448.0,324.0
B06XTT46WQ,success,43301,485.0,371.0
B06XVF8S7D,success,15656,448.0,125.0
B06XW6WQGC,success,14163,387.0,431.0
B06XX123SH,success,17360,473.0,413.0
B06XY4TSGP,success,18416,272.0,378.0
B06XX7QKL2,success,34360,488.0,500.0
B06XXWJW2Y,success,25741,494.0,447.0
B06XYG7B2D,success,20482,378.0,215.0
B06XYL599P,success,16954,481.0,311.0
B06XYPJN4G,success,25423,461.0,393.0
B06XYPPCZX,success,23334,428.0,337.0
B06Y1734MB,success,11584,422.0,186.0
B06XYS74L8,success,47543,329.0,461.0
B06XYS8Q5X,success,24113,378.0,215.0
B06Y1FTYHC,success,39841,268.0,448.0
B06XWNKTD9,success,42846,492.0,393.0
B06Y1HQDQQ,success,37018,345.0,359.0
B06Y1SZ52D,success,19527,425.0,460.0
B06Y2M9FNC,success,26882,465.0,456.0
B06Y2VP3C7,success,41762,498.0,500.0
B06Y3Q2S1J,success,10706,161.0,228.0
B06Y5GH1GN,success,11830,247.0,466.0
B06Y3M8CGQ,success,29718,470.0,276.0
B06Y3Q2KH4,success,37739,499.0,346.0
B06Y6HP2JN,success,41202,394.0,290.0
B06Y63N32L,success,47761,486.0,343.0
B06ZXR7646,success,28950,496.0,484.0
B06Y8PQBG3,success,22823,335.0,470.0
B06ZY5GMN9,success,8220,500.0,257.0
B06ZYBTDMH,success,25535,329.0,457.0
B06ZXY7XP9,success,30251,487.0,360.0
B06ZYJ55ZS,success,22736,379.0,418.0
B06ZYJD13N,success,27363,494.0,376.0
B06ZYJ9JQ5,success,30764,417.0,287.0
B06ZYSL2GD,success,27216,442.0,281.0
B06ZYSLP64,success,24011,312.0,326.0
B06ZZB62XM,success,17430,357.0,488.0
B06ZYSMXDT,success,26045,437.0,474.0
B06ZYTZKLK,success,49808,467.0,401.0
B06ZZ2LC7Y,success,25549,364.0,493.0
B06ZZ3NS5F,success,37150,457.0,321.0
B06ZZ3QX73,success,24526,452.0,296.0
B06ZZD16Q7,success,20635,312.0,500.0
B06ZZJ6C3P,success,22162,722.0,481.0
B06ZZF95T6,success,34684,473.0,296.0
B0711BH6FJ,success,23003,458.0,227.0
B06ZZNK3Y9,success,21976,442.0,229.0
B07119X97F,success,26608,465.0,489.0
B0711YZQVS,success,45128,476.0,457.0
B07145SB45,success,27623,395.0,265.0
B07193JV2T,success,23103,485.0,289.0
B0719JYBZ6,success,21342,485.0,500.0
B071784D4R,success,58341,460.0,359.0
B0719QXW6B,success,31551,491.0,295.0
B0719RCW4P,success,6111,88.0,478.0
B071CFC3RG,success,11654,483.0,290.0
B071DGXVWB,success,32013,227.0,490.0
B071FT5HZ3,success,21760,425.0,381.0
B071F81DDR,success,31907,446.0,211.0
B071G83L1J,success,17259,356.0,392.0
B071GFWJ6B,success,19397,428.0,447.0
B071FT92F8,success,56111,376.0,462.0
B071GNH9MT,success,15346,343.0,484.0
B071H39M7B,success,19628,443.0,332.0
B071JBBYCR,success,15839,440.0,393.0
B071F2TJDL,success,12626,491.0,203.0
B071JN4FW6,success,41878,486.0,293.0
B071JV4NPS,success,16624,367.0,387.0
B071JY6ZYN,success,20448,459.0,285.0
B071LB1GG4,success,24558,416.0,284.0
B071NF71QH,success,21681,332.0,315.0
B071NVMSZH,success,11810,258.0,460.0
B071NWZDJB,success,18527,463.0,395.0
B071NTQXNL,success,17285,478.0,404.0
B071P9GZ1T,success,14975,275.0,495.0
B071P26PBW,success,29084,444.0,345.0
B071R6VX9Q,success,4875,260.0,372.0
B071QWM469,success,30192,454.0,333.0
B071R6W13M,success,8760,263.0,372.0
B071RVQR21,success,15504,311.0,321.0
B071SFQR9T,success,28881,311.0,384.0
B071SGQP1T,success,27028,339.0,274.0
B071VHYZ62,success,20521,438.0,192.0
B071VVDFXV,success,51052,490.0,447.0
B071WKS5WV,success,29399,308.0,500.0
B071X8QSZH,success,11673,193.0,338.0
B071XNVKBM,success,9063,263.0,373.0
B071XSG23K,success,8486,500.0,272.0
B071XHYMPR,success,17939,472.0,410.0
B071YZ2WN7,success,28049,499.0,373.0
B071Y2SG3R,success,14494,500.0,500.0
B071Z984TF,success,9518,420.0,101.0
B071YZ4DMY,success,11709,479.0,151.0
B071ZN5PSS,success,8815,464.0,211.0
B0721MP41Q,success,20326,449.0,446.0
B0721VPSPC,success,15237,274.0,415.0
B0721KR152,success,13248,488.0,192.0
B0721Y23LL,success,11599,243.0,458.0
B0725GZQFZ,success,43955,497.0,443.0
B07239JFZT,success,57865,499.0,489.0
B0722XC99B,success,8124,457.0,177.0
B0725X7NSJ,success,33142,500.0,225.0
B07252JZGH,success,71493,500.0,450.0
B0725YLSZ9,success,65185,494.0,477.0
B0728GY2VR,success,40255,388.0,446.0
B072BWBXHM,success,35255,476.0,327.0
B072BW91HP,success,18526,432.0,456.0
B072BR58C8,success,10293,216.0,417.0
B072C5CRKF,success,18338,336.0,476.0
B072C73PK3,success,32215,369.0,464.0
B072BBBWQH,success,20394,500.0,396.0
B072J2HGJR,success,14010,499.0,380.0
B072FPNGZB,success,40259,494.0,411.0
B072JJNYQY,success,15523,440.0,393.0
B072JWYJMC,success,18532,323.0,376.0
B072J8G1B1,success,27028,339.0,274.0
B072LTGLHJ,success,23131,446.0,276.0
B072KFWXW2,success,33874,465.0,275.0
B072K6DVLM,success,20421,476.0,264.0
B072M34RQC,success,15035,333.0,258.0
B072M76LNZ,success,24563,460.0,435.0
B072MRBQQH,success,19177,454.0,289.0
B072MPY1N2,success,35253,395.0,500.0
B072MH9TC3,success,21099,232.0,430.0
B072NB7J1K,success,16593,347.0,244.0
B072N2C2PB,success,40118,431.0,404.0
B072N6C2J9,success,26488,500.0,211.0
B072NZGXC9,success,15079,363.0,297.0
B072NHMYXX,success,23349,438.0,315.0
B072QZ8B2P,success,19097,442.0,126.0
B072RC6CYT,success,17502,343.0,244.0
B072R2LGS1,success,44397,408.0,462.0
B072SSZS42,success,12984,302.0,410.0
B072R49R5N,success,40861,395.0,391.0
B072TW79NY,success,38343,479.0,497.0
B072TZ1WQ2,success,15383,493.0,310.0
B072VHJN54,success,19740,462.0,340.0
B072ZSNVY6,success,19081,180.0,326.0
B072ZS1MG1,success,39459,293.0,436.0
B072WC35M6,success,21540,251.0,403.0
B072ZRX9B3,success,17042,220.0,332.0
B072ZH4NTR,success,15669,487.0,215.0
B0733H5YZY,success,20648,500.0,500.0
B072ZTTW87,success,23367,391.0,234.0
B073QN5JCW,success,16049,400.0,480.0
B073787QMY,success,15690,261.0,500.0
B073CN69VT,success,14254,395.0,358.0
B073PWPFGJ,success,20534,328.0,241.0
B073DPBJ7Q,success,24770,258.0,296.0
B0739YGN9M,success,16252,494.0,383.0
B073R65PPV,success,20676,277.0,470.0
B073C8Z4SX,success,65070,500.0,463.0
B073R6SVPL,success,17757,272.0,475.0
B073S582XZ,success,19910,475.0,259.0
B073SJD2MK,success,13924,318.0,450.0
B073TSKFRX,success,34425,492.0,402.0
B073R715L2,success,19694,269.0,471.0
B073S8FYTH,success,42602,367.0,467.0
B073V8VK6V,success,32444,450.0,312.0
B073VC4KGT,success,25374,407.0,498.0
B073VMJX3G,success,9648,458.0,203.0
B073VRVHBG,success,17134,267.0,500.0
B073W5T1QC,success,15307,500.0,243.0
B073W1R4XQ,success,30180,485.0,413.0
B073W6ZC7B,success,13792,272.0,412.0
B073WCL4NS,success,42361,484.0,441.0
B073XTCXXW,success,13714,309.0,240.0
B073ZJ2JCR,success,62047,500.0,496.0
B07432V11H,success,52788,500.0,357.0
B073ZK2HH3,success,20654,435.0,153.0
B0743N7265,success,11265,250.0,126.0
B0742D9CDX,success,60243,463.0,328.0
B0744N8TNQ,success,10779,491.0,217.0
B073X3ZNM4,success,15918,362.0,449.0
B0747LJMDJ,success,9672,274.0,470.0
B0747N5GZP,success,15592,281.0,451.0
B074639ZNT,success,52794,500.0,500.0
B0747LWDC1,success,22395,281.0,458.0
B0746N4TLZ,success,16455,309.0,403.0
B0745JLDR1,success,13981,393.0,216.0
B0747QMY9B,success,22056,454.0,308.0
B0748PGNBX,success,34646,382.0,388.0
B0749T64G8,success,10177,259.0,311.0
B0747NFMBB,success,15407,266.0,455.0
B0748KJY4Q,success,20306,314.0,253.0
B074DZD5PJ,success,17728,488.0,193.0
B074F3YW3R,success,26348,405.0,422.0
B074JG8SPQ,success,27234,475.0,485.0
B074HYNMWG,success,24057,484.0,466.0
B0747TKQQZ,success,24058,441.0,301.0
B074JS1N7S,success,7539,264.0,443.0
B074JKT894,success,31184,468.0,265.0
B074KBHW65,success,15034,342.0,366.0
B074G2SGPW,success,28536,472.0,327.0
B074KBHW66,success,17410,342.0,366.0
B074KBWL9J,success,21227,284.0,345.0
B074P4WF9B,success,22991,396.0,495.0
B074L245PR,success,35662,467.0,301.0
B074JSB6GW,success,11514,257.0,447.0
B074JXC8HP,success,39459,393.0,440.0
B074PPQKPR,success,14518,450.0,329.0
B074PWW6NS,success,45147,420.0,486.0
B074PP3ZPF,success,35795,339.0,500.0
B074PXS24F,success,29377,500.0,318.0
B074P79X9C,success,31343,500.0,478.0
B074Q9G427,success,36659,442.0,305.0
B074RSV8Z2,success,20962,482.0,280.0
B074TMJ44M,success,21591,280.0,487.0
B074SD8Y1X,success,15562,341.0,422.0
B074QQP2T2,success,14308,360.0,416.0
B074QP5LRW,success,59734,479.0,403.0
B074VDGTQM,success,12023,176.0,250.0
B074VKW195,success,13286,454.0,206.0
B074WC6W5H,success,20425,293.0,452.0
B074W5BKPJ,success,19784,368.0,392.0
B074W5BKPH,success,16045,251.0,391.0
B074WGFJLZ,success,8154,145.0,467.0
B074WG19MP,success,22537,208.0,476.0
B074W5BM54,success,15737,368.0,392.0
B074XLS5X5,success,16058,157.0,319.0
B074X1DJLY,success,12887,346.0,500.0
B074XLN4GS,success,16886,160.0,312.0
B074WFT3KL,success,32000,473.0,500.0
B07514FL43,success,21022,500.0,321.0
B074ZZZX1N,success,10625,340.0,242.0
B07518XR6L,success,21774,448.0,485.0
B0751W3JZ9,success,18194,288.0,471.0
B0752CTWCX,success,30807,409.0,485.0
B07529K5HF,success,42378,484.0,336.0
B0753CSBW1,success,25019,460.0,457.0
B074VQ7L1Y,success,47669,455.0,328.0
B07538T649,success,23577,407.0,495.0
B0751TF1ZR,success,8207,458.0,171.0
B0753P1GTS,success,15437,359.0,403.0
B0756T7R5T,success,18537,316.0,434.0
B0756YGZBT,success,26514,455.0,315.0
B0755KJ56W,success,37150,457.0,321.0
B0753MZHY3,success,37149,417.0,349.0
B075BF8JJ3,success,19289,433.0,459.0
B075DJMVW2,success,20209,500.0,500.0
B075FDDWNX,success,15218,363.0,492.0
B075749KHR,success,20938,361.0,456.0
B075DLZT5G,success,19804,446.0,325.0
B075G3VPW5,success,8080,461.0,154.0
B075FQY5BN,success,36173,500.0,447.0
B075GG9GH8,success,15920,498.0,319.0
B075HFSZ5J,success,32819,463.0,377.0
B075JCG29M,success,10688,308.0,291.0
B075JGSF2V,success,19757,365.0,371.0
B075KGLYRL,success,41802,455.0,400.0
B075JRF295,success,24836,405.0,303.0
B075KP5T5J,success,23162,212.0,430.0
B075M1XHCK,success,21985,372.0,482.0
B075M92NQV,success,23131,462.0,180.0
B075MHSM2Z,success,22324,465.0,486.0
B075NFM1ZH,success,8459,276.0,166.0
B075NMVGP7,success,18115,500.0,500.0
B075QMQMRJ,success,5699,245.0,498.0
B075P4CD9W,success,15219,336.0,272.0
B075RWRJQF,success,16565,395.0,297.0
B075NCK9BH,success,13485,274.0,468.0
B075RL6S3W,success,27038,445.0,376.0
B075SYWK66,success,44775,453.0,326.0
B075T6MTJX,success,17251,455.0,338.0
B075JR68VX,success,13495,147.0,411.0
B075VS89SW,success,20250,291.0,455.0
B075VSG1TQ,success,19120,291.0,457.0
B075VJK1VM,success,45022,331.0,454.0
B0753GNMW2,success,29448,494.0,296.0
B075SWXHP9,success,21487,500.0,305.0
B075WKS4D8,success,18222,166.0,438.0
B075WBR327,success,34966,446.0,500.0
B075X35D8M,success,28212,238.0,440.0
B075X4RQHZ,success,28643,237.0,440.0
B075X8SNWK,success,27176,462.0,365.0
B075ZBGX6F,success,31874,493.0,313.0
B075Y8ZVBB,success,18968,278.0,436.0
B075XRMPM4,success,27016,218.0,362.0
B0762NBL23,success,18086,350.0,445.0
B0762XB9YR,success,17944,329.0,462.0
B0764HW116,success,25998,424.0,269.0
B0764GBNX2,success,13688,500.0,243.0
B0764HW117,success,25998,424.0,269.0
B0765ZQJPK,success,10725,424.0,311.0
B07659Z1QM,success,48143,460.0,351.0
B07661NX57,success,17184,447.0,290.0
B0765YZMVY,success,62303,500.0,365.0
B07661NX9M,success,14040,321.0,270.0
B0768K1JZC,success,20786,310.0,476.0
B0768LTVCQ,success,13362,459.0,94.0
B0768K1JZD,success,16099,144.0,392.0
B076BWPZC3,success,38817,494.0,413.0
B076919RKR,success,36748,468.0,355.0
B076BX9QXC,success,32941,402.0,357.0
B076B3WDFZ,success,35429,267.0,437.0
B076B43XPV,success,23071,236.0,422.0
B076CW127W,success,14816,202.0,356.0
B076F79M5Y,success,18474,380.0,500.0
B076HMN6ST,success,35881,416.0,443.0
B076FCC6R3,success,15778,473.0,186.0
B076HQ133W,success,30140,416.0,438.0
B076J11LKW,success,19751,163.0,438.0
B076HQPDRF,success,24079,335.0,366.0
B076DD5JNS,success,40772,450.0,436.0
B076K6QXF5,success,12521,331.0,200.0
B076J7W8XL,success,38649,425.0,420.0
B076Q287YL,success,29609,325.0,425.0
B076KRHJ7B,success,11936,446.0,243.0
B076V3YMRY,success,34853,500.0,302.0
B076V5CGJ4,success,25039,316.0,493.0
B076GZVCP2,success,49883,469.0,367.0
B076VN2YX5,success,24192,280.0,467.0
B076VZ5TM2,success,22998,364.0,266.0
B076W7GVFY,success,23104,500.0,262.0
B076YLLMXB,success,38361,496.0,492.0
B076YN6CSG,success,32992,498.0,490.0
B076XWP741,success,28345,407.0,405.0
B076C75X1T,success,10330,394.0,226.0
B076YPRTKF,success,34540,499.0,467.0
B076YRWV6Z,success,35281,498.0,495.0
B076W1CFKR,success,14709,213.0,275.0
B0771WQ333,success,20418,346.0,240.0
B0772PPFX6,success,11093,256.0,394.0
B0773LJBZ5,success,29839,482.0,457.0
B076YN9FW4,success,34540,499.0,467.0
B077378YSS,success,18243,409.0,484.0
B07751QTW6,success,23793,424.0,253.0
B0775Q52GB,success,18733,426.0,248.0
B0776FBHYZ,success,14609,254.0,422.0
B0777RY75V,success,43090,472.0,277.0
B0778F81ZG,success,43914,500.0,374.0
B07753PGGM,success,22549,420.0,263.0
B0779D1PDZ,success,16167,131.0,346.0
B0776VKPBV,success,28484,396.0,462.0
B07793M822,success,25812,409.0,258.0
B0778CBQ4J,success,48000,499.0,372.0
B0778M41R4,success,81071,437.0,436.0
B0779K9DG2,success,26181,500.0,500.0
B077BHV7JM,success,23120,405.0,423.0
B077BNJHVJ,success,27644,458.0,321.0
B077BR93B4,success,37069,495.0,446.0
B077GFRJDM,success,9575,394.0,158.0
B077HWXF94,success,26048,464.0,228.0
B077P1XN74,success,22624,420.0,450.0
B077P2ZX8X,success,31996,487.0,312.0
B077PSDB4X,success,45250,495.0,374.0
B077QGS9C6,success,61665,491.0,411.0
B077NB82ZN,success,15024,384.0,500.0
B077TJTMPD,success,41626,445.0,474.0
B077S54BMP,success,43641,371.0,446.0
B077FZQS95,success,18741,355.0,402.0
B077P4WWHV,success,17495,406.0,475.0
B077W1XFTZ,success,27241,333.0,337.0
B077VYV7PH,success,18329,338.0,263.0
B077V23PNF,success,20290,449.0,228.0
B077VLLLVY,success,28530,386.0,273.0
B077XDWT7X,success,39348,336.0,472.0
B077VKNJGV,success,33823,500.0,318.0
B077W8JVFY,success,38552,488.0,500.0
B077W2XXWR,success,19541,354.0,301.0
B077XMJ1C2,success,26701,321.0,382.0
B077XNZV1S,success,29393,448.0,254.0
B077Y93YRR,success,18345,379.0,400.0
B077Y987R2,success,68805,500.0,500.0
B077Y8GV9W,success,31711,470.0,326.0
B077XMWV75,success,31127,340.0,364.0
B07837W5NX,success,29155,409.0,476.0
B077XPS25J,success,36037,305.0,437.0
B0783QYFK2,success,13566,400.0,500.0
B077YKVLP2,success,42071,500.0,494.0
B0785NMZFJ,success,43701,498.0,427.0
B077YBMLXG,success,29899,469.0,311.0
B0784CWMP4,success,41752,449.0,469.0
B0786Y4NP6,success,20623,469.0,456.0
B0787GLJNQ,success,30879,500.0,425.0
B07886CMRV,success,26819,387.0,269.0
B0787KLT56,success,29923,317.0,471.0
B0785RTJ21,success,27583,449.0,460.0
B0787CVBWP,success,24356,500.0,137.0
B078872GWH,success,18371,209.0,370.0
B078BQ2MKY,success,29676,464.0,475.0
B07899QCKM,success,31420,496.0,373.0
B078BYYDP1,success,11572,425.0,259.0
B078GRM2MV,success,49195,488.0,373.0
B078GL93KG,success,50068,490.0,463.0
B078G91T8X,success,80657,500.0,492.0
B078GM723Q,success,48776,489.0,495.0
B078CXTF56,success,26912,483.0,298.0
B0787G1YFG,success,27748,500.0,159.0
B078HFRNSP,success,25323,496.0,427.0
B078GVTD9N,success,52848,438.0,328.0
B078HSVK7M,success,18428,275.0,394.0
B078HSCGMC,success,17653,284.0,467.0
B0786TPWBP,success,37326,479.0,283.0
B078LHSFHC,success,14718,263.0,409.0
B078JZQD7R,success,24078,455.0,433.0
B078N2S5XZ,success,46902,432.0,500.0
B078NT49MJ,success,27432,406.0,500.0
B078P57ZWL,success,77640,468.0,443.0
B078QNMDYC,success,40422,421.0,288.0
B078J7FSWM,success,27794,500.0,500.0
B078RH2C7P,success,37098,500.0,370.0
B078RYSGTR,success,31586,392.0,409.0
B078RGL8SB,success,29426,470.0,460.0
B078SLF7YF,success,44304,500.0,423.0
B078GSH1LV,success,38795,447.0,257.0
B078TT74V4,success,26235,421.0,294.0
B078TMMDZZ,success,23848,307.0,276.0
B078WQK4Y5,success,19928,494.0,254.0
B078WZLFDB,success,34496,464.0,313.0
B078X37JF9,success,11773,161.0,389.0
B078X484XK,success,32239,465.0,263.0
B078Y31KP3,success,42878,491.0,482.0
B078YR2MTF,success,13449,472.0,329.0
B0792QJQT1,success,17799,389.0,471.0
B0792SBYZ8,success,7910,464.0,202.0
B0791W7C8Z,success,37398,347.0,375.0
B0792VQVFD,success,25053,363.0,463.0
B07927MYHY,success,32216,491.0,367.0
B0791YBJGZ,success,27527,454.0,286.0
B0793L9FHD,success,20413,466.0,392.0
B0791Y983T,success,32497,499.0,305.0
B0794YMRZH,success,39961,498.0,454.0
B0791SG138,success,14853,408.0,250.0
B0794V75LB,success,24264,449.0,482.0
B07961C64Q,success,12808,193.0,495.0
B0797MY6JB,too_small,2609,500.0,46.0
B079C3821T,success,25642,338.0,460.0
B079GDLZDR,success,40499,489.0,497.0
B0794YKVLG,success,8889,476.0,234.0
B079GFYMNF,success,50380,500.0,375.0
B079GPFLT1,success,14977,231.0,349.0
B079GQ4GR3,success,9172,421.0,470.0
B079GR96PB,success,35666,321.0,494.0
B079GXWSWG,success,17007,270.0,405.0
B079GV1M9Z,success,16497,231.0,349.0
B079GY5D86,success,11713,472.0,391.0
B079GMZHT7,success,28702,468.0,468.0
B079GYWPJN,success,12502,429.0,314.0
B079GXN788,success,15649,422.0,471.0
B079HZDPLS,success,9866,132.0,273.0
B079L6CH9C,success,21877,424.0,485.0
B079MCB8S6,success,28316,282.0,454.0
B079GVBPQV,success,16577,473.0,417.0
B079MSMRDF,success,15899,257.0,428.0
B079H1JQY7,success,10738,430.0,314.0
B079HS71TJ,success,59611,500.0,357.0
B079P95MB5,success,43970,321.0,427.0
B079P9QV3C,success,19987,253.0,462.0
B079PTH8PV,success,16183,396.0,423.0
B079V81NS8,success,33464,486.0,182.0
B079SPB12V,success,21122,380.0,458.0
B079T6YSR9,success,19206,297.0,383.0
B079TP95Q6,success,27925,457.0,440.0
B079V8WGCT,success,40510,500.0,191.0
B079PTH8PW,success,34215,453.0,344.0
B079V9JD3L,success,57254,500.0,500.0
B079V81NSG,success,45397,498.0,183.0
B079VBL6WV,success,35869,487.0,183.0
B079VBS5HF,success,45196,497.0,178.0
B079VBS36N,success,42162,482.0,320.0
B079Y45KTJ,success,57705,500.0,438.0
B079ZB9JLL,success,19545,293.0,398.0
B079YFLJ6S,success,25664,409.0,289.0
B079ZH4B16,success,28462,473.0,198.0
B079ZNCN64,success,13783,238.0,432.0
B079ZX2JDT,success,43265,329.0,420.0
B07B2WLS17,success,13389,445.0,307.0
B079XY1R9D,success,9714,170.0,459.0
B07B499PWG,success,26701,411.0,456.0
B07B3VTP12,success,24946,451.0,436.0
B07B4915CX,success,28590,413.0,456.0
B07B4R53NY,success,63099,492.0,497.0
B07B62Y751,success,9459,495.0,220.0
B07B7HYBQW,success,19032,281.0,435.0
B07B7HYBQX,success,19032,281.0,435.0
B07B7VFTN9,success,28777,487.0,306.0
B07B8QMNMV,success,36112,475.0,330.0
B07B9R67WR,success,14134,356.0,346.0
B07B925D7K,success,10676,454.0,231.0
B07BBCMNMT,success,28202,227.0,379.0
B07BBG577T,success,35086,412.0,274.0
B07B6VZQJX,success,43953,469.0,445.0
B07BBGPBJZ,success,36890,259.0,419.0
B07B4BJGQS,success,32748,479.0,255.0
B07BBNS8N5,success,20252,288.0,372.0
B07BBH4WZQ,success,24443,500.0,424.0
B07BBWM6X2,success,9905,316.0,178.0
B07BF9GNFD,success,15040,500.0,313.0
B07BCYWC4L,success,15294,361.0,198.0
B07BC2PNVL,success,22835,358.0,394.0
B07BFCVJZC,success,22205,500.0,346.0
B07BFJSYFM,success,35700,500.0,459.0
B07BD1Q4DD,success,35080,500.0,424.0
B07BHHB5RH,success,13709,302.0,443.0
B07BHM7Z4Q,success,39898,492.0,468.0
B07BKN8Q79,success,37980,500.0,500.0
B079H5Z4S8,success,54907,446.0,319.0
B07BMV5T2N,success,17296,500.0,500.0
B07BHHHTX6,success,22190,412.0,281.0
B07BMLNDHS,success,11684,451.0,285.0
B07BMBHG38,success,39224,488.0,494.0
B07BHNRFKC,success,53619,323.0,400.0
B07BLJSWK2,success,22739,453.0,344.0
B07BMPT97F,success,5363,437.0,138.0
B07BMQPTV1,success,29111,480.0,255.0
B07BMX18JN,success,17545,492.0,330.0
B07BNX335Z,success,12007,203.0,453.0
B07BP1222X,success,19615,443.0,453.0
B07BSFXVCH,success,30376,455.0,436.0
B07BTRMBYS,success,9063,476.0,238.0
B07BTL786T,success,24884,335.0,479.0
B07BX2FHYF,success,20331,500.0,362.0
B07BV9LSKD,success,27511,439.0,439.0
B07BW245J3,success,23989,317.0,480.0
B07BX4X77P,success,17873,267.0,494.0
B07BRGZP1C,success,29435,487.0,417.0
B07BYN1BV4,success,33621,480.0,402.0
B07BYR66X6,success,22001,430.0,222.0
B07BZBSMWJ,success,15541,390.0,140.0
B07BZNHX4Y,success,22130,484.0,189.0
B07C1QB53H,success,25277,199.0,414.0
B07C1L6S9X,success,19746,290.0,223.0
B07C2H2NDX,success,57264,500.0,413.0
B07C3NTZ9V,success,19869,380.0,395.0
B07C2YPD65,success,47574,445.0,436.0
B07C39K74W,success,24284,449.0,470.0
B07C45T7F4,success,34065,447.0,331.0
B07C4Q2HMQ,success,25369,338.0,452.0
B07C6FHTSH,success,31327,466.0,471.0
B07C67YG19,success,10110,205.0,291.0
B07C2X4R9M,success,18327,484.0,192.0
B07C6HQCCH,success,11579,302.0,471.0
B07C6HDPYH,success,23201,464.0,376.0
B07C6S96NN,success,21851,207.0,311.0
B07C6S92B8,success,32143,284.0,440.0
B07C7PWTMK,success,25425,410.0,209.0
B07C9FDHMW,success,18618,497.0,171.0
B07CB24GSV,success,5091,282.0,266.0
B07C9X5RCT,success,29039,471.0,420.0
B07C9C7N4G,success,32876,495.0,215.0
B07C6JCFY5,success,35802,500.0,341.0
B07CG7R8QZ,success,18631,478.0,400.0
B07CFQPXT2,success,46519,439.0,281.0
B07CG7Y4FT,success,22372,355.0,469.0
B07CHD5B9X,success,37891,413.0,230.0
B07CHFSTH3,success,8322,494.0,171.0
B07CH2MPKY,success,29861,358.0,363.0
B07CG955FW,success,22190,341.0,487.0
B07CJW6MBX,success,40194,465.0,378.0
B07CJYMRWM,success,27290,418.0,500.0
B07CJZ5YHS,success,20636,321.0,491.0
B07CK6H66K,success,50032,466.0,421.0
B07CKBX2MG,success,41467,283.0,449.0
B07CL4F5MY,success,22859,346.0,476.0
B07CLBNM1C,success,27006,427.0,493.0
B07CKFWRZ9,success,14060,464.0,301.0
B07CKHLWGM,success,17261,496.0,284.0
B07CKQY7RN,success,17293,424.0,396.0
B07CLC3TQJ,success,23006,325.0,482.0
B07CKVBWNY,success,28784,367.0,491.0
B07CLDFTHH,success,24452,478.0,330.0
B07CM5NZRC,success,23469,499.0,178.0
B07CMJWM8Y,success,8290,132.0,498.0
B07CMNDHR1,success,17156,450.0,342.0
B07CNPH5WK,success,5266,204.0,184.0
B07CPKWPPQ,success,11179,453.0,399.0
B07CQBZG7K,success,32557,482.0,311.0
B07CQJ5K23,success,47048,459.0,371.0
B07CQKSB6W,success,12062,470.0,500.0
B07CQW3T3S,success,16264,481.0,249.0
B07CR19G4G,success,16598,494.0,348.0
B07CRHH56F,success,16246,367.0,195.0
B07CRNGHVT,success,24007,444.0,456.0
B07CNWJ7K4,success,46191,475.0,489.0
B07CRQVX1L,success,24217,446.0,457.0
B07CRSH25X,success,24092,451.0,355.0
B07CRSK5DM,success,24205,443.0,456.0
B07CSBMJ9G,success,42889,466.0,447.0
B07CSPLGV9,success,18918,378.0,186.0
B07CRRSHBG,success,27113,443.0,455.0
B07CSQDR4N,success,27414,500.0,500.0
B07CWJR6YB,success,73240,498.0,346.0
B07CWT66DG,success,15000,369.0,407.0
B07CX29LPZ,success,19842,389.0,493.0
B07CX3MDNY,success,26577,427.0,451.0
B07CYZGQ12,success,38451,444.0,463.0
B07CZ3WXYX,success,28964,493.0,250.0
B07CV67HHJ,success,36906,483.0,274.0
B07CZ7789M,success,30370,488.0,336.0
B07CZGFSM2,success,18323,383.0,495.0
B07CZ2PZJM,success,37677,500.0,500.0
B07CZWT5RM,success,29500,496.0,350.0
B07D33RMRN,success,7598,176.0,477.0
B07D2BG6R5,success,53059,466.0,408.0
B07D34L57F,success,27930,483.0,240.0
B07D3DDJ4L,success,37562,437.0,500.0
B07D36JJZT,success,73216,444.0,376.0
B07D3WRJ2K,success,42819,389.0,316.0
B07D4952X6,success,23749,471.0,365.0
B07D4J7QYR,success,26791,320.0,450.0
B07D3MJ3MF,success,25179,478.0,252.0
B07D4HJX17,success,20425,303.0,425.0
B07D5N1PFY,success,25954,500.0,500.0
B07D6FN5RJ,success,38688,500.0,345.0
B07D4K9JJ8,success,11422,413.0,408.0
B07D6MDZ37,success,14938,320.0,399.0
B07D77BLWK,success,17541,436.0,159.0
B07D7T7B2G,success,52927,497.0,308.0
B07D73HMVR,success,9644,482.0,225.0
B07D81YXPH,success,45277,498.0,389.0
B07D4J825J,success,31576,438.0,389.0
B07D9D3PMB,success,10513,424.0,274.0
B07D4KQQHK,success,11697,436.0,406.0
B07DB5DSXX,success,17479,466.0,352.0
B07DBY9H6X,success,25245,300.0,483.0
B07D93PKV4,success,18691,471.0,221.0
B07DB5K4QL,success,16468,433.0,500.0
B07DBYPZ3R,success,23750,300.0,485.0
B07D9XD625,success,26698,370.0,455.0
B07DCLK55V,success,21799,500.0,319.0
B07DCPJ5QQ,success,38117,470.0,474.0
B07DD79G2M,success,24373,462.0,492.0
B07DDDLQZV,success,71124,468.0,482.0
B07DFBYFGC,success,35523,467.0,486.0
B07DF7NZCN,success,13835,267.0,493.0
B07DFYQXY7,success,16692,353.0,420.0
B07DGRVTWF,success,18857,181.0,469.0
B07DHDFW5V,success,22219,430.0,381.0
B07DJ5TKBF,success,9065,464.0,210.0
B07DHZMQZS,success,22893,365.0,374.0
B07DL2FPBL,success,24170,476.0,383.0
B07DLQZCG4,success,47851,498.0,394.0
B07DLTYC6S,success,33051,432.0,381.0
B07DMK1NJK,success,9627,413.0,207.0
B07DPC98DT,success,12904,462.0,271.0
B07DPQ1N46,success,37267,478.0,464.0
B07DJY2BK5,success,26594,312.0,407.0
B07DWLSN96,success,15376,210.0,216.0
B07DK3RTX9,success,25338,494.0,385.0
B07DWWXZQ5,success,20673,429.0,473.0
B07DX1WR8K,success,38756,470.0,489.0
B07DXK5338,success,26915,436.0,488.0
B07DYQ4MC2,success,45111,500.0,500.0
B07F3RDJSC,success,24289,311.0,466.0
B07F3TVMRQ,success,39996,494.0,485.0
B07F44D6SZ,success,27898,491.0,189.0
B07F63XBYQ,success,31042,500.0,466.0
B07F7VJN1G,success,43399,251.0,435.0
B07F6WPB8H,success,35182,458.0,336.0
B07F7W9V3Z,success,47412,366.0,495.0
B07FC9BNQL,success,25866,465.0,439.0
B07FCHTPJ4,success,18940,277.0,474.0
B07FCKYFRC,success,39065,497.0,284.0
B07F6DMCX4,success,47677,439.0,375.0
B07FDHPPFT,success,23237,476.0,352.0
B07F73MF9M,success,37051,500.0,485.0
B07FCD4LH2,success,73067,471.0,492.0
B07FDJ4FQM,success,22395,404.0,498.0
B07FDMHKTK,success,22264,405.0,498.0
B07FF1PTGG,success,76204,500.0,474.0
B07FK3W3WW,success,18192,190.0,443.0
B07FFCTZLC,success,22970,472.0,358.0
B07FFVVDJ8,success,71963,498.0,482.0
B07FKFTH8L,success,31820,424.0,330.0
B07FKH9ZDC,success,36933,500.0,440.0
B07FKJ2KRH,success,25134,425.0,352.0
B07FFJC7HY,success,8358,402.0,205.0
B07FLYCMQH,success,13606,499.0,278.0
B07FKDH3BC,success,22493,306.0,468.0
B07FP8VLXS,success,19139,418.0,217.0
B07FNF3CP3,success,35284,416.0,500.0
B07FNL4STM,success,29907,252.0,500.0
B07FNJB8TT,success,17526,343.0,500.0
B07FPG5PKG,success,35787,461.0,325.0
B07FKH4QC3,success,27806,443.0,463.0
B07FQ94LV7,success,26983,484.0,474.0
B07FQK93FY,success,16229,306.0,485.0
B07FPG52ZT,success,39251,484.0,366.0
B07FPB9SB1,success,34775,477.0,383.0
B07FSKZVRG,success,31525,451.0,262.0
B07FTK45WT,success,29208,396.0,455.0
B07FPG94RP,success,42032,460.0,499.0
B07FTYGFR2,success,28828,395.0,454.0
B07FW44MW8,success,25806,410.0,396.0
B07FW4XV1P,success,29821,486.0,286.0
B07FZ1Z3C2,success,32091,418.0,307.0
B07FX8F1Q6,success,31075,439.0,379.0
B07G1LGS62,success,20928,269.0,500.0
B07FZ96GMT,success,31555,433.0,480.0
B07G1XCQBL,success,21959,355.0,482.0
B07G23V23Y,success,33840,375.0,483.0
B07G28NF3L,success,23792,380.0,498.0
B07G2FHYZB,success,23405,469.0,367.0
B07G2G18YH,success,29551,327.0,473.0
B07G2XC8C6,success,13803,283.0,426.0
B07G3GRFSZ,success,62778,476.0,434.0
B07FZ2241M,success,56147,500.0,495.0
B07G3HSDJR,success,10531,392.0,160.0
B07G3HYDJQ,success,10847,377.0,147.0
B07FFV2M3K,success,34821,442.0,357.0
B07G3SKNQ3,success,15058,488.0,285.0
B07G4G4KTZ,success,28714,469.0,220.0
B07G4JT3JC,success,35180,481.0,303.0
B07G4SQQH2,success,19183,384.0,378.0
B07G4K8PH9,success,47871,500.0,413.0
B07G4TX827,success,66464,500.0,401.0
B07G6XRZJ7,success,21191,300.0,402.0
B07G57SHSL,success,37166,488.0,366.0
B07G7468KK,success,60627,490.0,400.0
B07G7SP5WB,success,35851,411.0,299.0
B07G74V1YP,success,45874,464.0,492.0
B07G7PCTDD,success,44059,409.0,297.0
B07G7VFJ3J,success,23634,298.0,456.0
B07G86CP7C,success,44282,499.0,413.0
B07G7VT8KQ,success,11405,210.0,304.0
B07G8N2V9V,success,25003,354.0,456.0
B07G84BWVY,success,45408,409.0,299.0
B07G8W6HV1,success,29107,281.0,500.0
B07G8VZ51Z,success,27857,500.0,456.0
B07G98GG51,success,15041,419.0,252.0
B07G95TJ3P,success,20165,248.0,400.0
B07G8YBTLB,success,15635,424.0,252.0
B07G96L41J,success,7117,197.0,228.0
B07G8WHM44,success,7455,207.0,231.0
B07G9V9Z6V,success,22048,264.0,428.0
B07GD5XG5G,success,45193,494.0,485.0
B07G9YJ8GD,success,41428,474.0,486.0
B07GFCTKM1,success,18871,493.0,162.0
B07GF2ZR8G,success,48337,459.0,361.0
B07GHY6CT1,success,33863,284.0,371.0
B07GJLMDL4,success,17188,462.0,291.0
B07GCK66HL,success,43692,460.0,426.0
B07GK9P1J3,success,13376,294.0,423.0
B07GKBHZHH,success,12507,282.0,441.0
B07GKJ4DDN,success,39538,437.0,434.0
B07G9F9MT1,success,47989,500.0,500.0
B07GL7V46V,success,16049,272.0,368.0
B07GKRPP7S,success,35877,376.0,500.0
B07GFGJPNQ,success,25272,327.0,455.0
B07GM2J11Q,success,30945,466.0,393.0
B07GLV1VC7,success,16660,395.0,218.0
B07GNJXTBK,success,31743,459.0,370.0
B07GMJP6KT,success,27011,357.0,436.0
B07GM2J244,success,20315,364.0,247.0
B07GPH9WF3,success,10296,169.0,467.0
B07GRNHTTY,success,50823,500.0,500.0
B07GS9XM54,success,21550,499.0,322.0
B07GRW48LP,success,37001,498.0,482.0
B07GVCZPSJ,success,10322,242.0,410.0
B07GWVPYHN,success,18215,500.0,426.0
B07GST1C2Z,success,13334,492.0,206.0
B07GWWQK76,success,30086,498.0,456.0
B07GX7N5GP,success,32834,327.0,374.0
B07GZM4B3S,success,14011,398.0,395.0
B07H1B8LQV,success,32125,433.0,480.0
B07H1D4T6X,success,39418,500.0,271.0
B07GZY552D,success,19566,500.0,333.0
B07H184VD4,success,19621,420.0,420.0
B07H24D18W,success,25378,457.0,498.0
B07GYSF6DR,success,21958,387.0,371.0
B07GZBMZP8,success,10021,243.0,409.0
B07H3BV56N,success,25724,275.0,500.0
B07H484HLT,success,23688,358.0,267.0
B07H314BYH,success,15549,314.0,405.0
B07H489XDQ,success,34316,434.0,292.0
B07H41G786,success,46873,341.0,494.0
B07H2LR77Y,success,20394,445.0,231.0
B07H4RHXYT,success,35776,374.0,452.0
B07H4SFG4G,success,30146,352.0,324.0
B07H2RCWT4,success,37934,500.0,470.0
B07H4VQ4BZ,success,16925,350.0,365.0
B07H4H4BGJ,success,36293,495.0,427.0
B07H4JQP2M,success,62813,500.0,440.0
B07H55DHZF,success,47048,497.0,483.0
B07H63LJ7S,success,11128,488.0,214.0
B07H72WMLN,success,12462,279.0,466.0
B07H6GSFYC,success,17543,500.0,232.0
B07H7DQN9W,success,10489,279.0,465.0
B07H7G9KXX,success,15408,240.0,448.0
B07H7GH9HR,success,38587,442.0,491.0
B07H7H5GQG,success,21588,473.0,215.0
B07H7NBHMG,success,18000,254.0,474.0
B07H7DVHV4,success,26484,367.0,435.0
B07H6FNX77,success,35824,472.0,486.0
B07H7DRWJN,success,60758,500.0,305.0
B07H7J24W3,success,32377,408.0,500.0
B07H8B9GTX,success,14768,500.0,244.0
B07H86KG38,success,18244,358.0,484.0
B07H8P9QX2,success,60984,498.0,460.0
B07H8S4N36,success,14881,402.0,267.0
B07H9WYL9D,success,28150,471.0,318.0
B07H9C1WM8,success,29466,485.0,462.0
B07H97NJLQ,success,24600,497.0,432.0
B07HB5RQZF,success,28613,469.0,399.0
B07HB3ZX9F,success,15090,468.0,276.0
B07HB9CXBH,success,26328,231.0,431.0
B07H8X5ZTG,success,25691,466.0,457.0
B07HBDXTYX,success,20411,246.0,430.0
B07HBTYBMB,success,25552,471.0,360.0
B07HDBD9CM,success,37093,452.0,344.0
B07HFQJKYV,success,13764,230.0,435.0
B07HGBH1H8,success,12738,470.0,270.0
B07HG5DZGH,success,42690,449.0,370.0
B07HH6X34D,success,11603,245.0,500.0
B07HHJHXZJ,success,48338,445.0,411.0
B07HKBDFQX,success,25845,500.0,398.0
B07HKQFGR3,success,33249,487.0,483.0
B07HL5SDPQ,success,14832,373.0,494.0
B07HGV2LPC,success,25981,379.0,477.0
B07HMLTCPL,success,19138,335.0,450.0
B07HLTDQ7B,success,23516,412.0,475.0
B07HMZSRS7,success,36505,484.0,476.0
B07HNT8CCX,success,36057,494.0,500.0
B07HNCL7G2,success,28968,424.0,499.0
B07HQC8G7B,success,12262,338.0,283.0
B07HQ7VRNG,success,12295,240.0,350.0
B07HRYDNLZ,success,36625,324.0,500.0
B07HR89KT1,success,53506,500.0,500.0
B07HRZM2V4,success,37170,471.0,301.0
B07HSTQPWB,success,33754,500.0,500.0
B07HZSSNJ3,success,24153,425.0,420.0
B07HT12PD5,success,56640,499.0,454.0
B07HZ2T9GS,success,50857,500.0,329.0
B07HS2RCKG,success,37170,471.0,301.0
B07J21Y82K,success,30549,447.0,308.0
B07J215RPT,success,24404,398.0,325.0
B07J2FKJ1X,success,21415,409.0,473.0
B07J2WF2JW,success,46285,460.0,384.0
B07J1WTLQZ,success,23563,433.0,294.0
B07J1XH67V,success,15891,476.0,283.0
B07J324ZCP,success,9768,217.0,420.0
B07J322M3D,success,22085,446.0,360.0
B07J3H9K8N,success,19773,481.0,407.0
B07J4RVYHX,success,30009,475.0,500.0
B07J4TYZ72,success,50595,499.0,500.0
B07J4QRB8L,success,17908,361.0,457.0
B07J58R4M2,success,23025,375.0,500.0
B07J5X68B2,success,34690,468.0,487.0
B07J41CLLP,success,39379,500.0,500.0
B07JC416LG,success,34803,485.0,361.0
B07J6TC92W,success,30373,499.0,314.0
B07J4Q48X8,success,38816,500.0,394.0
B07J9J94NL,success,19673,410.0,497.0
B07JCJMM94,success,15941,268.0,477.0
B07JF47TTM,success,20728,312.0,442.0
B07JFJ8HPX,success,51794,459.0,500.0
B07J647XGT,success,25874,499.0,404.0
B07JGXPYL5,success,39424,454.0,479.0
B07JJ1ZP6T,success,24810,439.0,500.0
B07JLMHVTL,success,22397,479.0,456.0
B07JG1TJGK,success,22296,410.0,397.0
B07JMQ6S49,success,51641,500.0,500.0
B07JL3HSN5,success,10308,83.0,415.0
B07JGT5HCW,success,34946,471.0,266.0
B07JL7J4K8,success,9695,154.0,494.0
B07JP7ZGFQ,success,8499,403.0,300.0
B07JNZDZKH,success,10515,363.0,440.0
B07JNKJ23Z,success,58985,490.0,366.0
B07JGJC65P,too_small,2912,436.0,40.0
B07JPC1M9H,success,29947,483.0,489.0
B07JN8QJH6,success,29311,488.0,362.0
B07JQ577Y4,success,36222,332.0,322.0
B07JQ65QT3,success,15422,243.0,447.0
B07JW1YSRH,success,30277,499.0,438.0
B07JVGGN6H,success,35454,486.0,495.0
B07JVL553T,success,32462,452.0,497.0
B07JW2S287,success,10041,350.0,435.0
B07JVN1MSN,success,14896,229.0,491.0
B07JVK8J97,success,18005,473.0,312.0
B07JXZRQGS,success,37156,415.0,365.0
B07JX736SB,success,47879,500.0,500.0
B07JYZW9RF,success,23543,343.0,495.0
B07JYFHWGX,success,31528,458.0,281.0
B07JW2YPS9,success,47039,498.0,475.0
B07JYMFFVR,success,18571,358.0,422.0
B07K1JK4VB,success,13231,268.0,378.0
B07K24ZLWC,success,30420,496.0,180.0
B07JZTQZQS,success,18766,468.0,475.0
B07JZL2JRP,success,17983,289.0,443.0
B07K2Z242D,success,18628,400.0,500.0
B07K986YLL,success,22005,310.0,416.0
B07K45G8TV,success,26088,372.0,456.0
B07K8XPS7J,success,25830,346.0,496.0
B07K89WHJH,success,19499,447.0,291.0
B07K2GDWVW,success,29911,376.0,495.0
B07K2JVDHW,success,41374,475.0,412.0
B07K95WFWM,success,22005,310.0,416.0
B07KFBTF82,success,13232,223.0,441.0
B07KB21JL8,success,41473,484.0,408.0
B07KFZGB4Z,success,20985,294.0,494.0
B07KD71BNB,success,27764,479.0,260.0
B07K9V2JF3,success,50486,500.0,500.0
B07KGMQGDT,success,53563,500.0,381.0
B07KJX74NH,success,31167,460.0,324.0
B07KLJHQ37,success,22559,444.0,475.0
B07KKZX2KR,success,38541,484.0,499.0
B07KML89F3,success,25939,484.0,316.0
B07KMLWRV7,success,15019,488.0,263.0
B07KNLVRJ2,success,34585,500.0,360.0
B07KPFGX26,success,32469,445.0,463.0
B07KQF165L,success,10174,498.0,198.0
B07KPMNFDR,success,25355,496.0,177.0
B07KQL6J9Q,success,23715,306.0,500.0
B07KQWX947,success,19621,206.0,489.0
B07KPVZ1Y4,success,21537,497.0,242.0
B07KBPYC6X,success,21961,366.0,271.0
B07KQT2G31,success,40671,487.0,470.0
B07KR62YBD,success,21400,460.0,462.0
B07KQXJLF8,success,35687,500.0,500.0
B07KSBK92C,success,22319,500.0,500.0
B07KR82DHG,success,33448,500.0,400.0
B07KTT68YB,success,28194,467.0,332.0
B07KSPDR2K,success,13844,288.0,500.0
B07KW6HFD1,success,29875,343.0,324.0
B07KWL9DPB,success,11308,419.0,238.0
B07KWM2Y72,success,20244,380.0,500.0
B07KVL7S4L,success,39844,463.0,500.0
B07KXMFMHF,success,25153,458.0,448.0
B07KXWX1VY,success,34740,468.0,486.0
B07KZZZ3JL,success,17426,461.0,330.0
B07L1LBFMP,success,15541,500.0,500.0
B07L2F95NH,success,15319,303.0,473.0
B07L46VYHQ,success,32177,419.0,390.0
B07L4LRCXN,success,13884,221.0,476.0
B07L51H5R1,success,20506,496.0,280.0
B07KYL58Q1,success,48728,500.0,491.0
B07L5L22ZL,success,35980,492.0,377.0
B07L1RQDJM,success,46988,497.0,424.0
B07L5NH7GG,success,11705,299.0,375.0
B07L5RQB2N,success,17264,446.0,389.0
B07L6C1J61,success,21568,296.0,468.0
B07L4HLRY6,success,26998,396.0,461.0
B07L913BK9,success,25872,184.0,498.0
B07L738NLT,success,39539,447.0,500.0
B07LBJXCYH,success,18000,460.0,321.0
B07L9GPT7W,success,22467,258.0,400.0
B07LBMWQLQ,success,13005,290.0,252.0
B07L4GYFK9,success,30042,472.0,500.0
B07LBQN6K5,success,29942,467.0,469.0
B07LD78515,success,44845,457.0,376.0
B07LCH74H9,success,33914,492.0,449.0
B07LGDYQJ8,success,28919,409.0,475.0
B07LD87S68,success,47447,462.0,375.0
B07LBZNCPW,success,18355,310.0,230.0
B07LCVR5BW,success,47324,469.0,462.0
B07M77D5KV,success,23309,242.0,430.0
B07M5GFPQN,success,20901,401.0,403.0
B07M7VZ957,success,17495,390.0,369.0
B07M8RM7G3,success,30516,464.0,442.0
B07MC1QCHW,success,17278,378.0,359.0
B07M6TWR4J,success,52474,500.0,333.0
B07LGVQ8TC,success,51661,484.0,500.0
B07MC59FP3,success,36691,442.0,428.0
B07M91R8PN,success,28513,493.0,342.0
B07MCTZ3LZ,success,23936,479.0,204.0
B07M87KRKR,success,21146,282.0,345.0
B07MGDBD3T,success,21525,328.0,495.0
B07MGL1VW1,success,20645,332.0,462.0
B07MG94T5M,success,22672,359.0,460.0
B07MGSWD1F,success,82539,500.0,476.0
B07ML57PHR,success,16292,306.0,318.0
B07MKBGH2V,success,37337,499.0,394.0
B07MNDYX9Z,success,40907,500.0,379.0
B07MM4KVCY,success,31057,486.0,411.0
B07MPZB77S,success,10905,452.0,156.0
B07MMT6W19,success,23348,284.0,434.0
B07MMTR4L4,success,28422,282.0,446.0
B07MQDJLSF,success,44092,482.0,490.0
B07MRHF9GP,success,24597,350.0,320.0
B07MSTFMG6,success,24765,461.0,350.0
B07MVYH9VJ,success,22681,432.0,300.0
B07MQPGK96,success,21960,478.0,342.0
B07MX1VX18,success,45650,483.0,368.0
B07MZZG5M2,success,26757,416.0,344.0
B07N2B3HRP,success,24652,400.0,341.0
B07N1W6XK6,success,26431,481.0,339.0
B07MWCB67X,success,17792,406.0,302.0
B07MX4J3W8,success,32139,489.0,419.0
B07MTV25N8,success,13756,368.0,278.0
B07N2CH1S5,success,30754,396.0,445.0
B07N3F6K5D,success,16188,319.0,488.0
B07N3B66YQ,success,38167,500.0,487.0
B07N47QHSB,success,39875,480.0,485.0
B07N3GM473,success,7246,67.0,487.0
B07N6S4SY1,success,31710,477.0,345.0
B07N4J8WT4,success,12797,492.0,278.0
B07N5MT53H,success,24384,432.0,333.0
B07N8336B9,success,21454,334.0,455.0
B07N6Y8ZD8,success,40507,463.0,368.0
B07N8XQMVC,success,24574,486.0,315.0
B07N98QPKD,success,19262,436.0,471.0
B07N5LRN5F,success,12125,236.0,339.0
B07NBVKHZH,success,20410,449.0,356.0
B07N9CZ6PD,success,31872,473.0,484.0
B07NGRTX9C,success,27051,500.0,455.0
B07NHTCQW8,success,19197,285.0,452.0
B07NGCBP36,success,49532,423.0,454.0
B07NDLW49L,success,51017,346.0,500.0
B07NJ4KCYS,success,16646,282.0,474.0
B07NJZM7DT,success,20204,239.0,500.0
B07NJXH5HZ,success,22208,495.0,391.0
B07NK8G2HH,success,20842,417.0,479.0
B07NKJ8YY4,success,16699,428.0,205.0
B07NHVWP31,success,48566,346.0,373.0
B07NM44B48,success,15141,299.0,469.0
B07NK2NW84,success,22739,453.0,344.0
B07NQ8H77N,success,23184,487.0,364.0
B07NJZR51T,success,19131,238.0,500.0
B07NPDR49R,success,3818,173.0,472.0
B07NQ5KPKG,success,29572,468.0,328.0
B07NR9NF42,success,30089,464.0,333.0
B07NQHBL2G,success,55573,483.0,499.0
B07NRP4W8W,success,14743,470.0,282.0
B07NRX1865,success,15742,492.0,269.0
B07NSR6MKR,success,29512,469.0,247.0
B07NR78GS6,success,12130,413.0,318.0
B07NSP78DF,success,31979,257.0,407.0
B07NV6PQD5,success,33785,496.0,437.0
B07NW6Z16J,success,21240,407.0,432.0
B07NWG28Z7,success,30121,459.0,457.0
B07NX4R8HK,success,35856,405.0,446.0
B07NXJN1QW,success,15952,261.0,264.0
B07NZ4DQP8,success,22603,500.0,473.0
B07NYZ3HVP,success,35255,500.0,499.0
B07NVP277Y,success,30652,489.0,356.0
B07NZ6FPJR,success,19952,471.0,290.0
B07P14PZTP,success,24306,439.0,465.0
B07NXDPLJ9,success,18888,251.0,403.0
B07NZP1T3B,success,48776,499.0,425.0
B07P38RBZW,success,29666,490.0,367.0
B07P5JMW4F,success,20374,495.0,451.0
B07P5JV41J,success,54283,347.0,500.0
B07P57RVPQ,success,42015,500.0,494.0
B07P5JSCMZ,success,24075,200.0,322.0
B07P5RT1P5,success,36786,486.0,323.0
B07P1FN7KQ,success,25201,488.0,408.0
B07P4LFDT7,success,25703,425.0,292.0
B07P71XQRY,success,21177,351.0,126.0
B07P7MP1H4,success,39340,187.0,481.0
B07P7TPFWV,success,14559,436.0,344.0
B07P5Y2R1R,success,38658,485.0,471.0
B07P7YGGVS,success,14829,233.0,343.0
B07P82FSFW,success,27721,492.0,472.0
B07P6392QV,success,14060,311.0,117.0
B07P84B132,success,9319,316.0,296.0
B07P9Y2Z4M,success,60461,479.0,424.0
B07PB1MX35,success,18917,362.0,289.0
B07P85CDHG,success,10588,316.0,296.0
B07PBDHCC2,success,14224,311.0,121.0
B07P619NXM,success,25943,428.0,271.0
B07PBLNJZ7,success,37194,329.0,424.0
B07PBJ1WSP,success,24322,444.0,272.0
B07PCHMQB4,success,20008,350.0,126.0
B07PDGLWG6,success,25385,488.0,214.0
B07PCHJN4S,success,11219,316.0,296.0
B07PFDHHYJ,success,23776,486.0,161.0
B07PGR1KF9,success,14149,216.0,409.0
B07PHWGWFS,success,26517,351.0,478.0
B07PJKBML1,success,25390,407.0,458.0
B07PCQ3W1C,success,32898,481.0,327.0
B07PLVMZW3,success,20915,500.0,312.0
B07PN7F6B8,success,17670,268.0,390.0
B07PNHJRZR,success,45769,487.0,498.0
B07PNK7Q7Q,success,16669,353.0,500.0
B07PK9Q627,success,31130,449.0,475.0
B07PK138MB,success,34722,457.0,349.0
B07PPK1RFM,success,18089,478.0,236.0
B07PQ4MMB5,success,21184,485.0,276.0
B07PQ953Y3,success,16747,240.0,402.0
B07PSK9PX5,success,20729,231.0,430.0
B07PP4JXXS,success,16942,319.0,458.0
B07PSKXM33,success,18675,241.0,480.0
B07PPBHZ97,success,10640,274.0,360.0
B07PSL1FFL,success,15222,292.0,476.0
B07PTTJXDD,success,32840,466.0,466.0
B07PV4NQDN,success,37851,421.0,500.0
B07PV4QS5D,success,12906,209.0,338.0
B07PVKG5QR,success,21187,473.0,335.0
B07PV6N7XM,success,22694,432.0,268.0
B07PVG3ZW3,success,50354,500.0,500.0
B07PXGHN4M,success,14959,375.0,424.0
B07PX3WWBT,success,25891,402.0,484.0
B07PW2QDF8,success,15327,236.0,457.0
B07PYHVH31,success,27616,500.0,324.0
B07PZ6Z8QK,success,14342,343.0,201.0
B07PXGDCZJ,success,26854,286.0,467.0
B07PYX5P6M,success,36694,480.0,358.0
B07PZH8MSG,success,7833,64.0,414.0
B07PZHNZ67,success,13354,283.0,492.0
B07PZQ7D83,success,10166,201.0,475.0
B07PZHP2LL,success,18847,238.0,432.0
B07Q2RB6BY,success,32372,426.0,345.0
B07Q3T1QMW,success,20872,280.0,455.0
B07Q3T2HLQ,success,20967,280.0,456.0
B07Q3T1YJS,success,20962,280.0,455.0
B07Q1NYPQB,success,13527,126.0,460.0
B07PZQ8MKL,success,23513,249.0,476.0
B07Q3T2RZF,success,20967,280.0,456.0
B07Q4FRW6L,success,21383,498.0,289.0
B07Q5R45NB,success,35660,445.0,481.0
B07Q5VM8ZD,success,20962,280.0,455.0
B07Q71VML6,success,20642,262.0,428.0
B07PZF3QLP,success,17822,302.0,409.0
B07Q4F8Q99,success,26531,288.0,422.0
B07Q22QHNJ,success,20355,464.0,266.0
B07Q7DHL4G,success,14086,400.0,441.0
B07Q84QRKD,success,20962,280.0,455.0
B07Q5CBSH3,success,28909,423.0,280.0
B07Q7DQ8CM,success,24617,240.0,402.0
B07QB4W11Z,success,28261,490.0,346.0
B07QB18YD9,success,27898,500.0,295.0
B07QB7KH98,success,22979,427.0,467.0
B07QBR6ZH8,success,16010,310.0,251.0
B07Q7GG2CP,success,22474,386.0,458.0
B07QBY16VR,success,22097,277.0,500.0
B07Q9WV7N2,success,18263,368.0,434.0
B07QDPG7TG,success,14154,329.0,249.0
B07QDPL2QS,success,21757,335.0,240.0
B07QCRL3HQ,success,38002,441.0,482.0
B07QC3YV1Q,success,27505,399.0,301.0
B07QF6H27W,success,32137,461.0,324.0
B07QFNMZ4S,success,21755,484.0,280.0
B07QBWPRY6,success,45725,426.0,442.0
B07QHXBQWG,success,24222,438.0,269.0
B07QHFRV3M,success,29522,402.0,454.0
B07QKX28XR,success,29691,500.0,381.0
B07QHF4NGQ,success,47689,414.0,473.0
B07QJVWM7J,success,21305,409.0,294.0
B07QKPLYBT,success,21858,343.0,272.0
B07QKXPXHM,success,28754,493.0,444.0
B07QL578VM,success,30868,349.0,454.0
B07QLN5ZWR,success,14875,416.0,405.0
B07QLN7KZN,success,14852,239.0,465.0
B07QLN8MNJ,success,14667,251.0,388.0
B07QND6MM5,success,33257,367.0,421.0
B07QLQPX1S,success,27186,441.0,399.0
B07QN8JF2V,success,23681,472.0,499.0
B07QQB7552,success,35622,464.0,326.0
B07QP6G5JV,success,36857,489.0,475.0
B07QR3YHPK,success,43353,492.0,255.0
B07QP4JK3C,success,22658,450.0,289.0
B07QS96QXZ,success,38315,499.0,476.0
B07QS5NCB3,success,21791,468.0,360.0
B07QV7V1TZ,success,30228,436.0,463.0
B07QVP9MYK,success,24266,399.0,329.0
B07QXYDK7Z,success,17079,390.0,311.0
B07QW971RS,success,15803,230.0,486.0
B07QY4RN79,success,27566,470.0,406.0
B07QZPD3LY,success,11458,131.0,471.0
B07QYKZ6S4,success,30140,405.0,476.0
B07R2QKTK5,success,14472,458.0,189.0
B07R2B5X9H,success,31983,500.0,478.0
B07R38GFL2,success,43108,500.0,280.0
B07R48361X,success,47168,411.0,495.0
B07R5HP59Y,success,22912,411.0,474.0
B07R37HZVP,success,25702,420.0,420.0
B07R5SJPPD,success,28789,500.0,414.0
B07R6R9L18,success,29310,500.0,407.0
B07R7636MH,success,55328,496.0,407.0
B07R5CB6HY,success,24181,444.0,297.0
B07R9QJS9L,success,18805,451.0,288.0
B07R84PW29,success,38415,472.0,377.0
B07R82333S,success,19543,401.0,309.0
B07RB6ZGSP,success,25392,498.0,273.0
B07RCKMG6H,success,17410,295.0,327.0
B07R7TH5SZ,success,25711,382.0,445.0
B07RCSSNT1,success,29011,468.0,328.0
B07RFZD8PL,success,38541,277.0,493.0
B07RDPDS3F,success,39753,479.0,461.0
B07RDRYRZY,success,29748,472.0,342.0
B07RG8GW2R,success,12489,252.0,261.0
B07RF2123Z,success,32152,470.0,289.0
B07RGRPKQH,success,35904,462.0,408.0
B07QYWNQ2Q,success,25544,269.0,454.0
B07RHB9DBC,success,10702,401.0,352.0
B07RJ28KYH,success,28850,439.0,411.0
B07RJ687N3,success,32101,470.0,289.0
B07RJR1XPH,success,38937,402.0,417.0
B07RKQBHC9,success,23436,226.0,357.0
B07RM55BWM,success,6966,483.0,194.0
B07RL3LRZ8,success,24326,474.0,353.0
B07RMBKSY3,success,49731,464.0,266.0
B07RM7VC91,success,28617,434.0,352.0
B07RMPVX1D,success,17738,287.0,418.0
B07RPKS7X4,success,16915,382.0,244.0
B07RPHHLR7,success,19721,378.0,460.0
B07RM6QWHP,success,19544,448.0,293.0
B07RQRX7RW,success,32057,449.0,472.0
B07RN5T3W4,success,44306,500.0,298.0
B07RRF58J2,success,7099,452.0,170.0
B07RQVB3HQ,success,25317,476.0,283.0
B07RKNJL4Y,success,25671,491.0,348.0
B07RRZQBRN,success,27475,400.0,469.0
B07RS9J8TV,success,18264,372.0,500.0
B07RW4VG9Q,success,30528,443.0,470.0
B07RWR3ZQ3,success,34229,474.0,195.0
B07RS2H5PR,success,21413,444.0,468.0
B07RW44S7Y,success,31375,454.0,464.0
B07RXM83DR,success,32796,418.0,248.0
B07RXQTL1V,success,26132,401.0,383.0
B07RTZDDNG,success,36208,430.0,470.0
B07RZS6QYX,success,30178,376.0,414.0
B07RYQX9DG,success,25003,313.0,468.0
B07RZJCJBY,success,22438,500.0,367.0
B07RZVPTQQ,success,45589,500.0,291.0
B07RZK2VBY,success,24710,496.0,467.0
B07S1PDZ8D,success,21755,484.0,280.0
B07S1T38TC,success,72463,500.0,488.0
B07S1D5XTT,success,38800,500.0,338.0
B07S1X999B,success,11427,336.0,176.0
B07S4MFN8Z,success,23312,479.0,453.0
B07S248MX5,success,49467,500.0,478.0
B07S395RWD,success,22316,462.0,361.0
B07S3ZY1HG,success,33012,453.0,500.0
B07S5JVP78,success,31844,425.0,445.0
B07S764D9V,success,23209,488.0,500.0
B07S63JVCL,success,22215,401.0,313.0
B07S7BCTWW,success,34661,476.0,343.0
B07S85XNXB,success,33554,422.0,250.0
B07S7D8Y2L,success,28862,375.0,500.0
B07S8QZ49H,success,29854,484.0,270.0
B07SB19BTC,success,15951,244.0,386.0
B07S9W5F2L,success,30955,497.0,500.0
B07SB9HDWQ,success,5502,358.0,81.0
B07SB9RSRF,success,18678,469.0,257.0
B07SCDZKRH,success,18977,480.0,194.0
B07SJFY5BK,success,19750,324.0,428.0
B07SHGN942,success,24506,443.0,469.0
B07SGXBR2H,success,62565,484.0,500.0
B07SDH55NY,success,47284,326.0,495.0
B07SKX6D7M,success,23657,252.0,419.0
B07SJHYWQB,success,50017,496.0,242.0
B07S96LQNR,success,8212,473.0,224.0
B07SPBXH7L,success,36413,473.0,494.0
B07SPHMZF5,success,52872,347.0,423.0
B07SRZWLQS,success,38685,480.0,490.0
B07SQVX22T,success,39514,494.0,486.0
B07SQ8BP6V,success,23964,500.0,314.0
B07SRVYKDF,success,36011,440.0,498.0
B07SSDKNSL,success,42861,497.0,463.0
B07SW82DSW,success,15849,295.0,446.0
B07SZXDN9X,success,14218,406.0,179.0
B07SX8QRRZ,success,12555,411.0,316.0
B07STRZ5HH,success,15150,398.0,339.0
B07STY21PS,success,46451,386.0,485.0
B07SSX2MSP,success,33638,496.0,296.0
B07SZNDBDP,success,33354,434.0,482.0
B07SV9ZF52,success,21061,424.0,388.0
B07T18H792,success,24820,398.0,453.0
B07T13GLY3,success,45644,477.0,309.0
B07T3VHSQ5,success,8665,396.0,303.0
B07T4W4V6L,success,38095,299.0,385.0
B07T3S1TCG,success,34093,443.0,493.0
B07T1DTF4F,success,44972,500.0,327.0
B07T1XRSL5,success,41246,489.0,462.0
B07T5QQZG4,success,13803,490.0,197.0
B07T6VFS15,success,10147,177.0,411.0
B07T5RGLZV,success,29284,456.0,319.0
B07T99Q9PC,success,34871,500.0,399.0
B07T85W8P7,success,16804,500.0,425.0
B07TBRYDBV,success,18097,297.0,500.0
B07TBHNP4C,success,18790,329.0,381.0
B07TCJRCGW,success,11621,214.0,500.0
B07TC6D6PX,success,42423,490.0,370.0
B07TCSG6CH,success,40673,430.0,500.0
B07TD6T9WV,success,36403,475.0,331.0
B07TDQ8NL3,success,33842,407.0,485.0
B07TFZMYXZ,success,14116,307.0,446.0
B07TG76W95,success,39580,466.0,462.0
B07TMRQ72F,success,38984,440.0,292.0
B07TMDSS3Q,success,28478,494.0,227.0
B07TQ952DH,success,8334,220.0,225.0
B07TJLM1YM,success,57470,500.0,459.0
B07TQS63V7,success,72148,500.0,491.0
B07TGP4TWQ,success,15060,214.0,415.0
B07TV96YB6,success,25911,449.0,456.0
B07TS5SGLD,success,28539,478.0,498.0
B07TWGBG3P,success,33317,500.0,376.0
B07TRQ9JSH,success,31380,403.0,188.0
B07TJFDG72,success,16105,452.0,294.0
B07TWB1R8B,success,12598,355.0,404.0
B07TWGHM99,success,20540,340.0,397.0
B07TX1M942,success,51105,500.0,491.0
B07TYF55R2,success,27748,500.0,500.0
B07TYQBGS3,success,21395,499.0,470.0
B07TYWPM67,success,34610,405.0,455.0
B07TYYP62B,success,23787,405.0,366.0
B07TYZR5YY,success,4266,107.0,235.0
B07TYTTRMH,success,43333,497.0,500.0
B07V2BGYZL,success,10965,427.0,254.0
B07V2B1MH2,success,33598,432.0,319.0
B07V3F7SNR,success,24765,461.0,350.0
B07V2PDH6T,success,22312,233.0,453.0
B07V2GPS8C,success,21788,364.0,370.0
B07V21YLN8,success,45885,461.0,359.0
B07V2DMFM6,success,35071,461.0,339.0
B07TCR1ZGR,success,37931,285.0,480.0
B07V3KL763,success,29465,472.0,472.0
B07V39QHMY,success,49562,478.0,471.0
B07V6DMRGN,success,9398,266.0,298.0
B07V4GJDLN,success,36251,495.0,313.0
B07V5BX9DP,success,25456,277.0,471.0
B07V4GK57W,success,8657,460.0,200.0
B07V6MGX7P,success,32775,338.0,315.0
B07V6NFBZ7,success,18948,369.0,500.0
B07V7QTX5W,success,50495,429.0,322.0
B07V5XS4MV,success,31876,403.0,494.0
B07V9ZMDX7,success,19947,351.0,376.0
B07VDM4RM7,success,19568,500.0,377.0
B07VD3M6M3,success,36140,443.0,452.0
B07VD8SLM4,success,25837,372.0,500.0
B07VF88TMR,success,21716,316.0,352.0
B07VHRP9NG,success,14699,449.0,484.0
B07VHRDQPX,success,31272,478.0,242.0
B07VHJJCS1,success,10769,327.0,197.0
B07VKQ54V1,success,22194,274.0,448.0
B07VJ496T6,success,29667,465.0,259.0
B07VKKM7RK,success,50771,449.0,442.0
B07VHBC8VP,success,15935,349.0,500.0
B07VL7BNLZ,success,31647,412.0,499.0
B07VN47CYW,success,28957,489.0,245.0
B07VL8N7NX,success,31364,482.0,262.0
B07VNP5DB1,success,37546,425.0,407.0
B07VNBC9Z9,success,17944,263.0,447.0
B07VPF4DGW,success,19060,263.0,448.0
B07VKQ58ZF,success,18279,274.0,448.0
B07VQJ56T3,success,20115,274.0,450.0
B07VSVNLB6,success,24425,312.0,488.0
B07VKXYJTZ,success,92427,500.0,368.0
B07VRPHLCG,success,20438,445.0,338.0
B07VSNP9RZ,success,50854,382.0,500.0
B07VTLRF6V,success,29898,499.0,432.0
B07VQJC1G2,success,42704,460.0,406.0
B07VTCLHYG,success,32006,458.0,478.0
B07VVJN3MY,success,25309,497.0,218.0
B07VWS6BZ3,success,49175,491.0,393.0
B07VX7V91Q,success,27638,360.0,487.0
B07VQJDGX2,success,21427,263.0,448.0
B07VZHQ2WF,success,29191,478.0,404.0
B07VYVQL45,success,27798,306.0,500.0
B07VVLQT9T,success,36895,483.0,409.0
B07VW79ZSP,success,35091,500.0,227.0
B07W1Q3X7S,success,13356,434.0,298.0
B07VY9BM45,success,44018,500.0,489.0
B07W46668C,success,11208,343.0,284.0
B07VZZNCNW,success,29444,353.0,451.0
B07W6J5K8L,success,22712,467.0,356.0
B07W4ML7LC,success,27616,467.0,414.0
B07W6N4HNP,success,20528,467.0,447.0
B07W6THQQZ,success,60080,500.0,398.0
B07WC183S5,success,16643,319.0,465.0
B07W3QK4WG,success,24408,460.0,305.0
B07W1VNVNY,success,24077,258.0,468.0
B07WJKT2MH,success,17559,412.0,268.0
B07WDCHQ17,success,27569,493.0,412.0
B07WFQYDD5,success,51420,500.0,380.0
B07WCQSFY4,success,34915,412.0,413.0
B07WH12ZMV,success,33191,459.0,458.0
B07WJ1CGL1,success,16109,400.0,402.0
B07WMDV7CW,success,31614,461.0,352.0
B07WJVTL63,success,7196,432.0,230.0
B07WMSXN78,success,31616,472.0,347.0
B07WN2VNJP,success,35756,474.0,487.0
B07WQW6H9S,success,26871,453.0,442.0
B07WN1SDFK,success,19147,460.0,463.0
B07WTM42M4,success,19992,417.0,354.0
B07WQVSBZF,success,57400,490.0,490.0
B07WRYFDLJ,success,4371,179.0,382.0
B07WTXNH2C,success,9412,226.0,259.0
B07WV216QZ,success,38691,392.0,399.0
B07WWKH1B7,success,22595,404.0,458.0
B07WVTJJ6B,success,35173,404.0,500.0
B07WWQ7JBS,success,19965,292.0,485.0
B07WVN6CWT,success,32869,434.0,439.0
B07WWK9GYJ,success,18162,242.0,484.0
B07WWLXY7X,success,49012,500.0,496.0
B07WWV8ZBQ,success,28994,466.0,324.0
B07X1J7R34,success,49542,500.0,441.0
B07X1DWBVW,success,19953,362.0,463.0
B07WYX1N5N,success,20942,342.0,442.0
B07WYZCZZN,success,39644,459.0,385.0
B07X23N387,success,51858,484.0,319.0
B07X2586Y5,success,62866,500.0,381.0
B07WXZXWDV,success,14516,356.0,436.0
B07X41MS9Y,success,19541,469.0,428.0
B07X3WB7D8,success,31033,354.0,477.0
B07X4D3BR6,success,13020,349.0,275.0
B07X41N8LG,success,26393,490.0,459.0
B07X1V221N,success,44090,500.0,350.0
B07X4GQCYF,success,44212,483.0,465.0
B07X4K1X6Z,success,39898,500.0,333.0
B07X5F81JS,success,11577,245.0,450.0
B07X5WNK6C,success,21301,446.0,480.0
B07X72DMLC,success,18424,402.0,204.0
B07X5KSBNJ,success,37632,500.0,467.0
B07X5WLFH4,success,31844,471.0,499.0
B07X6KGF9R,success,21458,279.0,477.0
B07X5JKVSK,success,56734,500.0,495.0
B07X77RNFP,success,33514,462.0,286.0
B07X8ZLYLR,success,18075,351.0,391.0
B07X9VG6ZJ,success,21705,447.0,338.0
B07X7KL6JM,success,16564,345.0,218.0
B07XC3CW4G,success,22029,289.0,483.0
B07XBX33N2,success,19565,215.0,467.0
B07X7QL7C6,success,32637,420.0,491.0
B07X8QHKFV,success,9330,383.0,209.0
B07X8YJ3DR,success,44215,500.0,392.0
B07XL4JHXR,success,24743,440.0,325.0
B07XCBVQRT,success,39303,500.0,495.0
B07XFDYBYY,success,25619,273.0,424.0
B07XLN45JF,success,33138,288.0,379.0
B07XFBBLT3,success,74186,500.0,472.0
B07XQQRCG5,success,31167,460.0,324.0
B07XPLKZ5P,success,32152,470.0,289.0
B07XL5155H,success,32826,452.0,330.0
B07XLX24YH,success,8734,297.0,333.0
B07XHL5399,success,23622,493.0,304.0
B07XV5LH89,success,39193,220.0,393.0
B07XXDLNJZ,success,39779,499.0,363.0
B07XZ6D1YH,success,32741,483.0,289.0
B07Y2KBBTD,success,16896,199.0,328.0
B07XRK4SK9,success,48088,462.0,339.0
B07Y414QXJ,success,19086,414.0,233.0
B07XZRJY1Z,success,27348,414.0,492.0
B07Y4822BG,success,19448,333.0,285.0
B07XYQQTB7,success,18660,337.0,457.0
B07Y41MQVF,success,10667,444.0,232.0
B07Y49YVVG,success,30514,455.0,308.0
B07Y4D9GVB,success,30589,450.0,486.0
B07Y3ZS47V,success,13015,375.0,116.0
B07Y56W9XQ,success,21334,488.0,384.0
B07Y55ZDRC,success,37848,500.0,477.0
B07Y5BWL98,success,35874,434.0,464.0
B07Y9MFJ77,success,52439,426.0,455.0
B07Y5XFPNW,success,19285,270.0,490.0
B07Y6CMMKH,success,20434,500.0,500.0
B07XXZ1XGW,success,24005,406.0,408.0
B07YBWT8PK,success,36281,335.0,496.0
B07YBYN3P9,success,17179,387.0,448.0
B07YD5TG8P,success,20054,449.0,228.0
B07YCS8J8F,success,19929,360.0,384.0
B07Y6LQGJH,success,30952,490.0,287.0
B07YD2XPF3,success,30245,287.0,416.0
B07YDM371X,success,14241,342.0,389.0
B07YFD2NRL,success,33778,380.0,314.0
B07YFG742J,success,35835,483.0,407.0
B07YFXRNHF,success,47700,222.0,466.0
B07YGZL8XF,success,29416,345.0,307.0
B07YFMHD6W,success,48278,446.0,485.0
B07YDJGPCN,success,30981,500.0,288.0
B07YL6332F,success,30859,500.0,500.0
B07YGZRQ98,success,44658,415.0,302.0
B07YH1GZQG,success,15131,488.0,222.0
B07YLMJZXB,success,10382,481.0,148.0
B07YQGXLC6,success,18484,310.0,359.0
B07YNR1R2N,success,22398,500.0,228.0
B07YP9MNJV,success,39238,500.0,355.0
B07YHS3W1Y,success,18395,500.0,305.0
B07YT7HS9J,success,16073,274.0,415.0
B07YQKYLXZ,success,15649,404.0,301.0
B07YTNYT11,success,53099,500.0,368.0
B07YRLK978,success,9766,248.0,468.0
B07YTYXJ4Z,success,47112,425.0,276.0
B07YVVH36G,success,23558,479.0,315.0
B07YQXK75S,success,16151,488.0,290.0
B07YZ48HCT,success,13339,262.0,427.0
B07YX5NKK2,success,31637,475.0,296.0
B07YVWGLML,success,22822,252.0,430.0
B07YYWNDGS,success,21501,477.0,206.0
B07YYWM2LN,success,17848,390.0,400.0
B07YYTYK5X,success,28342,447.0,273.0
B07YX9DJ46,success,41428,395.0,425.0
B07YWKP28C,success,25893,277.0,451.0
B07YZMKDV1,success,26408,322.0,488.0
B07Z1G9CMB,success,32733,500.0,288.0
B07Z2PF8FV,success,12730,478.0,229.0
B07Z3PJP9N,success,10856,457.0,470.0
B07Z3M8KL4,success,20116,458.0,444.0
B07Z3PW259,success,43521,456.0,455.0
B07YZC6CBN,success,40206,454.0,443.0
B07Z4SV944,success,23132,348.0,404.0
B07Z6L3YH8,success,32020,463.0,386.0
B07Z45N5VB,success,21581,401.0,319.0
B07Z84Q2XK,success,33120,415.0,433.0
B07Z9WRMXN,success,28767,304.0,497.0
B07Z922742,success,21479,418.0,466.0
B07ZFJVG8P,success,42907,462.0,361.0
B07ZFDV9VC,success,39487,457.0,499.0
B07ZFJYMF7,success,6743,425.0,120.0
B07Z714PSM,success,13937,500.0,294.0
B07Z8TC28F,success,24765,417.0,325.0
B07ZFK44B9,success,43016,500.0,370.0
B07ZFK6CZR,success,21806,392.0,300.0
B07ZFK884G,success,37330,423.0,333.0
B07ZFKGZ5K,success,24594,464.0,275.0
B07ZFKHTZB,success,28954,381.0,406.0
B07ZGJ6T7B,success,42588,458.0,354.0
B07ZH488MH,success,20689,431.0,392.0
B07ZHBVYPS,success,20958,465.0,422.0
B07ZH5L7H4,success,17870,308.0,341.0
B07ZHCQLHJ,success,14226,483.0,393.0
B07ZJL6W4P,success,39281,500.0,367.0
B07ZJCGRYJ,success,54626,500.0,500.0
B07ZKBQN97,success,31360,407.0,496.0
B07ZNBZCW5,success,12551,360.0,374.0
B07ZLSYPMV,success,21889,426.0,373.0
B07ZQ1PCJJ,success,21300,338.0,388.0
B07ZPRPRL1,success,37700,446.0,498.0
B07ZS5SLKF,success,32368,438.0,290.0
B07ZVJ43W2,success,13447,377.0,366.0
B07ZWJR9GD,success,22572,388.0,464.0
B07ZTDNHN9,success,31725,498.0,466.0
B07ZQ2T3Q6,success,39126,447.0,408.0
B0811G1F8Y,success,24020,417.0,499.0
B07ZYKYJSV,success,20818,447.0,390.0
B07ZR54JHV,success,31732,369.0,499.0
B0813GTJ65,success,23013,257.0,431.0
B0812DKDD9,success,49996,487.0,500.0
B08148KPDY,success,16035,255.0,403.0
B08148W49P,success,24676,500.0,353.0
B081BL5F66,success,13797,355.0,330.0
B081C4XWXZ,success,23384,474.0,214.0
B0816PMLG8,success,50253,312.0,497.0
B081D5TM4Q,success,28062,500.0,473.0
B0816GVJVW,success,24808,388.0,467.0
B081D9HJ4P,success,28603,500.0,323.0
B081GDS2W7,success,24841,477.0,351.0
B081F55QMB,success,39697,353.0,459.0
B081DYD25S,success,44882,498.0,500.0
B081HC3RBF,success,33678,500.0,406.0
B0818YMXRX,success,47864,466.0,500.0
B081GFKGML,success,6567,268.0,210.0
B081H2PC5W,success,62753,500.0,500.0
B081NF9V72,success,9017,358.0,242.0
B081KHT8YG,success,28740,298.0,500.0
B081KZ8JQF,success,21706,404.0,241.0
B081PD3VXR,success,33767,169.0,446.0
B081P1SRXM,success,28736,474.0,161.0
B081P85Z7Y,success,9519,250.0,83.0
B081HC253G,success,63716,500.0,500.0
B081K95WKL,success,47855,493.0,477.0
B081R4TPP3,success,24405,430.0,228.0
B081Q4X6HN,success,18012,489.0,335.0
B081SLPBZV,success,23750,300.0,485.0
B081S5XL28,success,18835,363.0,443.0
B081SDPJ47,success,6969,222.0,212.0
B081TK1W3Z,success,21138,475.0,214.0
B081TWQR43,too_small,1794,,
B081SLB69N,success,25245,300.0,483.0
B081VBY2G4,success,48608,429.0,477.0
B081W8RDZK,success,26087,399.0,316.0
B081V6W99V,success,26392,466.0,327.0
B081YMPXC7,success,22329,466.0,446.0
B081STV3XJ,success,35519,450.0,500.0
B081Z9DH3Y,success,53533,481.0,441.0
B081ZBT52C,success,11592,500.0,264.0
B0822M7ZP5,success,28392,500.0,440.0
B0823VG11R,success,24641,403.0,470.0
B08215ZHPJ,success,24648,473.0,496.0
B081YXTSXG,success,39693,486.0,254.0
B0825GXZSG,success,23617,500.0,326.0
B081S765CQ,success,23932,373.0,500.0
B0827F5K4K,success,32945,397.0,304.0
B0827F5QDD,success,48129,472.0,359.0
B0827F7CCQ,success,58422,438.0,316.0
B0827ZV8TL,success,48602,500.0,500.0
B0827FJWP8,success,28077,463.0,294.0
B0828YJ1N7,success,64135,500.0,496.0
B082983Q2J,success,19581,500.0,339.0
B082CG3L2D,success,22169,470.0,302.0
B082HRB6SN,success,21237,415.0,479.0
B082KMKQQX,success,43510,500.0,496.0
B082MXJVH3,success,35457,467.0,498.0
B082M94GY9,success,21230,500.0,262.0
B082MY6W2L,success,34746,466.0,475.0
B082PSXF1M,success,27209,404.0,456.0
B082CJPNB5,success,31078,378.0,499.0
B082QPHYZQ,success,11715,274.0,496.0
B082DYXRQV,success,40526,452.0,391.0
B082SRFX6Z,success,11941,252.0,392.0
B082R9CSWR,success,21514,289.0,425.0
B082SW81WD,success,10002,343.0,394.0
B082TYT6X4,success,24269,277.0,293.0
B082TY7VKW,success,46395,372.0,447.0
B082V8GC6T,success,18995,266.0,457.0
B082VXTPPB,success,51162,400.0,421.0
B082W1GHY6,success,21211,466.0,423.0
B082W1SWKC,success,30179,452.0,481.0
B082W21SCV,success,49750,468.0,465.0
B082VQQKMZ,success,12494,329.0,296.0
B082WW3K85,success,54130,500.0,385.0
B082X196WJ,success,22123,244.0,422.0
B082W1XC1Z,success,23866,464.0,387.0
B082W1CBDC,success,26857,460.0,384.0
B082X91MPP,success,31378,460.0,491.0
B08315RYD4,success,33410,499.0,417.0
B082XN371M,success,33061,500.0,500.0
B083164KKH,success,24228,431.0,384.0
B083169M68,success,21245,429.0,381.0
B082W1KXX5,success,32799,450.0,374.0
B0833X5GNK,success,17286,404.0,445.0
B083169BMW,success,40569,490.0,404.0
B082XXF1X9,success,15653,450.0,278.0
B0835L59N2,success,15934,432.0,215.0
B0834S5D9K,success,50616,500.0,422.0
B0836JGCBN,success,27397,430.0,499.0
B0836X424P,success,28742,328.0,477.0
B083B8PDJQ,success,38426,484.0,473.0
B0836NT74H,success,41816,490.0,444.0
B08396DWL9,success,29238,497.0,355.0
B083F9CBMF,success,12405,284.0,496.0
B083GW1M7G,success,41618,454.0,384.0
B0836KQC7X,success,33660,493.0,498.0
B083JFTZMN,success,17623,430.0,370.0
B083BMR9TD,success,41621,491.0,244.0
B083L4239G,success,8566,426.0,180.0
B083LNY242,success,27843,500.0,352.0
B083MMMKV5,success,27659,351.0,476.0
B083NMCZNS,success,24528,319.0,494.0
B083HW76LZ,success,25395,344.0,490.0
B083LB9SGB,success,32394,496.0,396.0
B083P16YXL,success,22142,344.0,451.0
B083PQZFFH,success,15956,298.0,457.0
B083NW9B45,success,51360,461.0,500.0
B083R57JR5,success,24235,254.0,428.0
B083R5QN26,success,27241,432.0,270.0
B083MQJ4R4,success,19090,273.0,471.0
B083R7P6S8,success,41925,475.0,444.0
B083TJ7T1B,success,25419,470.0,236.0
B083RZQRXN,success,19226,490.0,286.0
B083RPHHNY,success,44624,426.0,401.0
B083Q576GZ,success,29671,317.0,482.0
B083TSRWXQ,success,29715,454.0,422.0
B083XTKV8V,success,46232,489.0,467.0
B08438H4GM,success,13656,463.0,224.0
B083ZVN4L9,success,30412,500.0,500.0
B083V3FPWK,success,21686,365.0,491.0
B083TQNCQC,success,31430,498.0,209.0
B083VXSTDN,success,24368,360.0,413.0
B083W4N1Z2,success,39640,422.0,314.0
B0844Z17H1,success,15810,400.0,406.0
B084G4GY2N,success,37290,471.0,496.0
B0845715MJ,success,49159,500.0,447.0
B084CZDX61,success,17240,284.0,368.0
B084H2NHNN,success,23198,440.0,499.0
B084HNZ27T,success,19290,272.0,389.0
B084H2NHL4,success,26229,480.0,488.0
B084LVVQ7F,success,28744,467.0,267.0
B084HGXDN9,success,69074,500.0,359.0
B084RYQQCM,success,23530,278.0,496.0
B084RSKVQZ,success,27631,494.0,284.0
B084RJZ5BP,success,77526,499.0,494.0
B084VZRY8Y,success,16006,348.0,340.0
B084SPVTKZ,success,42335,401.0,479.0
B084TGWPD9,success,20654,312.0,460.0
B084WC6HL8,success,32849,437.0,465.0
B084VTBQDF,success,36268,500.0,377.0
B084VQMZCX,success,27913,439.0,489.0
B084ZJFNKN,success,37457,482.0,497.0
B084ZTFQ39,success,25094,354.0,402.0
B0851C5KLV,success,23323,401.0,500.0
B0851ZPB5C,success,21307,454.0,500.0
B08548M6FF,success,15493,310.0,442.0
B0855GZ7PT,success,46620,500.0,450.0
B0853NR4Y4,success,35262,428.0,487.0
B0853NXPWJ,success,27962,359.0,496.0
B0851VTVLF,success,15682,420.0,495.0
B0856M2T37,success,7150,457.0,173.0
B0856Q8PP4,success,13789,373.0,380.0
B0856QW6JJ,success,18757,336.0,446.0
B0856QF6PR,success,54403,476.0,490.0
B0856QY3X2,success,10347,326.0,436.0
B0856XL6BJ,success,18954,370.0,440.0
B085DKHY5K,success,31190,412.0,476.0
B085DXH843,success,17815,500.0,321.0
B085FS21T4,success,59336,494.0,498.0
B0856QVM2F,success,21215,423.0,245.0
B085H9ZQLJ,success,19535,500.0,252.0
B085HBM4Y5,success,24065,315.0,482.0
B085H9N7MW,success,23031,177.0,500.0
B085HZPNRJ,success,20304,490.0,140.0
B085M2VMD5,success,21577,500.0,380.0
B085MY79KW,success,53171,401.0,343.0
B085ND9MGM,success,43531,426.0,412.0
B085QCXQLV,success,40966,493.0,467.0
B085R7TPCR,success,27181,340.0,384.0
B085RGMMV4,success,32948,500.0,261.0
B085STB7FR,success,25974,492.0,500.0
B085B41GP8,success,8380,143.0,292.0
B085SN7HF5,success,15835,237.0,410.0
B085RMDGP9,success,26784,388.0,378.0
B085TM941M,success,37801,430.0,499.0
B085WTFCQ5,success,8573,461.0,245.0
B085WTFCQ7,success,7511,446.0,234.0
B085WTMTBL,success,7439,460.0,216.0
B085WX1WXW,success,22592,374.0,493.0
B085ZC1KCP,success,32491,500.0,229.0
B085WYL2SX,success,26202,422.0,420.0
B0861TNRDR,success,35450,418.0,476.0
B0861TPJWV,success,32003,368.0,415.0
B08623SZH9,success,21096,460.0,277.0
B0861D7Z1P,success,24098,500.0,500.0
B0861TTRYC,success,37557,482.0,327.0
B08629PFFQ,success,19606,329.0,456.0
B08629R268,success,31325,472.0,420.0
B0869L1326,success,35622,464.0,326.0
B08629YHWX,success,26364,357.0,453.0
B0863JDHHW,success,22206,365.0,500.0
B0863GWG4W,success,18484,359.0,492.0
B0863NZF2R,success,79935,500.0,380.0
B0864T8MDL,success,40323,498.0,485.0
B086CCZJ22,success,20715,489.0,363.0
B0863SBSZR,success,23313,367.0,500.0
B086FQDYV3,success,18707,360.0,491.0
B086C9XYKM,success,33254,485.0,477.0
B086GSYZP2,success,28385,360.0,438.0
B086JJNYGS,success,39322,482.0,252.0
B085J23QT6,success,8873,236.0,285.0
B086H7DXSL,success,33827,355.0,390.0
B086JXJ1LF,success,33201,500.0,282.0
B086JTTQN6,success,16831,386.0,495.0
B086KJM662,success,42485,472.0,328.0
B086JL3H27,success,50653,489.0,499.0
B086MC55WJ,success,39394,439.0,491.0
B086LL8V2G,success,21419,355.0,417.0
B086QKZHDY,success,11502,490.0,190.0
B086QR6Q2S,success,11857,416.0,105.0
B086Q9LCRF,success,22007,336.0,494.0
B086P73W2F,success,18654,343.0,446.0
B086M181MY,success,47733,466.0,379.0
B086ND88S1,success,7784,293.0,320.0
B086TM9X86,success,18324,256.0,267.0
B086TV11CY,success,22666,382.0,474.0
B086ZKY8C4,success,7339,270.0,494.0
B086VFXX78,success,28503,500.0,374.0
B086TMWGXY,success,35794,358.0,430.0
B086X2282Y,success,44554,355.0,498.0
B086WG4WFW,success,44331,492.0,493.0
B087BTVJX6,success,54783,500.0,500.0
B087219P5J,success,23666,300.0,365.0
B08747M6N9,success,37674,489.0,284.0
B087BC4DJH,success,48931,472.0,383.0
B08797DFP7,success,34576,441.0,500.0
B0874JHZC9,success,24835,392.0,471.0
B087CD7H2G,too_small,1333,,
B087D8YFCD,success,37941,490.0,289.0
B087CSHCY1,success,34341,377.0,468.0
B087DWBFDJ,success,36499,465.0,495.0
B087G6MTSB,success,26462,440.0,495.0
B087GY6Q17,success,20372,378.0,298.0
B087LX5DHG,success,50616,488.0,413.0
B087N4LQPN,success,18481,415.0,500.0
B087HFVLRK,success,26211,451.0,306.0
B087CV6YX9,success,40110,472.0,447.0
B087D9VRGC,success,31327,461.0,304.0
B087QP4G7B,success,37161,467.0,473.0
B087TV82S6,success,20631,488.0,499.0
B087NGJNX7,success,37348,500.0,317.0
B087TTC9XS,success,14713,400.0,220.0
B087NHB75D,success,10938,389.0,194.0
B087Q5XTK9,success,22896,362.0,448.0
B087T5FWQN,success,28534,439.0,473.0
B087Z5WDJ2,success,19983,349.0,471.0
B087Y7SMMW,success,20694,410.0,442.0
B087Z6P16M,success,16114,418.0,374.0
B087WKQ8SW,success,38309,469.0,460.0
B0885Q75WL,success,27289,445.0,332.0
B0881HDRTH,success,20507,367.0,217.0
B0884P2HDW,success,27169,361.0,314.0
B087ZX6F1Q,success,32827,423.0,500.0
B0886PNJP9,success,10051,184.0,400.0
B088B4JNY7,success,9409,404.0,206.0
B0887WX6HP,success,21283,495.0,391.0
B088B22VLB,success,6622,168.0,217.0
B088B5PKL6,success,43355,473.0,500.0
B088B9Q1QM,success,51202,464.0,366.0
B0886B1TWC,success,31542,438.0,367.0
B0888FPFGK,success,21958,399.0,295.0
B088BSZCV7,success,6877,250.0,205.0
B088BC5HMM,success,39292,440.0,387.0
B088CHHSS6,success,17530,389.0,401.0
B088D1W7F3,success,39136,500.0,452.0
B088CTT6KZ,success,23414,457.0,259.0
B088CQWPY1,success,25985,500.0,416.0
B088D3VXC6,success,32384,481.0,500.0
B088D227JL,success,33379,382.0,441.0
B088D5436G,success,28339,474.0,336.0
B088D3Y2YC,success,32517,498.0,480.0
B088BG6512,success,107965,500.0,500.0
B088D6XR55,success,35282,276.0,485.0
B088D7NF5W,success,9369,328.0,277.0
B088D92L8L,success,26456,351.0,500.0
B088FVGX1T,success,40687,498.0,497.0
B088DF9WCH,success,14328,334.0,379.0
B088G1PKKN,success,41065,405.0,296.0
B088F7SY6S,success,12377,272.0,358.0
B088FW94C6,success,20242,445.0,430.0
B088GB6MX4,success,27765,500.0,358.0
B088FPBNQF,success,37036,446.0,376.0
B088GDZB2M,success,41783,500.0,485.0
B088GHCHDK,success,17230,366.0,326.0
B088K3XLKF,success,32943,491.0,430.0
B088GJ1L5Z,success,10876,186.0,281.0
B088GJHYVN,success,13656,500.0,270.0
B088GF11CS,success,26390,475.0,375.0
B088KBGRD9,success,22353,473.0,459.0
B088KL796R,success,22858,372.0,444.0
B088LW8MZP,success,23169,487.0,500.0
B088GFHHHP,success,18564,315.0,407.0
B088NMVW4Y,success,23288,496.0,466.0
B088NPZ4WC,success,32153,499.0,499.0
B088MNF7NK,success,17768,485.0,293.0
B088NX9LLG,success,26708,327.0,451.0
B088RJLS32,success,19487,385.0,395.0
B088R4V2VS,success,33838,463.0,468.0
B088RBJFLX,success,35986,489.0,497.0
B088RK1K2Y,success,18574,371.0,402.0
B088M68HFK,success,11583,354.0,457.0
B088TCN4ZM,success,19149,428.0,448.0
B088TLQR3K,success,54392,479.0,361.0
B088TSWMVH,success,10009,216.0,180.0
B088TQZ5H5,success,23954,393.0,480.0
B088ZYCCG2,success,37535,406.0,487.0
B088XTSGWR,success,12641,409.0,175.0
B088T2C912,success,38189,402.0,326.0
B088WGZFR6,success,35759,500.0,302.0
B0894C6XDZ,success,28078,453.0,465.0
B089136KDW,success,41000,444.0,487.0
B08913YXJD,success,19725,492.0,361.0
B0896VTCSN,success,29002,479.0,490.0
B0899P9G8D,success,16261,421.0,338.0
B089CPBVMT,success,30033,437.0,462.0
B0896SS8QZ,success,23044,372.0,455.0
B0891Z6HWT,success,50730,500.0,500.0
B0899LK74P,success,34840,485.0,396.0
B089LGSSW2,success,24010,379.0,442.0
B089NP6N3S,success,20635,387.0,440.0
B089NVCTGJ,success,52374,500.0,497.0
B089PCBJ45,success,33562,476.0,422.0
B089GQTR3Y,success,32888,461.0,445.0
B089QCSV1G,success,26322,313.0,405.0
B089SM2SR3,success,35504,480.0,492.0
B089T6ZMLK,success,14060,403.0,404.0
B089RMMLM4,success,29338,421.0,499.0
B089T24GG8,success,33395,342.0,499.0
B089DDQ8HL,success,48662,398.0,446.0
B089VJT3K2,success,19476,255.0,385.0
B089YRRC6V,success,23635,338.0,440.0
B089VTB2LH,success,33733,460.0,498.0
B08B11CBBC,success,13294,464.0,253.0
B08B1GMBR7,success,22079,497.0,359.0
B08B3MFDQL,success,62559,495.0,500.0
B08B3NV1BY,success,41836,500.0,439.0
B08B3SH23B,success,39636,451.0,338.0
B08B3D5VBW,success,29156,455.0,366.0
B08B4CP83B,success,19077,343.0,381.0
B08B3NKF9J,success,25227,455.0,366.0
B08B5F336L,success,33349,496.0,482.0
B08B5FZP1N,success,59570,497.0,498.0
B08B3G74MY,success,24964,475.0,318.0
B08B951D35,success,43864,500.0,187.0
B08B5F9JVB,success,64836,488.0,495.0
B08BC9KH3D,success,29506,441.0,429.0
B08BBQ23N9,success,29320,469.0,486.0
B08BF4CZSV,success,52656,464.0,340.0
B08BCR862L,success,37469,500.0,413.0
B08BDWNC8Q,success,29530,433.0,342.0
B08BC67VNF,success,34059,463.0,484.0
B08BG7J2MN,success,12551,411.0,175.0
B08BHP75M8,success,19631,459.0,499.0
B08BH87FPJ,success,35763,472.0,423.0
B08BHX7GYY,success,21867,363.0,469.0
B08BJYZDG5,success,42321,487.0,382.0
B08BK7H3J5,success,27760,315.0,353.0
B08BDM3ZJJ,success,20776,469.0,475.0
B08BF7PM73,success,20316,369.0,435.0
B08BL9RSRJ,success,46035,480.0,443.0
B08BNP7NY8,success,29810,404.0,238.0
B08BR4TNVR,success,30235,458.0,469.0
B08BRFWGMC,success,29635,250.0,402.0
B08BVHZFH1,success,11415,394.0,282.0
B08BNB4KY3,success,23050,311.0,462.0
B08BXJ8S38,success,36230,490.0,499.0
B08BXKYV1Z,success,23941,458.0,278.0
B08BXLM24S,success,30264,385.0,500.0
B08BZDR3ZT,success,11664,423.0,156.0
B08BYJYC5K,success,51962,500.0,500.0
B08C6Y8KS3,success,9367,170.0,208.0
B08C7HKK67,success,19578,403.0,332.0
B08C7TP9XD,success,42304,500.0,301.0
B08C9HZ5YT,success,17800,339.0,386.0
B08CBJJKGF,success,35261,500.0,410.0
B08BZSCHZ3,success,42884,500.0,391.0
B08C6ZRVC5,success,13837,160.0,353.0
B08C9WNTF3,success,23872,465.0,403.0
B08C9B3M2X,success,28854,473.0,284.0
B08CGJ721T,success,9425,309.0,311.0
B08CGFSZF9,success,56624,467.0,490.0
B08CHFY4R5,success,38955,444.0,493.0
B08CBQ9D1C,success,31099,232.0,338.0
B08CGQX4G9,success,11339,239.0,331.0
B08CBPHBNR,success,51851,486.0,327.0
B08CKF4RK3,success,7626,274.0,240.0
B08CHG524M,success,19417,263.0,451.0
B08CNWXV8H,success,16398,265.0,246.0
B08CNW1LW2,success,38288,493.0,436.0
B08CHD2PGD,success,12405,284.0,496.0
B08CDMSXX9,success,45815,375.0,422.0
B08CQFCTTL,success,16193,414.0,131.0
B08CS391BR,success,25299,406.0,167.0
B08CV7QLGQ,success,25349,499.0,454.0
B08CS98KXG,success,36956,478.0,410.0
B08CVMXPGY,success,11432,295.0,448.0
B08D1RM9DD,success,8591,366.0,219.0
B08CZRRMW5,success,29116,454.0,433.0
B08D6GHYD7,success,22575,302.0,489.0
B08CSHM6L3,success,41268,469.0,325.0
B08CZSG9JZ,success,26346,454.0,426.0
B08D6791WY,success,69737,500.0,414.0
B08CXV4DKR,success,48382,499.0,496.0
B08D6SKVVN,success,26531,387.0,317.0
B08D76681N,success,24536,468.0,290.0
B08DCMLWSY,success,25212,306.0,484.0
B08D68QLW3,success,6367,460.0,88.0
B08DCNVB7Y,success,18163,415.0,386.0
B08DCWJ7J8,success,18731,356.0,366.0
B08DCSVFKC,success,17540,259.0,472.0
B08D7GW233,success,20676,422.0,500.0
B08DFL325B,success,27708,379.0,492.0
B08DBDSVBC,success,13903,242.0,357.0
B08DHCNQQ2,success,20042,437.0,276.0
B08DHZ11B9,success,45675,467.0,379.0
B08DJ2KMF6,success,36738,430.0,487.0
B08DJSJMCD,success,22180,437.0,437.0
B08D8KLVRG,success,17964,240.0,450.0
B08DK421GN,success,25681,352.0,481.0
B08DLFTVX5,success,17538,351.0,276.0
B08DJTS4P7,success,33408,492.0,388.0
B08DLFVGX1,success,16803,496.0,214.0
B08DTJC9N7,success,38744,500.0,328.0
B08DV1CTLB,success,39372,439.0,340.0
B08DVCRB7Q,success,20623,469.0,456.0
B08DWN51TQ,success,33213,370.0,476.0
B08DDH5CPW,success,14616,500.0,500.0
B08DZ5CKT2,success,13681,500.0,221.0
B08F14WY7L,success,11900,464.0,263.0
B08F278ZJ5,success,39016,499.0,331.0
B08F2X7GNJ,success,10543,489.0,252.0
B08F2XNBN6,too_small,2011,474.0,38.0
B08DY6KNS5,success,16602,500.0,473.0
B08F4TY5PG,success,26852,405.0,458.0
B08F4L2T7M,success,34414,493.0,489.0
B08FCGH2RL,success,27495,413.0,433.0
B08FCGLYFZ,success,26284,413.0,433.0
B08FD2FS5G,success,40190,500.0,466.0
B08FDBB76K,success,24800,486.0,361.0
B08FDM4DHF,success,26045,459.0,386.0
B08DP6K1ZT,success,34456,388.0,320.0
B08FF5YM1T,success,13731,410.0,226.0
B08FF3BDW5,success,14569,438.0,217.0
B08FF6Q3YG,success,15338,404.0,231.0
B08FFRXM41,success,29121,279.0,483.0
B08FHTG3R7,success,32193,472.0,414.0
B08FFMSPR6,success,29635,393.0,265.0
B08FF6SFZ3,success,23348,460.0,442.0
B08FF6DJNP,success,39372,454.0,380.0
B08FKFG1R5,success,23097,462.0,314.0
B08FKDLYTW,success,16241,390.0,290.0
B08FNBW2FJ,success,22089,350.0,392.0
B08FMMGMPN,success,34746,492.0,356.0
B08FMFLVWC,success,47973,474.0,380.0
B08FKVW53N,success,13269,312.0,307.0
B08FF6P5KS,success,14518,245.0,354.0
B08FSND2BR,success,33884,422.0,443.0
B08FQZ2F9Y,success,29487,310.0,474.0
B08FT7Y53Y,success,26532,326.0,480.0
B08FVMTBVV,success,24786,419.0,377.0
B08FTCZP9H,success,32300,483.0,373.0
B08FQ42MN1,success,40146,420.0,323.0
B08FWMWGTD,success,23562,347.0,487.0
B08FX6FB1S,success,33392,452.0,441.0
B08FX83GD1,success,29691,500.0,469.0
B08FT94NQ5,success,41902,500.0,490.0
B08G1G2DR8,success,32569,488.0,396.0
B08G1FMWWM,success,20872,479.0,384.0
B08FXZJSXV,success,51458,495.0,497.0
B08G5F3X8F,success,36277,439.0,299.0
B08G58Z3FG,success,32171,435.0,282.0
B08G5GDZC9,success,31307,491.0,469.0
B08GHHBPFB,success,10096,500.0,184.0
B08GLPZNJJ,success,14208,419.0,444.0
B08GLRVD95,success,17968,307.0,324.0
B08G8SH4QJ,success,29198,396.0,309.0
B08GBXQ63G,success,28014,417.0,352.0
B08G1R5645,success,50264,401.0,477.0
B08GGMTGM1,too_small,4473,486.0,62.0
B08GGL62LD,success,15436,460.0,195.0
B08GPM4V84,success,34059,455.0,450.0
B08GS1S7DG,success,17469,392.0,341.0
B08GWGGQ7K,success,39264,334.0,477.0
B08GS7CHS5,success,32765,410.0,492.0
B08GX2W7Z4,success,24612,467.0,465.0
B08GYN7HHK,success,22010,484.0,292.0
B08H351X88,success,38846,408.0,327.0
B08H5RXRPG,success,41286,491.0,386.0
B08H7XZHDX,success,23944,279.0,492.0
B08HGVX876,success,34957,409.0,439.0
B08GZVJ83P,success,18641,481.0,326.0
B08HHB1KF6,success,30056,458.0,500.0
B08HHSFT21,success,24491,229.0,386.0
B08HJXQ6KD,success,41144,500.0,302.0
B08HLL3M17,success,31084,338.0,481.0
B08HMHP2BP,success,28803,500.0,343.0
B08HCBMSTP,success,12697,322.0,248.0
B08HMMB7J5,success,23461,468.0,328.0
B08HNJRVC3,success,18593,496.0,336.0
B08HLQSBSD,success,46464,381.0,429.0
B08HMMTSK7,success,32784,436.0,500.0
B08HD45LJ3,success,33008,500.0,435.0
B08HPDR84Y,success,26041,488.0,434.0
B08HRGLCJF,success,28054,460.0,484.0
B08HR3T837,success,12183,220.0,423.0
B08HPSGXT9,success,19613,425.0,500.0
B08HTNC8PJ,success,21588,331.0,432.0
B08HTMG8SP,success,38664,402.0,497.0
B08HPGM9LC,success,29872,392.0,328.0
B08J2BRXPH,success,6069,226.0,174.0
B08HVV2T3K,success,39919,437.0,314.0
B08HVSC2B9,success,31187,491.0,288.0
B08HSGZT6H,success,16349,297.0,217.0
B08J4HD9YM,success,24147,468.0,380.0
B08J7574L9,success,15888,153.0,484.0
B08HTNLS6N,success,9385,291.0,417.0
B08J79T7CQ,success,14404,187.0,328.0
B08J7RGK99,success,18425,488.0,246.0
B08J835GBX,success,28895,366.0,499.0
B08J896MYT,success,19729,339.0,452.0
B08J9JK4H5,success,28261,331.0,500.0
B08J9MVB6W,success,33351,297.0,476.0
B08JB1NKN5,success,23724,495.0,336.0
B08JC7MFWM,success,21976,232.0,456.0
B08JH3PJ2Q,success,20253,272.0,499.0
B08JGFKC1K,success,18114,465.0,270.0
B08JBXX49X,success,19267,427.0,326.0
B08J83TR22,success,20750,399.0,450.0
B08JLKBYW2,success,22477,375.0,397.0
B08JNPGTK9,success,23451,450.0,431.0
B08JP4XC2H,success,49105,487.0,480.0
B08JYBC9MY,success,22552,475.0,381.0
B08JSMB43D,success,28295,497.0,479.0
B08JZZ4TK7,success,29960,471.0,270.0
B08K2S5B88,success,35773,488.0,493.0
B08K2GYHD8,success,45006,500.0,446.0
B08K39H87B,success,38992,414.0,466.0
B08K4PNJ7C,success,29194,415.0,473.0
B08K3YBB5B,success,14209,417.0,150.0
B08K7D7V9J,success,66722,434.0,499.0
B08K7FJDQ1,success,21229,481.0,330.0
B08JKQ62C4,success,26066,493.0,242.0
B08K8FHX6V,success,30402,498.0,322.0
B08K9329J3,success,13325,332.0,416.0
B08KD8ZLVT,success,36616,438.0,350.0
B08K4RMQBJ,success,53369,493.0,449.0
B08KDX5H5Z,success,15902,323.0,356.0
B08K927Z79,success,68245,452.0,499.0
B08KDZ2NZX,success,14204,317.0,287.0
B08KFLZP5D,success,35448,324.0,489.0
B08KFPPJ3Y,success,22372,392.0,411.0
B08KHP5MV8,success,19072,500.0,500.0
B08KGWZ1V1,success,20232,251.0,430.0
B08KR5NQLG,success,29776,481.0,271.0
B08KRC18S8,success,12965,471.0,228.0
B08KKYQ76H,success,18217,500.0,281.0
B08KRJGMBY,success,18541,420.0,214.0
B08KT5GSC5,success,15133,380.0,430.0
B08KT6672S,success,19083,255.0,492.0
B08KT7LP96,success,34689,443.0,464.0
B08KX8JYWQ,success,21602,493.0,359.0
B08KZJFC2F,success,80842,500.0,408.0
B08L4JWZ9Z,success,22198,356.0,256.0
B08L4FDDJD,success,14253,436.0,216.0
B08L4V3PNJ,success,25391,373.0,445.0
B08KZMTYVP,success,22985,430.0,500.0
B08L6BD4BR,success,33741,449.0,344.0
B08KXMHZ7X,success,33739,500.0,446.0
B08L93HKT2,success,13700,226.0,374.0
B08L9LFLCZ,success,63179,500.0,500.0
B08L91YK85,success,15709,246.0,402.0
B08LB698F5,success,20937,492.0,396.0
B08LCZ6MS7,success,28622,493.0,248.0
B08L5LKVY7,success,27435,478.0,405.0
B08LD6F6MJ,success,51177,500.0,435.0
B08LKCQ4NW,success,42315,490.0,465.0
B08LKZ27C9,success,35898,439.0,498.0
B08LKCMJFQ,success,73352,493.0,429.0
B08LNZY64W,success,36829,498.0,248.0
B08LMVF4WS,success,25075,427.0,468.0
B08LPJL3KB,success,23924,468.0,438.0
B08LPWW1RM,success,40480,468.0,335.0
B08LQNL42Z,success,30793,421.0,279.0
B08LD6S3T9,success,43199,486.0,251.0
B08LR145ZY,success,42802,342.0,420.0
B08LXZPC1M,success,20274,470.0,334.0
B08LL622ZR,success,41784,500.0,439.0
B08LS7V5WF,success,22629,500.0,500.0
B08LYXGB89,success,28129,408.0,453.0
B08M1L8SXW,success,21576,438.0,201.0
B08LZKCGQ6,success,33066,352.0,219.0
B08M16J6MB,success,19706,291.0,488.0
B08M6C8N9C,success,29187,486.0,474.0
B08M3TZBQ9,success,22179,359.0,432.0
B08M65W3PT,success,21713,473.0,370.0
B08M2VQ2TG,success,46023,465.0,499.0
B08M8Y6473,success,45511,499.0,418.0
B08M9NCMGT,success,17934,454.0,375.0
B08MJPGPKZ,success,32841,392.0,497.0
B08MK29WJK,success,28989,352.0,334.0
B08M9W4J8Y,success,34246,456.0,478.0
B08MQF8J2R,success,58852,284.0,466.0
B08MFVH7SV,success,6904,152.0,129.0
B08MVYQTRR,success,33592,432.0,468.0
B08MWDVZBW,success,35789,485.0,488.0
B08MWNSL2S,success,39373,498.0,295.0
B08MWS6T3C,success,25745,434.0,258.0
B08MWWNGYG,success,11026,400.0,145.0
B08MZZTH1N,success,32429,252.0,480.0
B08MZZVFX6,success,40601,500.0,454.0
B08MTJN79H,success,27751,497.0,469.0
B08N3BTNTW,success,29518,496.0,458.0
B08N1RHYTB,success,20403,312.0,422.0
B08N57WHWC,success,13732,397.0,358.0
B08N6CD324,success,49085,487.0,495.0
B08N6BZNJF,success,35435,438.0,276.0
B08N69BP74,success,39977,431.0,299.0
B08N6HJ3FB,success,28212,494.0,481.0
B08N6T81FB,success,19085,283.0,390.0
B08NB13BNM,success,24963,394.0,366.0
B08NBGQS3P,success,19025,404.0,391.0
B08NDGD2V5,success,13726,254.0,359.0
B08NCF9K62,success,41458,482.0,460.0
B08NF4C3R1,success,33588,484.0,500.0
B08N4CW66B,success,37310,441.0,452.0
B08NFG4FNB,success,39514,426.0,327.0
B08NF7M7ZB,success,14601,422.0,224.0
B08NDY5FBS,success,22442,466.0,388.0
B08NJCDFPD,success,37117,497.0,488.0
B08NPFB16Q,success,34681,492.0,228.0
B08NSWN2HK,success,25574,413.0,390.0
B08NPMNFFC,success,62908,500.0,457.0
B08NJCFG57,success,23933,427.0,359.0
B08NTQH23X,success,13384,421.0,167.0
B08NWY6LQ4,success,33606,499.0,486.0
B08NYWPVQ4,success,13042,412.0,362.0
B08P1M54G6,success,72152,500.0,500.0
B08P1MR8F2,success,44992,477.0,339.0
B08P46Z7MK,success,23277,500.0,456.0
B08P3HNZ2W,success,41639,500.0,351.0
B08P5BMJ9D,success,40016,424.0,431.0
B08P6PL5R3,success,13113,371.0,252.0
B08P75CV1Y,success,23083,475.0,395.0
B08PFW1S1V,success,28424,355.0,462.0
B08PFZQPFJ,success,20954,482.0,361.0
B08PBCT446,success,37195,490.0,451.0
B08P8R342L,success,26757,369.0,451.0
B08PL67TRR,success,34941,474.0,399.0
B08PCWHQ7W,success,24999,500.0,440.0
B08PKF4CTN,success,33635,399.0,464.0
B08PW3Q49L,success,22317,395.0,284.0
B08PY4KLLT,success,10811,481.0,102.0
B08PYLHM77,success,32850,482.0,409.0
B08PBS5CBX,success,19387,436.0,154.0
B08PXVLQPM,success,12193,454.0,145.0
B08Q4JC674,success,12117,487.0,306.0
B08PYVWMWZ,success,32894,435.0,484.0
B08Q617XRH,success,47034,466.0,344.0
B08Q2D3XR1,success,26856,314.0,495.0
B08PZB1D7X,success,24817,495.0,241.0
B08Q6WKZ94,success,9890,220.0,240.0
B08QDNX7S1,success,21677,500.0,342.0
B08QLWTC2M,success,6644,476.0,183.0
B08QQTQNDC,success,11331,327.0,201.0
B08QR7CT48,success,13722,455.0,247.0
B08QM7HY29,success,30209,246.0,429.0
B08QRYTPGH,success,41135,495.0,292.0
B08QFLJJ3D,success,27202,474.0,355.0
B08QS12HXF,success,56564,491.0,461.0
B08R1YCT2Z,success,59428,500.0,483.0
B08R2NCQ3T,success,20713,400.0,271.0
B08R52FQGM,success,14793,275.0,347.0
B08R7K9F5X,success,54214,442.0,497.0
B08R6936N6,success,20805,298.0,491.0
B08RDGKT9Z,success,15628,425.0,360.0
B08RC59CH5,success,33070,500.0,500.0
B08RNHCZ3K,success,21568,470.0,357.0
B08RRFSSJ7,success,51522,494.0,500.0
B08RN12CQV,success,9833,456.0,232.0
B08R7WLBG7,success,23690,238.0,431.0
B08RTN8KZC,success,25711,500.0,473.0
B08S16NMSF,success,14193,317.0,431.0
B08RY4XLSP,success,37600,405.0,489.0
B08QMG64QZ,success,32149,446.0,434.0
B08S3CNT4W,success,32622,440.0,320.0
B08S3NCM1Z,success,33111,459.0,441.0
B08S7D289N,success,39087,440.0,456.0
B08SKBLTTD,success,27062,480.0,213.0
B08SK8D38P,success,33430,488.0,246.0
B08SCNR3WN,success,16377,492.0,183.0
B08SLS9W72,success,24231,356.0,495.0
B08SM7QW5K,success,26245,450.0,227.0
B08SP1SHR1,success,11293,500.0,226.0
B08SBQNB1V,success,33557,415.0,490.0
B08SQ8QNPW,success,17116,366.0,304.0
B08SM8216C,success,18178,377.0,272.0
B08SQH252R,success,23518,475.0,362.0
B08SRC7S69,success,61184,479.0,404.0
B08SVQ7CX8,success,23299,325.0,444.0
B08SVZFFPP,success,21016,483.0,320.0
B08SVZDDCT,success,32539,470.0,358.0
B08SNQM24T,success,15042,453.0,238.0
B08SWTP33L,success,39224,500.0,420.0
B08TC81YQG,success,29842,470.0,329.0
B08T8XZPC1,success,54372,500.0,358.0
B08T2LFW8F,success,34020,384.0,500.0
B08SWJHT62,success,13525,415.0,212.0
B08T994TTY,success,19443,466.0,369.0
B08T964KM7,success,32040,500.0,295.0
B08TCCVSMZ,success,18047,341.0,449.0
B08TCK5X21,success,28651,468.0,352.0
B08THTYJFM,success,60583,500.0,402.0
B08TBYS1CT,success,16535,270.0,474.0
B08TLMGWXJ,success,33836,416.0,500.0
B08TMJFSV3,success,12691,384.0,439.0
B08TM6132G,success,65041,481.0,500.0
B08TRR3YVW,success,16860,324.0,417.0
B08TLGT1SY,success,17373,428.0,445.0
B08TTCHNP2,success,43713,247.0,500.0
B08TX17XS3,success,16309,234.0,348.0
B08V15R8FJ,success,42429,490.0,244.0
B08TX4PT88,success,29544,488.0,315.0
B08V47HYBW,success,27798,500.0,433.0
B08TVS7KSZ,success,29368,423.0,475.0
B08V71HXY3,success,53057,460.0,291.0
B08V6MNW9P,success,53918,430.0,326.0
B08VCVFYM8,success,34875,500.0,480.0
B08V8F3B12,success,29880,419.0,496.0
B08VDCZ241,success,13634,390.0,271.0
B08VD2NX25,success,20227,348.0,407.0
B08VJHQCWV,success,37008,500.0,339.0
B08V9VN5Q6,success,26004,444.0,436.0
B08VNGCB6G,success,26256,459.0,309.0
B08VQ5ZQFL,success,12586,487.0,246.0
B08VT1FCJF,success,17113,481.0,134.0
B08VRLZGMF,success,18636,461.0,257.0
B08VXT9HGV,success,41139,219.0,355.0
B08W7RKGDB,success,22024,252.0,380.0
B08W9TT2XR,success,12747,336.0,286.0
B08WBST6YY,success,40904,482.0,242.0
B08W1RRZWJ,success,16066,370.0,309.0
B08WCGKBT9,success,22540,298.0,433.0
B08W2CJBC9,success,29926,500.0,305.0
B08WM24JV2,success,22500,406.0,500.0
B08X71T55L,success,20501,475.0,500.0
B08X7KLB59,success,13854,414.0,477.0
B08X7MD6FC,success,38009,444.0,456.0
B08X8FQSJP,success,14959,392.0,456.0
B08X7KZTNV,success,19147,281.0,420.0
B08WKMVP4Q,success,25866,278.0,412.0
B08X2MRQS8,success,36062,499.0,387.0
B08XB13FTW,success,34756,440.0,492.0
B08XB4TNZ8,success,16225,256.0,414.0
B08XDX7CW8,success,32411,440.0,304.0
B08XFQ9JQ3,success,28083,436.0,292.0
B08XBLP2V8,success,26817,451.0,372.0
B08XM7BLKF,success,27393,500.0,417.0
B08XLPX9D2,success,37988,486.0,455.0
B08XXP29YX,success,49680,466.0,471.0
B08XPWDSWW,success,25425,500.0,435.0
B08XNSPD45,success,25540,496.0,497.0
B08XYXM7RV,success,13570,343.0,380.0
B08XXRN3KQ,success,20184,396.0,175.0
B08Y68GYDP,success,16434,492.0,215.0
B08XNCHTCY,success,22561,487.0,500.0
B08Y7DNL4T,success,26061,248.0,325.0
B08YDBY649,success,28566,482.0,239.0
B08YCZ328B,success,35976,460.0,356.0
B08Y8VTQTC,success,42066,467.0,453.0
B08YF1VBYD,success,46481,484.0,342.0
B08Y18HY3F,success,16844,256.0,493.0
B08YDGBX9F,success,61599,438.0,494.0
B08YJFSJXC,success,26070,332.0,390.0
B08YKBYP62,success,25672,382.0,246.0
B08YKFKX4V,success,31429,459.0,318.0
B08YLDQ45Y,success,39707,484.0,491.0
B08YLGYPM3,success,29950,459.0,338.0
B08YKHW429,success,54933,473.0,496.0
B08YLPCMC8,success,37528,500.0,500.0
B08YN7QX1Q,success,32945,728.0,653.0
B08YQLHHG6,success,8818,460.0,238.0
B08YMVB98D,success,24736,236.0,384.0
B08YP4H8HS,success,26784,270.0,454.0
B08Z17SC7R,success,20747,310.0,464.0
B08YM1RGZP,success,46111,496.0,490.0
B08Z3H3GHR,success,47299,483.0,485.0
B08Z6HW7R7,success,32411,440.0,304.0
B08Z7Q8ZP7,success,37521,452.0,480.0
B08Z2SBDS5,success,45410,368.0,431.0
B08ZC5G3BT,success,12236,378.0,398.0
B08Z5YQVVK,success,49613,500.0,415.0
B08ZDRHJ7S,success,28122,463.0,499.0
B08ZHW898S,success,31965,429.0,393.0
B08ZRWXLMT,success,10775,169.0,347.0
B08Z4H6MX6,success,69281,500.0,409.0
B08ZRNRMWP,success,11097,432.0,304.0
B08ZN3PS6L,success,36719,454.0,412.0
B08ZS7BDMY,success,39966,473.0,470.0
B0912ZF7JD,success,19523,474.0,294.0
B0912F1Z38,success,32513,470.0,443.0
B0916J9YV9,success,9839,354.0,177.0
B0914JCGC6,success,43308,438.0,299.0
B091C3XCV8,success,18981,365.0,400.0
B091964YKR,success,51279,499.0,369.0
B0915SXSH6,success,10064,281.0,191.0
B0919RR1X9,success,28127,393.0,485.0
B091D6F3JP,success,30748,365.0,233.0
B0919NL52L,success,41533,416.0,500.0
B091DPFLSH,success,23033,433.0,184.0
B091JBB9ZM,success,19205,470.0,153.0
B091FJ1LXH,success,29078,289.0,478.0
B091JB6HQ7,success,33007,388.0,432.0
B091DY4NBW,success,69100,500.0,500.0
B091H25DJ2,success,54850,421.0,430.0
B091JW27QV,success,33665,500.0,346.0
B091K4WYD1,success,55416,471.0,499.0
B091PYQHZD,success,19442,496.0,352.0
B091YKJWFF,success,13977,500.0,279.0
B091LXKW6C,success,45917,472.0,442.0
B091YMGRMP,success,31517,470.0,423.0
B091J9GSG1,success,22018,453.0,148.0
B092282VR7,success,35918,443.0,486.0
B091KPMFXJ,success,14173,161.0,381.0
B0923HNC4C,success,12434,284.0,250.0
B0925LXHD3,success,30048,379.0,454.0
B0927GQRPW,success,55476,413.0,494.0
B091PZ746H,success,51587,468.0,379.0
B0923NJNX2,success,23881,230.0,384.0
B0929SSHPR,success,13502,273.0,364.0
B092CSX56G,success,21292,306.0,499.0
B0928R4WXG,success,35502,414.0,497.0
B09296NQ32,success,38457,491.0,328.0
B092CY42PB,success,55167,444.0,464.0
B092CYKT29,success,13590,380.0,276.0
B092D14XZ7,success,9205,423.0,225.0
B092D916BL,success,15398,435.0,356.0
B092CJJ37Y,success,18232,295.0,397.0
B092HWCDVW,success,20842,500.0,361.0
B092JDKT8F,success,32106,465.0,285.0
B092FKXJGX,success,30116,367.0,367.0
B092JRYP5J,success,14214,293.0,365.0
B092JKFZPH,success,33573,395.0,500.0
B092LF5MYD,success,27131,359.0,466.0
B092LPWQW6,success,37741,488.0,326.0
B092MDC49Z,success,44822,488.0,388.0
B092MP13M6,success,27468,328.0,494.0
B092V4TBBD,success,32236,500.0,466.0
B092PX7TSR,success,42175,442.0,426.0
B0931DYBX5,success,12581,437.0,322.0
B0932C61N9,success,8409,374.0,241.0
B092W879M1,success,39775,403.0,477.0
B0931NJJYW,success,37991,486.0,335.0
B0932XQLV5,success,39592,420.0,499.0
B0935ZDCYD,success,34525,447.0,226.0
B0936KG2VY,success,50918,484.0,294.0
B09373DS97,success,21834,478.0,431.0
B0936P3ZNG,success,45499,444.0,363.0
B093GBXTYV,success,12194,262.0,500.0
B09332YRC5,success,28483,307.0,500.0
B0931V9GCY,success,40214,500.0,496.0
B093GSGWSS,success,13516,392.0,206.0
B093GQGDF9,success,30191,427.0,240.0
B093HY6358,success,18517,268.0,498.0
B093QM25LP,success,8636,327.0,318.0
B093GXP1JF,success,52254,451.0,481.0
B093FNMM6C,success,30064,385.0,240.0
B0949NG1V8,success,20610,375.0,449.0
B09462HQ8D,success,73426,500.0,500.0
B093Q1BJSR,success,39240,482.0,476.0
B0948VB4MY,success,19894,406.0,373.0
B094DZMY2Q,success,29261,459.0,482.0
B094FM9L6Q,success,14567,432.0,212.0
B094MKQMZR,success,17930,130.0,393.0
B094JD6SHP,success,14635,382.0,236.0
B094RFWVF6,success,31970,489.0,494.0
B094C3QWHY,success,14068,451.0,369.0
B094F8DLWL,success,34663,406.0,477.0
B094D5Q8ZP,success,8321,207.0,165.0
B094TY4485,success,21814,500.0,489.0
B094Y1K678,success,26697,439.0,500.0
B094YFRL85,success,22118,315.0,387.0
B094YT23F7,success,29870,296.0,435.0
B0957GFBKZ,success,40545,366.0,459.0
B0958524HC,success,23630,385.0,371.0
B095BXSQWV,success,36815,500.0,347.0
B095GFVX6T,success,28639,464.0,491.0
B0953TPRZL,success,17451,498.0,120.0
B095GYWXJZ,success,16036,326.0,409.0
B0957LDLH1,success,10586,411.0,290.0
B095J3HLGN,success,18164,296.0,348.0
B095JMQVCZ,success,31646,428.0,396.0
B095NJPBLG,success,28211,461.0,422.0
B095LCZKVR,success,40752,446.0,367.0
B095LBMSX4,success,34235,484.0,432.0
B095NVKM7V,success,24274,491.0,481.0
B095RSQWSQ,success,19582,451.0,326.0
B095JX15XF,success,15357,470.0,170.0
B0957PJW3X,success,29865,756.0,380.0
B095TZ27J4,success,17617,360.0,405.0
B095VZH425,success,17635,481.0,354.0
B095Y3VTTK,success,40762,494.0,321.0
B095RWGSB9,success,59671,485.0,498.0
B0964G47GC,success,9347,324.0,182.0
B0964SHG8W,success,39555,490.0,319.0
B09674F2X6,success,28609,419.0,456.0
B0967LRVV1,success,17634,381.0,334.0
B0967MKTJ3,success,22952,385.0,482.0
B096BKVWZZ,success,42445,417.0,500.0
B0969KT5GS,success,28348,364.0,483.0
B096MFS66S,success,14151,241.0,449.0
B096WPKZNR,success,9642,376.0,155.0
B096WMYYMR,success,30616,459.0,315.0
B096X5YYZM,success,21561,344.0,295.0
B096Z42QF3,success,56936,478.0,500.0
B096GT8CJH,success,43373,328.0,454.0
B097BVW4SF,success,25226,498.0,321.0
B097BX5YRZ,success,26408,465.0,500.0
B0973DV11T,success,42818,499.0,463.0
B097C49PBW,success,38511,492.0,496.0
B097C3BQPC,success,58352,500.0,500.0
B097CNCS44,success,35682,492.0,326.0
B097CJMY9M,success,12651,437.0,247.0
B097MPYBR7,success,19205,483.0,313.0
B097MT8WTR,success,70935,497.0,493.0
B097QFQ8X3,success,41143,458.0,326.0
B097P1KDV4,success,47109,482.0,483.0
B097PGJLLZ,success,39795,259.0,266.0
B097DJZ7C4,success,19102,464.0,257.0
B097KSV8DV,success,42030,444.0,399.0
B097QRZ3LJ,success,36870,486.0,459.0
B097SQTCTJ,success,20785,468.0,339.0
B097TBJYZR,success,14360,343.0,395.0
B097ZY395L,success,8942,465.0,144.0
B097WRGTZ5,success,37461,420.0,476.0
B0982KQCH2,success,20115,333.0,473.0
B0983VR4TD,success,37148,488.0,500.0
B09854KSCF,success,18406,311.0,405.0
B098CRFXH8,success,43634,454.0,364.0
B098GGJJPL,success,22631,404.0,243.0
B0987C9SFD,success,46938,500.0,478.0
B098DR6NBP,success,26474,290.0,428.0
B098JK5T78,success,12878,256.0,368.0
B098KJ59PW,success,15918,316.0,365.0
B098K6N6TX,success,21360,443.0,482.0
B098KZMR4J,success,44478,497.0,500.0
B098NK8M77,success,34922,454.0,500.0
B097MRW46F,success,17645,299.0,500.0
B098MRSJQX,success,63011,395.0,477.0
B098NKQ5J6,success,37517,500.0,349.0
B098NVSY1D,success,28885,436.0,413.0
B098NLTDVF,success,29427,500.0,364.0
B098RJMJTW,success,19582,389.0,500.0
B098SM9RDH,success,32755,478.0,478.0
B098TYDG7T,success,18947,238.0,447.0
B098WBQ9SS,success,19746,380.0,424.0
B099642D7R,success,18617,243.0,474.0
B098SNW1PJ,success,6400,212.0,178.0
B09984VQCS,success,3429,80.0,244.0
B0998R96V9,success,24517,462.0,294.0
B099BLGNRZ,success,14189,407.0,214.0
B099FBCSK4,success,25359,500.0,375.0
B099FJB24J,success,74541,468.0,471.0
B099DC377B,success,42269,500.0,500.0
B099FJWGMX,success,29775,293.0,500.0
B099DT4CHS,success,46041,464.0,485.0
B099LZ2BGB,success,9772,294.0,230.0
B099PQH8MY,success,26011,433.0,498.0
B099S61RS4,success,19895,459.0,467.0
B099V8GPR4,success,20868,159.0,417.0
B099PCHC7R,success,19849,352.0,471.0
B099YZ8GQJ,success,25806,411.0,441.0
B099WJYXRJ,success,14658,250.0,353.0
B099RRM6S2,success,10983,250.0,395.0
B099WZ27SP,success,34347,296.0,365.0
B09B41329R,success,19839,298.0,442.0
B09B8B6DZB,success,30723,494.0,362.0
B09B56G5QQ,success,23149,301.0,408.0
B09B4MYG4F,success,23555,464.0,327.0
B09B9VL9B7,success,32100,500.0,405.0
B09B9NCS17,success,23576,500.0,416.0
B09BC4JCH3,success,12913,275.0,380.0
B09B9S8TGK,success,49068,440.0,499.0
B09BDS5Q5P,success,6782,165.0,186.0
B09BD372PC,success,20863,326.0,425.0
B09BJ98QT4,success,36016,320.0,472.0
B09BJJTKLK,success,22222,498.0,424.0
B09BFW61Q9,success,40643,463.0,349.0
B09BPN2Q2N,success,21929,483.0,288.0
B09BM9YSQB,success,19777,390.0,470.0
B09BPBX79Z,success,12619,462.0,248.0
B09BNXMHSL,success,15104,293.0,415.0
B09BTDCYXV,success,28591,350.0,460.0
B09BNGJ427,success,37514,282.0,394.0
B09BZ1VXP8,success,13714,466.0,135.0
B09BVCJ89M,success,38537,475.0,497.0
B09BV18YS6,success,18347,475.0,270.0
B09BQVHBMD,success,17449,398.0,346.0
B09C1F6F4K,success,28078,423.0,495.0
B09BVZG6DR,success,42375,478.0,319.0
B09BRBYNC7,success,10170,260.0,500.0
B09C32Y5C9,success,30813,436.0,457.0
B09BYCKXY4,success,24645,451.0,397.0
B09C2GZZ5X,success,41322,494.0,466.0
B09C89QPR6,success,31566,470.0,389.0
B09C8F36LC,success,44140,455.0,483.0
B09CCLCT3V,success,26270,470.0,368.0
B09CCJKZ98,success,31850,446.0,369.0
B09CGNCT44,success,32072,372.0,455.0
B09CGYBZVG,success,9340,389.0,253.0
B09CKSXGJC,success,20084,379.0,474.0
B09CHDTSZM,success,24051,383.0,454.0
B09CQSVLXJ,success,12355,330.0,263.0
B09CDRT7K9,success,33681,500.0,494.0
B09CS9X5F5,success,12481,398.0,194.0
B09CT8XC8T,success,24147,384.0,418.0
B09CLJJV7X,success,17862,417.0,203.0
B09CTFJ9NH,success,78936,500.0,497.0
B09CWNLFL2,success,32958,440.0,178.0
B09CTHJ8T3,success,12782,453.0,212.0
B09D2VM367,success,8202,155.0,239.0
B09CZ9PJ3W,success,16272,383.0,452.0
B09D8KM95V,success,15240,394.0,115.0
B09D4LQTYD,success,18692,426.0,467.0
B09D5XD5RQ,success,32597,454.0,341.0
B09D41HQVZ,success,41705,493.0,493.0
B09CTFNH54,success,29036,318.0,500.0
B09DB8XK9Y,success,32758,452.0,455.0
B09D9XXHZL,success,39997,484.0,349.0
B09DKGPST6,success,37913,494.0,290.0
B09DSXD2SL,success,26711,452.0,445.0
B09DPB2XKF,success,40726,490.0,408.0
B09DP7T2T6,success,36976,500.0,500.0
B09DGFHKNC,success,64328,498.0,493.0
B09DCQ1VR9,success,39043,498.0,283.0
B09DN2BL52,success,11286,400.0,275.0
B09DKJK25P,success,44867,500.0,480.0
B09DTD5VNY,success,18421,344.0,356.0
B09DV19SMR,success,10591,237.0,276.0
B09DV4TJ9W,success,30093,324.0,467.0
B09DTFQMXC,success,22378,443.0,440.0
B09DYT1PJV,success,59191,500.0,486.0
B09F3H9RRY,success,12809,486.0,270.0
B09F4R42N7,success,27199,257.0,396.0
B09F5MZPHZ,success,11482,376.0,166.0
B09F5MKYWM,success,32299,394.0,491.0
B09F5N95V9,success,12548,392.0,187.0
B09F3RBZB6,success,55521,454.0,484.0
B09F2YQQ1B,success,13264,494.0,222.0
B09F5WXQFS,success,19990,423.0,470.0
B09FB9YRVC,success,22060,398.0,307.0
B09F8ZS7TV,success,15065,260.0,356.0
B09FBHXZT8,success,8522,337.0,331.0
B09F66RRYN,success,22473,363.0,458.0
B09FC5PYHG,success,21581,485.0,380.0
B09FDWTPB8,success,17521,308.0,465.0
B09FHRQYR6,success,27478,369.0,479.0
B09FL8S13M,success,11644,277.0,451.0
B09FCMS3DP,success,45987,480.0,500.0
B09FLPXX86,success,54567,485.0,377.0
B09FNKSKNW,success,36229,461.0,309.0
B09FQ1T999,success,22307,373.0,401.0
B09FDX7SWW,success,41873,472.0,399.0
B09FRZPLL3,success,14816,312.0,432.0
B09FRCXSJK,success,51132,403.0,327.0
B09FTLF2CF,success,65829,499.0,476.0
B09FW71FP7,success,12968,493.0,309.0
B09FXN6G3T,success,35599,419.0,471.0
B09FXRR32P,success,35612,298.0,466.0
B09G1D9CR4,success,31318,464.0,498.0
B09G2F6G6L,success,22753,372.0,498.0
B09G5Q2HYV,success,34633,499.0,328.0
B09G6FSQXS,success,24001,447.0,468.0
B09G6WWP1D,success,35165,431.0,490.0
B09G6PHZNQ,success,55133,493.0,440.0
B09G9PPQT7,success,33487,454.0,406.0
B09G9HVWT7,success,15654,335.0,449.0
B09G9YBPG5,success,37396,498.0,495.0
B09G79M5Q2,success,32429,500.0,330.0
B09G9SZTZZ,success,13543,366.0,160.0
B09FDJ8X6Q,success,18374,490.0,346.0
B09GBPVD27,success,35070,494.0,463.0
B09G9QXZTV,success,42275,490.0,472.0
B09GFWZGK8,success,31283,384.0,496.0
B09GK5X4PP,success,34013,471.0,439.0
B09GK9ZMFZ,success,35633,496.0,346.0
B09GF4RSL8,success,39408,440.0,491.0
B09GLJ9XG2,success,28941,432.0,500.0
B09GLMX99H,success,13326,454.0,446.0
B09GM5C46Q,success,40815,479.0,448.0
B09GVDYMYJ,success,15080,429.0,355.0
B09GM5DWQP,success,34014,414.0,471.0
B09GQ14SF1,success,17488,274.0,415.0
B09CLMVYD8,success,17769,421.0,232.0
B09GRPTTDM,success,13374,315.0,348.0
B09GXLVRZ9,success,27514,500.0,146.0
B09H1NF3M4,success,29358,500.0,457.0
B09H59HZ1R,success,13811,254.0,336.0
B09GXBB183,success,16956,472.0,290.0
B09H2Y1M8K,success,44518,500.0,420.0
B09HBHMLB8,success,16889,383.0,478.0
B09HJD942J,success,16739,288.0,414.0
B09HCCVRHL,success,29888,426.0,441.0
B09HJD942X,success,10933,437.0,170.0
B09HCFHR8C,success,65174,500.0,500.0
B09HRFY5LQ,too_small,3370,474.0,44.0
B09HQM8T5M,success,31126,366.0,421.0
B09HJVBYD7,success,24239,473.0,456.0
B09HRD9X5P,success,72380,392.0,407.0
B09HGHFWX6,success,39196,455.0,462.0
B09HPW6XKF,success,18345,447.0,416.0
B09HTVQ6CX,success,11760,319.0,134.0
B09HTV2T4T,success,28691,500.0,463.0
B09HLGPB3D,success,17053,429.0,419.0
B09HWT1Y7Q,success,16869,420.0,163.0
B09J12TBKF,success,32174,462.0,361.0
B09J21XNFS,success,44938,376.0,476.0
B09J1M9KQR,success,37406,417.0,334.0
B09J2JBTJN,success,29990,441.0,472.0
B09HYZXK1Z,success,34402,403.0,407.0
B09J2JJC8S,success,19911,291.0,398.0
B09HYSM197,success,39418,313.0,496.0
B09HYH8GHJ,success,41063,460.0,288.0
B09J3PWM41,success,48028,481.0,492.0
B09J22ZHHS,success,53476,468.0,429.0
B09J495LYS,success,20576,313.0,457.0
B09J8FX6VZ,success,23225,471.0,443.0
B09JBZWQJZ,success,40062,373.0,478.0
B09J8H3X3B,success,38743,440.0,431.0
B09JBL36LS,success,19404,356.0,458.0
B09JF83P1H,success,9470,500.0,207.0
B09JGJQCWY,success,31880,408.0,498.0
B09J7Y1LSZ,success,41014,497.0,491.0
B09JC9LDYD,success,31398,388.0,278.0
B09JK5PFQH,success,30973,495.0,500.0
B09JKC9G4H,success,18937,481.0,455.0
B09JKP95P5,success,15184,500.0,246.0
B09JK542L2,success,27120,442.0,294.0
B09JKDYY3B,success,43827,500.0,253.0
B09JMRBW39,success,47560,454.0,341.0
B09JNFHJQR,success,46248,465.0,429.0
B09JNZKSPN,success,33004,382.0,445.0
B09JNV57F6,success,51783,500.0,482.0
B09JLZC5BC,success,27003,500.0,393.0
B09JSJNMNT,success,37756,401.0,324.0
B09JP383Q9,success,27286,487.0,379.0
B09JSLH3H1,success,25210,356.0,455.0
B09JSKBTCN,success,31305,382.0,321.0
B09JTK36HZ,success,19985,414.0,303.0
B09JWDKN2B,success,36721,460.0,488.0
B09JQBLZGH,success,15087,481.0,282.0
B09JTLQ6GW,success,31122,500.0,494.0
B09JWDL1R4,success,15168,192.0,422.0
B09JWF2STR,success,40333,436.0,495.0
B09JWLZJNT,success,39897,500.0,500.0
B09JYVKPPP,success,39194,500.0,326.0
B09JZM84KR,success,9290,451.0,210.0
B09JZZMQNN,success,20205,330.0,446.0
B09JW58XY4,success,22809,459.0,278.0
B09K35TBSK,success,15307,392.0,303.0
B09K3S9VRL,success,30076,493.0,286.0
B09K44M2HJ,success,9864,465.0,217.0
B09K417KKQ,success,47952,500.0,340.0
B09K4YQC4Z,success,26106,365.0,298.0
B09JWMJ7PW,success,36242,456.0,500.0
B09K51QKLP,success,30020,246.0,470.0
B09K52NTSG,success,14103,124.0,484.0
B09K53R8WX,success,17043,442.0,465.0
B09K7BFZ6T,success,29709,469.0,500.0
B09K9N5NCL,success,16862,499.0,420.0
B09KBHT85G,success,36971,437.0,495.0
B09KB8DJL5,success,73005,452.0,491.0
B09KDWK43F,success,34773,500.0,246.0
B09KNBFV3C,too_small,1043,,
B09KC4MVRF,success,36734,456.0,246.0
B09KJ4V3XQ,success,33135,500.0,500.0
B09KKTDNVM,success,28922,374.0,493.0
B09KLPJQPD,success,32551,499.0,257.0
B09KQC7Z4S,success,28419,288.0,464.0
B09KRV5B71,success,7082,325.0,176.0
B09KT2Q34R,success,12545,373.0,304.0
B09KRM3CC2,success,34641,391.0,443.0
B09KTWKCVR,success,57660,500.0,475.0
B09KYB5C12,success,21965,500.0,491.0
B09KX28C4K,success,14379,483.0,252.0
B09KXXQHPF,success,60885,488.0,498.0
B09KYZH333,success,8938,359.0,426.0
B09KT4P3M1,success,11223,343.0,300.0
B09L2XV8L1,success,18883,500.0,474.0
B09LCKLGFC,success,23890,312.0,372.0
B09L7YVTZ9,success,22277,326.0,476.0
B09L5G5L4C,success,13587,430.0,199.0
B09L67MHSK,success,37209,429.0,498.0
B09L4NGKVM,success,13637,252.0,304.0
B09L6815HK,success,34582,336.0,399.0
B09L3X7KPH,success,32553,411.0,490.0
B09LH4KF5H,success,41276,488.0,303.0
B09LCXK4JY,success,49987,500.0,355.0
B09LKLQLFR,success,14777,268.0,324.0
B09LHJRPVL,success,23112,401.0,476.0
B09L7RFPBH,success,35990,500.0,495.0
B09LQ63322,success,29928,356.0,374.0
B09LM2PDN4,success,44395,398.0,500.0
B09LPKCCLW,success,31380,467.0,371.0
B09LFQKVPW,success,43591,394.0,295.0
B09LQ65ZW1,success,37751,444.0,490.0
B09LLDHPDB,success,40896,469.0,327.0
B09LM2T7GC,success,28805,375.0,405.0
B09LR5PD95,success,18194,494.0,324.0
B09LTZDJ7F,success,22482,317.0,494.0
B09LS7FTTV,success,4495,453.0,123.0
B09LM9LXJ1,success,17176,355.0,404.0
B09LV1T38X,success,14831,467.0,201.0
B09LQKGK8S,success,43760,497.0,492.0
B09LSB2PHJ,success,10239,476.0,237.0
B09LYBRS8H,success,17754,327.0,467.0
B09M75CNH8,success,24134,470.0,289.0
B09M3L7XCS,success,44718,465.0,483.0
B09LY2JFYN,success,11159,246.0,354.0
B09M6SGF1F,success,32485,388.0,500.0
B09M7P15SR,success,26324,415.0,460.0
B09M7XHVHN,success,26799,445.0,500.0
B09M7TMC1M,success,51608,438.0,399.0
B09M96RXXM,success,29317,430.0,306.0
B09M85WPFM,success,21428,318.0,369.0
B09M8DYH1B,success,63620,500.0,343.0
B09MBD1KJW,success,33743,419.0,322.0
B09MBCXNYZ,success,25627,437.0,368.0
B09M86XBRZ,success,46226,500.0,481.0
B09M9W6WZV,success,28617,469.0,440.0
B09MBN24GF,success,14393,336.0,458.0
B09MBJSPZS,success,24513,340.0,429.0
B09M94KBBM,success,20529,456.0,174.0
B09MF44Q7C,success,18945,375.0,327.0
B09MFMTMPD,success,26774,357.0,500.0
B09MFJQBYR,success,26546,500.0,374.0
B09MGJD7Y8,success,10866,178.0,481.0
B09MHGX42Y,success,10809,345.0,426.0
B09MK1GYWF,success,37417,428.0,495.0
B09MHXB7QB,success,32735,500.0,437.0
B09MF2DGGH,success,40694,458.0,496.0
B09MLRHGLQ,success,18376,497.0,396.0
B09MLF9V1V,success,44543,406.0,473.0
B09MKXV23H,success,47979,475.0,487.0
B09MLRKLQX,success,28290,492.0,292.0
B09MLW731L,success,38908,495.0,215.0
B09MMWM2Y8,success,34715,404.0,154.0
B09MRZ4Q8B,success,58350,499.0,494.0
B09MMHKZKQ,success,25005,358.0,309.0
B09MTMZ68B,success,28288,498.0,482.0
B09MVN2CBY,success,50170,499.0,361.0
B09MXN4DCW,success,27970,463.0,333.0
B09MTQ5WMM,success,58455,486.0,489.0
B09MY48LPX,success,25340,383.0,500.0
B09N285434,success,21099,426.0,478.0
B09MZKYZD4,success,30502,457.0,361.0
B09N3FLQGS,success,23901,374.0,297.0
B09MY6YZCX,success,25382,421.0,400.0
B09N44WL4X,success,15998,444.0,393.0
B09N76B4RD,success,54713,500.0,485.0
B09MV345G3,success,19047,311.0,500.0
B09MW92MK8,success,34208,468.0,467.0
B09N91VVHS,success,39505,465.0,413.0
B09NBGV7K3,success,27411,479.0,500.0
B09N39LJCD,success,26447,429.0,217.0
B09NBQN1R6,success,40327,499.0,483.0
B09NCFVY4T,success,36125,451.0,316.0
B09N94PW8F,success,51363,500.0,500.0
B09ND7KKPD,success,15226,248.0,384.0
B09NDKJY5B,success,33449,500.0,402.0
B09NF2H2WL,success,41920,459.0,497.0
B09NGQDY7L,success,31020,386.0,472.0
B09NM82DNP,success,30461,483.0,403.0
B09NMBLRBB,success,37780,473.0,485.0
B09NGVFXHL,success,39419,447.0,431.0
B09NMLFVWF,success,55191,500.0,496.0
B09NMNKR77,success,17069,326.0,460.0
B09NMDJ98B,success,21971,404.0,292.0
B09NNGN2WG,success,20079,473.0,368.0
B09NNH8R8X,success,25633,424.0,483.0
B09NQPVZF3,success,26211,500.0,500.0
B09NNNFZVW,success,43483,500.0,458.0
B09NPWSJYL,success,43010,422.0,272.0
B09NQQ1G1N,success,12599,481.0,299.0
B09NLBHFQH,success,37613,494.0,405.0
B09NQZ64QC,success,20544,383.0,471.0
B09NSGMC5C,success,39420,429.0,445.0
B09NVMS8T1,success,23432,359.0,474.0
B09NTCPZP3,success,35490,394.0,483.0
B09NYDJJRM,success,65109,499.0,476.0
B09NTJZ3M9,success,16013,496.0,232.0
B09NYWZN73,success,28752,466.0,248.0
B09P29VXG1,success,20907,459.0,318.0
B09P326KSH,success,35629,500.0,473.0
B09P2CCTBC,success,28636,481.0,367.0
B09P4QQTRG,success,21023,273.0,341.0
B09P4K2XVP,success,12923,464.0,148.0
B09NZ6YX1Z,success,21492,313.0,412.0
B09NVBBPRF,success,17412,347.0,458.0
B09PF6W1ZX,success,12840,305.0,243.0
B09P8CSV3Q,success,39274,492.0,417.0
B09P9Y5H5P,success,32565,487.0,356.0
B09PFBGY6M,success,14999,367.0,316.0
B09PC5X6FV,success,15755,354.0,370.0
B09PGPX9QP,success,25057,424.0,205.0
B09P832K7Z,success,9140,475.0,161.0
B09PMGP4RW,success,20265,220.0,500.0
B09PMYTJD2,success,44149,464.0,264.0
B09PRKV6ND,success,19890,461.0,247.0
B09PQBMKKG,success,46262,497.0,320.0
B09PRC3WC5,success,42974,496.0,479.0
B09PH22PYH,success,28411,464.0,350.0
B09PRMQYYT,success,29877,448.0,160.0
B09PK5RZXM,success,41191,469.0,492.0
B09PTC71QX,success,59983,378.0,474.0
B09PTJ5MQX,success,47974,455.0,484.0
B09PYTKL9H,success,50256,497.0,329.0
B09PYK37K4,success,16913,350.0,480.0
B09PY63C5B,success,45385,500.0,348.0
B09PYSNBDJ,success,22904,331.0,412.0
B09PZ8W2ZG,success,29582,476.0,315.0
B09Q1199X9,success,31716,365.0,315.0
B09Q366LZ1,success,15937,412.0,378.0
B09Q4RTSLX,success,23777,360.0,287.0
B09Q5D3S3M,success,27377,500.0,244.0
B09Q376C6Z,success,7260,240.0,338.0
B09Q5BNT76,success,31256,238.0,463.0
B09Q5PQM38,success,19165,458.0,452.0
B09Q5V251X,success,54578,398.0,484.0
B09Q63HHB4,success,60307,416.0,497.0
B09Q6CPTLF,success,39781,468.0,468.0
B09Q5X3DNG,success,41629,500.0,330.0
B09Q8LQ74Y,success,23819,500.0,500.0
B09Q8Z9XG8,success,25272,500.0,205.0
B09QC727HD,success,14818,208.0,430.0
B09Q96R18R,success,24458,346.0,442.0
B09QFGTN3P,success,36008,461.0,482.0
B09QHFYSJ6,success,37040,491.0,331.0
B09QGJDBFG,success,35755,479.0,486.0
B09QGCMY35,success,29215,378.0,464.0
B09QJYQ35F,success,21277,474.0,318.0
B09QFRNZMH,success,56172,500.0,500.0
B09QM1T84T,success,29460,331.0,500.0
B09QNPC8M2,success,17624,464.0,378.0
B09QLXLSYX,success,18964,400.0,319.0
B09QQ1KKVF,success,19669,415.0,253.0
B09QRB6785,success,19695,493.0,285.0
B09QS61JXQ,success,10083,430.0,345.0
B09QSM9NMD,success,21062,484.0,281.0
B09QXK45TG,success,11718,282.0,431.0
B09R1XQWGQ,success,9723,405.0,229.0
B09QZP8183,success,17405,470.0,396.0
B09QL7G37S,success,49058,396.0,500.0
B09R426H2C,success,37599,472.0,489.0
B09R6SCMNX,success,22489,441.0,420.0
B09R46NSKZ,success,29186,420.0,489.0
B09R6V6KLL,success,38691,500.0,361.0
B09RBG444C,success,14394,324.0,465.0
B09R7P5F7W,success,15446,455.0,451.0
B09R8G5PF4,success,22553,421.0,418.0
B09QY2RJWG,success,33553,498.0,314.0
B09RBG9CQH,success,22893,282.0,480.0
B09RQX8WJQ,success,25380,466.0,310.0
B09RXVPCR1,success,8808,295.0,235.0
B09RSRH7MP,success,33677,406.0,470.0
B09RTF6TLQ,success,35790,500.0,270.0
B09RXJHHX7,success,16411,480.0,286.0
B09RYP6JCB,success,25100,348.0,330.0
B09RZL1D7G,success,28764,490.0,244.0
B09RZP2YVW,success,26551,448.0,290.0
B09RZHD8Q8,success,24445,461.0,464.0
B09RZPMB38,success,19383,222.0,421.0
B09S32P52Q,success,34142,500.0,299.0
B09S5K8NF5,success,10771,332.0,428.0
B09S1VW4SM,success,20611,500.0,322.0
B09S6HJGBH,success,20740,460.0,309.0
B09S6Y5BRG,success,27678,441.0,472.0
B09S33ZF86,success,29020,328.0,405.0
B09S6K7TCH,success,51098,486.0,482.0
B09S6ZWPS5,success,20217,454.0,500.0
B09SB9V378,success,59573,788.0,800.0
B09SD844Y1,success,18513,500.0,317.0
B09S1BSZQB,success,15118,357.0,414.0
B09SD9NF6N,success,14736,466.0,238.0
B09SDZH6JB,success,34731,454.0,345.0
B09SFPJS27,success,27092,427.0,391.0
B09SHFN2NZ,success,33511,491.0,400.0
B09SJ9192T,success,35908,342.0,316.0
B09SL43RPY,too_small,1043,,
B09SHRJF8Z,success,26537,464.0,381.0
B09SM5F124,success,33469,463.0,402.0
B09SHBTL9Q,success,17295,465.0,183.0
B09SQ32BHG,success,12784,485.0,204.0
B09SPZPDJK,success,27626,491.0,420.0
B09SGB2WV4,success,44086,454.0,476.0
B09SM7GJWJ,success,54649,469.0,407.0
B09ST61M6Y,success,33259,492.0,343.0
B09ST3WVWR,success,65909,484.0,404.0
B09ST6251P,success,28183,468.0,321.0
B09SQJ8SY6,success,28810,292.0,429.0
B09SW9YS24,success,48677,474.0,428.0
B09SYTN8KW,success,23162,311.0,447.0
B09SZ12SHJ,success,27597,423.0,463.0
B09SVQG3ZZ,success,20882,396.0,266.0
B09STTTKBK,success,52379,498.0,381.0
B09T3LPXM1,success,33846,508.0,649.0
B09SV75FJF,success,37432,500.0,340.0
B09T4KF5D2,success,17044,460.0,189.0
B09T78HB28,success,17886,391.0,356.0
B09T3VYLBR,success,39978,443.0,483.0
B09T8FZ4P6,success,13672,236.0,428.0
B09TDCX454,success,17675,395.0,333.0
B09T8P6CT4,success,8941,457.0,149.0
B09TG9G5JJ,success,23291,350.0,279.0
B09TKM2R9K,success,12711,490.0,227.0
B09TQL78GZ,success,17612,479.0,363.0
B09TQY97MJ,success,23680,500.0,500.0
B09TP9LJWZ,success,41158,432.0,498.0
B09TR4KQ81,success,31662,500.0,397.0
B09TRK9J5F,success,26594,500.0,420.0
B09TFN1SYS,success,33040,441.0,483.0
B09TTPL745,success,11505,311.0,253.0
B09TSQYGKS,success,25181,422.0,500.0
B09TS8ZL94,success,26437,336.0,462.0
B09TTZV36C,success,17508,347.0,467.0
B09TVYR71J,success,15501,332.0,347.0
B09TVVGHHP,success,22710,401.0,473.0
B09TW65LHN,success,26923,414.0,478.0
B09TWRH21N,success,17056,399.0,190.0
B09TW5LLFX,success,24882,402.0,494.0
B09TW1HMSQ,success,54607,500.0,500.0
B09TWYBW14,success,29725,366.0,437.0
B09TW1KSK9,success,34505,443.0,368.0
B09V26FNX5,success,21141,490.0,329.0
B09TWRJSGF,success,28841,396.0,488.0
B09V2YMXN5,success,17198,484.0,335.0
B09TX54X2K,success,17475,334.0,498.0
B09V2GNJB1,success,78090,797.0,923.0
B09TWQ2P1P,success,21957,450.0,402.0
B09V3W5XFY,success,24696,460.0,403.0
B09V3JBLQB,success,9077,469.0,284.0
B09V6XN62T,success,16920,364.0,453.0
B09V4WP2SY,success,23888,500.0,269.0
B09V7G16DV,success,37400,451.0,500.0
B09V9J124H,success,47230,500.0,493.0
B09VB2JMBQ,success,28696,467.0,454.0
B09VB3TZHK,success,45503,500.0,376.0
B09VNHQYW5,success,36227,495.0,412.0
B09VLF35PX,success,11307,408.0,292.0
B09V4LK7H5,success,65273,435.0,493.0
B09VPGTVBZ,success,31659,482.0,301.0
B09V4LBRW8,success,50964,345.0,402.0
B09VQ4HSHQ,success,29715,500.0,458.0
B09VD28KV8,success,19445,370.0,456.0
B09VKZPST7,success,30999,401.0,349.0
B09VRGH7PY,success,18412,378.0,252.0
B09VTMLL5Q,success,19464,478.0,384.0
B09VSXGYZV,success,36217,471.0,452.0
B09VXTLYKD,success,29289,493.0,472.0
B09VRX8WL9,success,34842,370.0,327.0
B09VTNVK67,success,8653,423.0,299.0
B09VXPXXDC,success,27323,467.0,368.0
B09VYGLLWH,success,29825,481.0,403.0
B09W42HJKL,success,31916,397.0,484.0
B09W4W9SYF,success,17110,452.0,149.0
B09W2NR78H,success,39910,385.0,500.0
B09W4DTMQX,success,21004,500.0,438.0
B09W2LT1HY,success,53327,403.0,500.0
B09W4FDHN1,success,49424,476.0,472.0
B09W56KRKB,success,11054,466.0,199.0
B09W5F6BZD,success,39879,443.0,333.0
B09WCL37Z4,success,52623,500.0,416.0
B09WD35WWZ,success,10260,309.0,433.0
B09WD1B2P1,success,41071,437.0,499.0
B09W5V456M,success,18020,418.0,496.0
B09WBKKRFN,success,56192,487.0,459.0
B09WDMCQ9J,success,25203,500.0,374.0
B09WF1KG1T,success,20502,386.0,283.0
B09WCXGFJK,success,24411,476.0,444.0
B09W8RQSD1,success,25417,452.0,496.0
B09WHCXCGP,success,27690,438.0,492.0
B09WH4DJ1X,success,29564,500.0,262.0
B09WDKQHPQ,success,36638,476.0,248.0
B09WJZ5JQM,success,33067,496.0,392.0
B09WG24H42,success,55688,500.0,500.0
B09WMNMJ4R,success,28098,375.0,383.0
B09WHLY4YV,success,37382,488.0,261.0
B09WK2XZJ8,success,37871,500.0,464.0
B09WKJQKGJ,success,30352,290.0,500.0
B09WMDN9N7,success,61301,494.0,350.0
B09WMGJG41,success,29252,500.0,291.0
B09WPZPTR1,success,9144,269.0,230.0
B09WV3G1D7,success,42443,478.0,368.0
B09WTY86N6,success,24097,429.0,482.0
B09WV5VMX6,success,17429,358.0,364.0
B09WR1GBC7,success,54288,484.0,334.0
B09WT4TM7P,success,35110,275.0,498.0
B09WRV7CQ4,success,44844,499.0,324.0
B09WQY3XPC,success,28801,484.0,312.0
B09WW168DT,success,23895,468.0,438.0
B09WXWH78N,success,34706,435.0,417.0
B09X13L5YK,success,24804,490.0,493.0
B09WVFZ15V,success,38047,438.0,500.0
B09WWG19YS,success,48378,496.0,500.0
B09X14H4TK,success,21187,500.0,315.0
B09X28Z27W,success,16016,151.0,484.0
B09X15DVF8,success,22262,493.0,499.0
B09X2H2WGW,success,27145,447.0,355.0
B09X2X2YDZ,success,44798,440.0,468.0
B09X2VFX9T,success,12562,498.0,221.0
B09X2VL7F4,success,40116,490.0,300.0
B09X7HKNJQ,success,28078,477.0,234.0
B09XC369ZX,success,21979,394.0,483.0
B09XFJC8DQ,success,15225,302.0,733.0
B09XGGTWQY,success,11797,339.0,500.0
B09X9YFMHK,success,37246,447.0,403.0
B09XGZ1CWR,success,44358,340.0,431.0
B09X949WVK,success,31869,446.0,318.0
B09XGVPJV2,success,30831,336.0,490.0
B09X3RF4V4,success,14869,427.0,259.0
B09XJRGQL6,success,23532,466.0,390.0
B09XHVPPPB,success,26021,308.0,800.0
B09XM8QVKC,success,28478,468.0,469.0
B09XQMHSTX,success,21418,414.0,500.0
B09XJXMPH5,success,44847,476.0,500.0
B09XQQJHMT,success,30216,489.0,204.0
B09XPZW97T,success,47087,500.0,280.0
B09XNQQC8J,success,8234,352.0,296.0
B09XK7FQD6,success,40502,422.0,495.0
B09XQ5117J,success,136817,796.0,795.0
B09XR3737W,success,35488,455.0,500.0
B09XQWPLJ1,success,13640,490.0,181.0
B09XR85HFR,success,33538,397.0,465.0
B09XTWR4NQ,success,19393,479.0,194.0
B09XTKVJX5,success,21357,500.0,241.0
B09XV2F6MV,success,32486,387.0,461.0
B09XQYSY93,success,33624,405.0,500.0
B09XV4LW98,success,38049,431.0,301.0
B09XVWK6RT,success,27872,344.0,414.0
B09XTHNZ3M,success,25099,492.0,397.0
B09XV2WZR7,success,40880,448.0,447.0
B09XX4P957,success,15159,290.0,336.0
B09XXH5CG5,success,18802,454.0,371.0
B09XX9PGDY,success,11598,297.0,256.0
B09XXVR2JT,success,21379,500.0,328.0
B09XZP1TWM,success,33321,363.0,395.0
B09XXK97RX,success,18773,372.0,338.0
B09Y1K2WVJ,success,18639,464.0,426.0
B09XXBFLDL,success,16731,496.0,325.0
B09Y1PSVTB,success,20024,474.0,293.0
B09Y1ZST8V,success,39147,493.0,354.0
B09Y1RY84D,success,12654,458.0,402.0
B09Y2SCJPD,success,21868,361.0,451.0
B09Y2SCDB2,success,23039,385.0,325.0
B09Y37ZMJ4,success,36227,495.0,412.0
B09Y37DKJV,success,37747,483.0,305.0
B09Y3H915M,success,7246,456.0,157.0
B09Y541Y3F,success,20789,310.0,430.0
B09Y4HCRLM,success,62523,500.0,397.0
B09Y24RNYD,success,42491,480.0,445.0
B09Y5N81SL,success,46646,473.0,303.0
B09Y5NJ3DZ,success,29911,467.0,256.0
B09Y7QTH52,success,15936,293.0,399.0
B09Y89DRDG,success,40116,500.0,343.0
B09Y8V5QRF,success,11642,267.0,334.0
B09Y8DQX39,success,17253,381.0,425.0
B09Y748XV9,success,30484,492.0,426.0
B09Y8PFMZV,success,33356,254.0,423.0
B09Y8XPTBJ,success,44636,478.0,500.0
B09Y8XL4PR,success,47461,476.0,318.0
B09Y81PBD2,success,33776,174.0,442.0
B09Y8XXHYX,success,20511,354.0,473.0
B09Y95CQ8H,success,19706,316.0,448.0
B09Y8YP79Q,success,22885,439.0,312.0
B09YBPGTN3,success,35284,500.0,471.0
B09Y8Z3GTZ,success,76267,974.0,859.0
B09YBQ1L5N,success,22301,414.0,413.0
B09YC98B1V,success,28523,419.0,445.0
B09YCW1FHH,success,27364,344.0,480.0
B09YCWTWC9,success,47150,348.0,404.0
B09YCNZPDR,success,18796,482.0,342.0
B09YCQ3S1C,success,46926,474.0,496.0
B09YD28QPG,success,45235,500.0,287.0
B09YBS4TVK,success,26444,415.0,268.0
B09YD3X8C9,success,24082,356.0,447.0
B09YD4LM6P,success,32366,447.0,460.0
B09YHM78L8,success,15294,494.0,257.0
B09YKYHB25,success,17544,442.0,334.0
B09YDTNTVL,success,21841,485.0,465.0
B09YLRS99D,success,41448,500.0,495.0
B09YM3YDJ7,success,45633,403.0,495.0
B09YDFRZ74,success,22477,486.0,470.0
B09YHQXMHB,success,36782,491.0,360.0
B09YRGBJMW,success,35155,494.0,329.0
B09YRQP4YS,success,47024,500.0,473.0
B09YR34BC4,success,21409,500.0,425.0
B09YMG6XCC,success,19761,283.0,363.0
B09YT2M1VD,success,31785,472.0,461.0
B09YT6LNXP,success,12714,345.0,440.0
B09YTYML2P,success,52384,500.0,459.0
B09YVBSB87,success,15162,388.0,255.0
B09YRNMFGT,success,25231,400.0,490.0
B09YVTK8LN,success,24871,500.0,500.0
B09YVQ647F,success,15685,259.0,415.0
B09YYC3P34,success,36802,395.0,394.0
B09YV9YSPF,success,35804,437.0,484.0
B09YXK3QDQ,success,52422,500.0,486.0
B09YYG9H7H,success,47484,500.0,421.0
B09YXHRLGY,success,11584,294.0,289.0
B09YSW3MNY,success,33747,466.0,493.0
B09YYZ3GG6,success,29736,493.0,382.0
B09Z6KMDLN,success,11210,346.0,276.0
B09Z386GY2,success,31916,380.0,301.0
B09Z74LGN9,success,31861,469.0,297.0
B09Z7QXXJ7,success,29389,403.0,225.0
B09Z94S23R,success,26849,390.0,458.0
B09Z7R4YCW,success,27312,381.0,209.0
B09Z6QJJ7T,success,79184,500.0,486.0
B09ZDFZQZ5,success,29729,430.0,338.0
B09ZDK214X,success,14386,335.0,281.0
B09ZD53FMM,success,12595,236.0,326.0
B09YZ2KSM7,success,37176,500.0,390.0
B09ZFQCZCZ,success,33887,397.0,449.0
B09ZGMKVVK,success,29284,468.0,354.0
B09ZL9C2SQ,success,23484,451.0,437.0
B09ZDNYBFW,success,32595,490.0,296.0
B09ZH5SVMF,success,27204,488.0,243.0
B09ZF112R9,success,24857,383.0,466.0
B09ZMHZFLH,success,18433,454.0,382.0
B09ZMJCQ51,success,10679,295.0,229.0
B09ZP56KWR,success,16318,360.0,454.0
B09ZP11W9X,success,30299,405.0,440.0
B09ZJMDH97,success,9754,348.0,324.0
B09ZNH1KY2,success,31564,422.0,500.0
B09ZHSG1XT,success,49199,500.0,485.0
B09ZP6Y1ND,success,16494,428.0,493.0
B09ZM7TVCK,success,21079,497.0,449.0
B09ZQSD516,success,56388,402.0,469.0
B09ZQRYD63,success,33920,478.0,290.0
B09ZRMV7C7,success,11643,429.0,367.0
B09ZQBRV2R,success,61283,500.0,500.0
B09ZSV2K2X,success,32355,446.0,307.0
B09ZTB9LDW,success,27377,365.0,234.0
B09ZTB6D86,success,30196,371.0,311.0
B09ZTZNHGW,success,15736,481.0,239.0
B09ZTC6LGP,success,20862,497.0,331.0
B09ZXXPQRV,success,33067,496.0,392.0
B0B11F4SCT,success,39726,497.0,372.0
B09ZXZC3ZG,success,65077,457.0,311.0
B0B12DL9SS,success,53016,497.0,491.0
B0B13PJ4SH,success,26259,367.0,251.0
B0B12S8NFW,success,50258,500.0,350.0
B0B14NGT3N,success,21995,337.0,462.0
B0B14RJN29,success,34688,495.0,499.0
B0B14RSDCP,success,36058,380.0,435.0
B0B152SBHQ,success,15115,326.0,406.0
B0B15CWFS2,success,44317,491.0,483.0
B0B14V2GXD,success,49735,500.0,492.0
B0B15DBDC2,success,49617,469.0,476.0
B0B15MG375,success,9571,219.0,281.0
B0B15L74B3,success,28098,459.0,460.0
B0B15DKBLY,success,47986,423.0,497.0
B0B16HQ7NW,success,22872,195.0,401.0
B0B1788DSZ,success,23058,399.0,290.0
B0B17RFS8Q,success,33760,366.0,327.0
B0B1732LKJ,success,17021,304.0,470.0
B0B12XMTDQ,success,24603,488.0,496.0
B0B17SD56J,success,42449,457.0,394.0
B0B19VLCNC,success,19599,191.0,469.0
B0B17VQY23,success,58911,481.0,496.0
B0B1BRWYVP,success,31288,484.0,238.0
B0B1BS6GYJ,success,17181,388.0,472.0
B0B1CX85TF,success,28057,406.0,469.0
B0B1D4G8CP,success,26730,366.0,467.0
B0B1D13P19,success,22316,400.0,480.0
B0B18JWT5W,success,21582,456.0,354.0
B0B1H4L72Q,success,32647,494.0,242.0
B0B1LK7LPQ,success,36706,495.0,489.0
B0B1LFYRC7,success,18829,354.0,483.0
B0B1FNP19X,success,20924,243.0,433.0
B0B1M91G7W,success,44538,498.0,448.0
B0B1MJMTLD,success,18261,499.0,393.0
B0B1MK7YP5,success,13745,432.0,293.0
B0B1DM4Y5C,success,28531,401.0,461.0
B0B1PJ5SQ7,success,36749,500.0,224.0
B0B1PHWMTH,success,31552,453.0,493.0
B0B1V2LFCN,success,47916,494.0,455.0
B0B1TGP2DQ,success,27416,473.0,417.0
B0B1Q31316,success,35891,492.0,477.0
B0B1MQKLRC,success,19887,491.0,313.0
B0B1VFMPZL,success,35658,489.0,458.0
B0B1XT4X37,success,8774,460.0,237.0
B0B1ZNM8WP,success,52819,500.0,409.0
B0B1Y2MYHZ,success,41387,418.0,366.0
B0B1Y16CS8,success,56923,500.0,500.0
B0B1VW8N8M,success,14726,500.0,375.0
B0B1WCY8ZR,success,36685,499.0,443.0
B0B1YLJZTK,success,28756,404.0,322.0
B0B1YPSXG3,success,13396,235.0,357.0
B0B1ZZVC8X,success,38709,489.0,377.0
B0B215S6GS,success,35422,477.0,228.0
B0B216DWY8,success,32210,459.0,343.0
B0B21DLSYP,success,29871,396.0,484.0
B0B21KJPSW,success,48263,496.0,441.0
B0B22179R3,success,19979,318.0,432.0
B0B24LKWLJ,success,24214,447.0,499.0
B0B24Q8SGT,success,38986,464.0,429.0
B0B217QRWJ,success,20052,420.0,372.0
B0B24P2PWN,success,45140,482.0,497.0
B0B285L53R,success,22628,416.0,356.0
B0B24ZGYKF,success,36329,492.0,482.0
B0B284SML8,success,14872,323.0,476.0
B0B216XWMZ,success,19881,450.0,285.0
B0B28D16NX,success,31781,495.0,468.0
B0B28TNTBX,success,42097,500.0,489.0
B0B288YMM8,success,34827,404.0,481.0
B0B2BLH1ZB,success,48804,500.0,298.0
B0B28NSP9F,success,51439,494.0,369.0
B0B2CSZG42,success,37357,490.0,496.0
B0B2CX6JQJ,success,30827,360.0,497.0
B0B2DDT1RR,success,24628,405.0,489.0
B0B2DP6821,success,36331,364.0,470.0
B0B28JML9P,success,42988,500.0,334.0
B0B2J2JVDF,success,44596,446.0,449.0
B0B2FBSCJW,success,14782,428.0,208.0
B0B2JYD7G4,success,27774,497.0,185.0
B0B2K6JSBR,success,45891,487.0,481.0
B0B2L2H1XC,success,30790,316.0,499.0
B0B2K1C5TG,success,21638,327.0,469.0
B0B2LL4WQR,success,39817,500.0,358.0
B0B2NCPWP3,success,32982,432.0,339.0
B0B2JYYR6C,success,30207,500.0,249.0
B0B2NZ5RP5,success,16907,485.0,271.0
B0B2P7NC18,success,34022,434.0,390.0
B0B2RFSF1Z,success,19987,365.0,480.0
B0B2K24RQT,success,29168,498.0,371.0
B0B2RHYKN1,success,33130,492.0,404.0
B0B2PLPMMB,success,26330,385.0,350.0
B0B2RK8PHB,success,25406,466.0,338.0
B0B2VDVB92,success,19702,494.0,417.0
B0B2TJTHKK,success,12931,270.0,380.0
B0B2W9SGT6,success,18814,454.0,376.0
B0B2W8KK96,success,61981,500.0,500.0
B0B2W896T4,success,25304,496.0,153.0
B0B2WFTXF9,success,35903,500.0,258.0
B0B2ZG8DR4,success,18429,312.0,480.0
B0B2ZCXXNX,success,32309,486.0,301.0
B0B2VT64HB,success,30255,428.0,500.0
B0B356KYJ6,success,27118,366.0,231.0
B0B3144WGM,success,49795,495.0,488.0
B0B35JDFPL,success,35505,453.0,403.0
B0B35CNQQ6,success,56975,477.0,476.0
B0B3484SNB,success,18079,491.0,238.0
B0B36W3BSB,success,36823,476.0,414.0
B0B37TT7JB,success,21797,388.0,426.0
B0B37CN7B5,success,51896,460.0,438.0
B0B36YYHKM,success,31712,475.0,430.0
B0B38RWYY7,success,35846,428.0,470.0
B0B38J447P,success,38645,500.0,374.0
B0B3CL5JW7,success,20007,400.0,422.0
B0B399K2W3,success,47547,477.0,492.0
B0B3D7TMMM,success,28034,387.0,459.0
B0B3CL33Y1,success,23075,460.0,316.0
B0B3DQWN98,success,46411,411.0,467.0
B0B37YMFK2,success,17856,332.0,381.0
B0B3GCP6RH,success,25023,309.0,500.0
B0B3GC7191,success,30746,401.0,490.0
B0B3DR1XKQ,success,88242,500.0,497.0
B0B3F9SQVT,success,5953,159.0,160.0
B0B3GNJS9L,success,23821,336.0,452.0
B0B3HYZ427,success,23718,388.0,377.0
B0B3JBK6JG,success,38025,453.0,464.0
B0B3HV4TXG,success,32427,460.0,476.0
B0B3F3JB2Y,success,69673,500.0,283.0
B0B3J6BWH2,success,21983,423.0,303.0
B0B3JFNRYQ,success,23755,492.0,492.0
B0B3JRFRLV,success,13343,291.0,441.0
B0B3JBZZQF,success,12917,287.0,431.0
B0B3JS29Y8,success,15828,298.0,392.0
B0B3MCXHYK,success,23993,393.0,380.0
B0B3MHWD4Z,success,23047,396.0,442.0
B0B3M536RC,success,38130,481.0,351.0
B0B3JT8SQN,success,17566,488.0,330.0
B0B3QD1269,success,12533,333.0,354.0
B0B3MLYXFN,success,26499,500.0,438.0
B0B3MKV9ZC,success,26542,439.0,498.0
B0B3MPLCVF,success,31574,467.0,359.0
B0B3SQP2WL,success,30746,401.0,490.0
B0B3R74TZC,success,39500,490.0,383.0
B0B3SYSWF8,success,51582,485.0,459.0
B0B3MKYSFC,success,32249,336.0,486.0
B0B3W3KZ2P,success,21979,366.0,461.0
B0B3T54G6Y,success,25633,340.0,489.0
B0B3TRT8WM,success,16822,365.0,358.0
B0B3WVQD32,success,36724,500.0,491.0
B0B3T4JWN9,success,29989,427.0,263.0
B0B3WS9C6J,success,45793,500.0,343.0
B0B3WYTJ2K,success,26363,392.0,278.0
B0B3ZKBJ8V,success,9514,354.0,439.0
B0B41K7RX3,success,24582,500.0,336.0
B0B3XCK4CH,success,23734,492.0,276.0
B0B3WPPBZ8,success,71666,500.0,462.0
B0B426CY99,success,43230,494.0,404.0
B0B458RS41,success,32957,428.0,472.0
B0B458QQDM,success,18689,349.0,340.0
B0B3ZYR76N,success,11798,299.0,500.0
B0B46MGQKJ,success,32694,442.0,474.0
B0B462J6ZC,success,57054,494.0,477.0
B0B49YRBFG,success,42365,474.0,362.0
B0B49N22G3,success,71288,500.0,470.0
B0B4D5SSKF,success,26747,488.0,319.0
B0B4D6YTQZ,success,17101,395.0,480.0
B0B4C98K37,success,57850,487.0,492.0
B0B4B2927G,success,47251,455.0,348.0
B0B4CJ52DL,success,36141,498.0,237.0
B0B4DJZ46K,success,47822,405.0,452.0
B0B4DXFZ5X,success,49030,500.0,405.0
B0B4FYDVHQ,success,11812,500.0,189.0
B0B4JCGKD5,success,23384,446.0,391.0
B0B4DRQ9ZX,success,40280,494.0,444.0
B0B4JWDC48,success,13629,500.0,360.0
B0B4J8KFC7,success,16342,395.0,304.0
B0B4K5X1ZN,success,28402,486.0,302.0
B0B4KJRD1C,success,24380,366.0,452.0
B0B4K6DHGZ,success,59011,500.0,320.0
B0B4N24RS7,success,35075,491.0,391.0
B0B4NHGRVQ,success,26360,471.0,436.0
B0B4MBFS8W,success,19115,318.0,423.0
B0B4NVWM3W,success,41542,357.0,487.0
B0B4JKKT36,success,24487,500.0,206.0
B0B4PLM4FH,success,35894,500.0,400.0
B0B4PF3KZM,success,27527,367.0,409.0
B0B4P4G73L,success,56299,488.0,485.0
B0B4NZSDB5,success,46671,492.0,477.0
B0B4RPF5GS,success,22874,364.0,476.0
B0B4RJ8MS1,success,20713,450.0,432.0
B0B4RM9TWT,success,51080,496.0,471.0
B0B4RYZPFH,success,25012,495.0,392.0
B0B4S8RV1L,success,20790,348.0,320.0
B0B4VSL7J4,success,77771,500.0,394.0
B0B4RXPSZT,success,43899,410.0,498.0
B0B4SG3FV3,success,41604,500.0,423.0
B0B4SG98S2,success,32030,464.0,367.0
B0B4SWZTZ1,success,17859,435.0,335.0
B0B4SM9L7S,success,23834,465.0,450.0
B0B4VT6FF9,success,32412,347.0,442.0
B0B4WL8WPT,success,15532,393.0,492.0
B0B4WCDBGG,success,28439,354.0,473.0
B0B4W2RZW5,success,17385,468.0,386.0
B0B516N4KB,success,35459,484.0,397.0
B0B51L5HTD,success,25171,484.0,499.0
B0B4WCNWF3,success,37318,475.0,403.0
B0B51MS7LV,success,17263,462.0,437.0
B0B4W342X1,success,26311,375.0,453.0
B0B5517LRN,success,33014,500.0,332.0
B0B54KB6FB,success,12410,352.0,464.0
B0B565DFWP,success,22042,439.0,322.0
B0B52YS12K,success,83811,489.0,500.0
B0B568938Z,success,30785,465.0,435.0
B0B56M8ZDR,success,35807,437.0,237.0
B0B58FQK5G,success,57017,500.0,498.0
B0B56SQTTT,success,58912,500.0,490.0
B0B57TFGJ8,success,17781,367.0,320.0
B0B58XNL52,success,25715,455.0,214.0
B0B585BKCV,success,34875,349.0,415.0
B0B59QBY9G,success,16140,500.0,284.0
B0B588F3T8,success,30976,500.0,335.0
B0B59356FP,success,24637,446.0,420.0
B0B5BH9BMD,success,10272,248.0,395.0
B0B5BN6BGR,success,26444,259.0,318.0
B0B5D8NPFT,success,45742,500.0,402.0
B0B5CMJBY6,success,28140,500.0,495.0
B0B5DCMTBX,success,42623,368.0,497.0
B0B5DDMTPB,success,35401,482.0,410.0
B0B594WQW3,success,44979,485.0,437.0
B0B59KTKJX,success,41224,457.0,349.0
B0B5DRSG88,success,32067,481.0,478.0
B0B5KJMQ7L,success,24865,408.0,473.0
B0B5L6V646,success,19830,456.0,326.0
B0B5LFQC2W,success,40917,487.0,403.0
B0B5GXYGWN,success,46565,381.0,497.0
B0B5HLX8HC,success,35201,470.0,454.0
B0B5G8Q1S3,success,29647,436.0,479.0
B0B5FV5J5H,success,34710,435.0,445.0
B0B5M23Z4H,success,28140,476.0,435.0
B0B5MR9X4X,success,17146,413.0,377.0
B0B5QXXNL4,success,23522,350.0,500.0
B0B5RDD3B2,success,32929,439.0,497.0
B0B5QKZW38,success,39656,490.0,270.0
B0B5R8G643,success,20823,460.0,246.0
B0B5R3NKM6,success,63798,500.0,466.0
B0B5T7PTRN,success,23140,393.0,287.0
B0B5SZ5YKP,success,44889,454.0,451.0
B0B5WJ76NB,success,12766,457.0,207.0
B0B5TDL71V,success,38316,493.0,350.0
B0B5V5TG95,success,88972,500.0,400.0
B0B5X9SV4P,success,32957,466.0,482.0
B0B5Y69NPM,success,19252,484.0,318.0
B0B5Z59QT5,success,28121,477.0,220.0
B0B5ZJW4LY,success,32349,420.0,499.0
B0B5WDRB5K,success,35333,394.0,489.0
B0B5TRQZSW,success,28026,494.0,273.0
B0B5ZTQWWP,success,37268,482.0,402.0
B0B5ZQ433P,success,32399,498.0,348.0
B0B5ZTLWCH,success,13552,500.0,214.0
B0B614WH7T,success,22600,360.0,332.0
B0B62FJF1J,success,18748,320.0,400.0
B0B61FP3H9,success,32277,351.0,396.0
B0B62PR5FN,success,95922,478.0,450.0
B0B5KYCMGT,success,36451,390.0,481.0
B0B65F1BYW,success,14185,309.0,495.0
B0B64W96HW,success,18936,405.0,405.0
B0B674F2FT,success,22529,469.0,174.0
B0B67LXMNN,success,31006,443.0,256.0
B0B63CPHX2,success,39769,452.0,485.0
B0B62TGBQW,success,78644,498.0,495.0
B0B67TKW3W,success,40856,491.0,476.0
B0B68L3RGD,success,16867,484.0,392.0
B0B68P3D1P,success,80684,500.0,498.0
B0B68SJPY2,success,35512,258.0,495.0
B0B68R2L45,success,74853,500.0,500.0
B0B6B1J4ZT,success,29784,331.0,495.0
B0B6B7G3P4,success,39597,500.0,220.0
B0B68V8JWB,success,65421,467.0,463.0
B0B6BBJ9FP,success,41735,458.0,393.0
B0B6BBY9K8,success,28996,425.0,438.0
B0B6BC3GS7,success,24431,295.0,226.0
B0B6DB8Y1L,success,12893,319.0,155.0
B0B6CY3Y3K,success,35979,473.0,307.0
B0B6BNQRM6,success,29931,484.0,472.0
B0B6D5X24N,success,42883,473.0,482.0
B0B6HSDGML,success,35175,474.0,330.0
B0B6HDVH9B,success,23786,500.0,152.0
B0B6FY8119,success,48829,468.0,457.0
B0B6GD8L4Q,success,55793,494.0,446.0
B0B6DD4M8W,success,30072,226.0,408.0
B0B6FN43G7,success,35742,496.0,246.0
B0B6NRG8R5,success,27338,359.0,485.0
B0B6HWZ755,success,21950,344.0,441.0
B0B6N1B9BC,success,54853,451.0,500.0
B0B6P9DNQ3,success,73492,491.0,500.0
B0B6PGXXK8,success,41454,495.0,451.0
B0B6DN3H3D,success,25097,477.0,443.0
B0B6DSJWSY,success,38609,492.0,340.0
B0B6PM1QFR,success,38142,445.0,447.0
B0B6QGL4RM,success,25387,500.0,181.0
B0B6QKL495,success,57971,500.0,365.0
B0B6SQMZ4P,success,21101,427.0,500.0
B0B6SBGWQ2,success,10469,471.0,146.0
B0B6RFDVCD,success,18605,487.0,406.0
B0B6RG6SLB,success,35760,500.0,500.0
B0B6VMB3D1,success,19621,368.0,465.0
B0B6T5ZWCM,success,43827,496.0,392.0
B0B6VQ9JR3,success,59476,499.0,399.0
B0B6TTH6RW,success,20808,343.0,253.0
B0B6WTFTG9,success,16760,500.0,500.0
B0B6VZTFVG,success,38260,434.0,285.0
B0B6Y3C4F6,success,10006,424.0,176.0
B0B7123JGT,success,36730,492.0,454.0
B0B6ZXCCY1,success,32761,426.0,430.0
B0B72PYMGX,success,24603,476.0,280.0
B0B75HNZMN,success,22142,461.0,116.0
B0B74VY8VN,success,28473,490.0,485.0
B0B73XXTYB,success,26748,465.0,475.0
B0B76HTH5W,success,9961,188.0,469.0
B0B71LG8VN,success,23244,483.0,245.0
B0B76Q2CTC,success,33979,473.0,476.0
B0B764FVCK,success,37265,439.0,367.0
B0B76CYRGY,success,69851,500.0,413.0
B0B774YHDZ,success,29632,452.0,272.0
B0B6WNTT91,success,20091,472.0,353.0
B0B76XVXNC,success,31032,480.0,366.0
B0B76TJ8LS,success,30750,462.0,500.0
B0B77YC4VK,success,16944,276.0,424.0
B0B77H5CCB,success,22925,440.0,476.0
B0B77JK5D9,success,15836,256.0,480.0
B0B78JNSPM,success,14578,218.0,460.0
B0B791BN29,success,27265,492.0,423.0
B0B79Z5MPV,success,33235,490.0,445.0
B0B7B53HM4,success,26240,462.0,316.0
B0B786PFYJ,success,38135,417.0,239.0
B0B7B7SYSY,success,33647,467.0,492.0
B0B76WFYTM,success,24317,418.0,480.0
B0B7B68DFX,success,27072,493.0,455.0
B0B7D794HD,success,13995,361.0,225.0
B0B7DH5LJ6,success,41446,483.0,460.0
B0B7DQTZ7D,success,29856,491.0,419.0
B0B7DR1H2Y,success,19420,352.0,438.0
B0B7D1TRXL,success,82691,498.0,332.0
B0B7DWCWJF,success,53648,426.0,487.0
B0B7HKWF9B,success,39782,481.0,457.0
B0B7JDB1Q2,success,40765,467.0,487.0
B0B7KS92C2,success,12711,469.0,355.0
B0B7L5J1QV,success,22397,463.0,480.0
B0B7JTS1Q2,success,33522,472.0,471.0
B0B7LBYQLC,success,44880,486.0,500.0
B0B7DX1JZ8,success,51974,428.0,487.0
B0B7MC7KZB,success,34865,500.0,488.0
B0B7MXRQJW,success,20192,450.0,471.0
B0B7MCLH1Y,success,27771,467.0,422.0
B0B7HTGNQK,success,32774,493.0,226.0
B0B7MG1RJB,success,47421,494.0,494.0
B0B7MRM2SX,success,30883,345.0,474.0
B0B7LM2V6Z,success,34830,427.0,445.0
B0B7QD5TCS,too_small,1043,,
B0B7NTY5KK,success,28202,493.0,428.0
B0B7QTNJWR,success,21672,336.0,499.0
B0B7R1J4LZ,success,33474,499.0,241.0
B0B7RJ5QTX,success,23139,437.0,474.0
B0B7R7C67H,success,63566,493.0,499.0
B0B7MPW458,success,35567,493.0,351.0
B0B7RZNSFJ,success,31864,477.0,316.0
B0B7RKRLVB,success,56200,490.0,493.0
B0B7TYHHX2,success,29908,354.0,328.0
B0B7RZY38W,success,36232,378.0,499.0
B0B7W48BW8,success,43219,478.0,396.0
B0B7QZRBC1,success,18460,381.0,499.0
B0B7R95GR4,success,62599,475.0,449.0
B0B7W9ZQS2,success,60916,492.0,489.0
B0B7WHLVT1,success,24114,416.0,490.0
B0B7WVY8QF,success,38356,494.0,467.0
B0B7X4KRDX,success,51680,436.0,496.0
B0B7X5XM4R,success,49976,420.0,476.0
B0B7X8MCLZ,success,30145,396.0,587.0
B0B7XP878Y,success,19239,394.0,445.0
B0B81453CD,success,28499,500.0,376.0
B0B82B5P3K,success,21927,496.0,389.0
B0B81JF2NP,success,38438,482.0,306.0
B0B84P1MRT,success,37701,497.0,351.0
B0B8783HJZ,success,30261,495.0,451.0
B0B84S9SGN,success,33495,479.0,374.0
B0B87G773B,success,30244,457.0,489.0
B0B87T8DMM,success,29334,473.0,361.0
B0B87VXYFR,success,75174,500.0,500.0
B0B882SP1S,success,56261,498.0,403.0
B0B88XDJ7B,success,14078,413.0,252.0
B0B8C5LRW2,success,38281,358.0,395.0
B0B7ZRCF31,success,22080,348.0,481.0
B0B8F17YMC,success,18856,381.0,441.0
B0B8DB229P,success,24488,474.0,436.0
B0B8GM5K7S,success,68516,500.0,500.0
B0B8FN1FW1,success,20894,457.0,350.0
B0B8GZ6VP2,success,47626,500.0,405.0
B0B8HB326T,success,26266,497.0,449.0
B0B8HMK8RM,success,28518,425.0,427.0
B0B87HSZ8K,success,15215,351.0,396.0
B0B8J17B9L,success,13143,328.0,458.0
B0B8KMD9H4,success,19981,483.0,383.0
B0B8K3B3SL,success,24544,494.0,348.0
B0B8LZJD5P,success,11300,304.0,306.0
B0B8M4FSJD,success,12087,349.0,129.0
B0B8M89MMQ,success,27985,286.0,449.0
B0B8MHRBQ4,success,19201,363.0,477.0
B0B8MGDHWV,success,27935,461.0,306.0
B0B8M8RSLZ,success,16300,493.0,251.0
B0B8N26WMY,success,37585,500.0,433.0
B0B8M8XRT9,success,64281,465.0,477.0
B0B8MRGWJ5,success,17617,497.0,124.0
B0B8N4T9CN,success,32685,362.0,499.0
B0B8NCR19L,success,30270,392.0,499.0
B0B8NCCPC2,success,32401,473.0,439.0
B0B8NKT9RR,success,26570,496.0,490.0
B0B8PFYS4D,success,28066,460.0,363.0
B0B8SK132H,success,41922,448.0,421.0
B0B8SX1HWN,success,14367,500.0,262.0
B0B8RSKT46,success,59064,491.0,383.0
B0B8V23FP1,success,20684,308.0,385.0
B0B8W5LPY2,success,15252,500.0,267.0
B0B8YC6MGW,success,29819,360.0,495.0
B0B8W72ZG6,success,33465,500.0,437.0
B0B8VH98G3,success,38924,446.0,430.0
B0B8XJR7RN,success,57935,789.0,779.0
B0B8Y8J2TM,success,26577,500.0,363.0
B0B8YNF1LH,success,19521,360.0,470.0
B0B8YXT7PC,success,10931,478.0,305.0
B0B8ZNRS8D,success,36227,495.0,412.0
B0B8ZJ28JM,success,76450,500.0,499.0
B0B8Z265C9,success,16491,500.0,195.0
B0B8ZDGLZX,success,26425,306.0,356.0
B0B913XQX7,success,32340,498.0,343.0
B0B8YJ3YC1,success,23959,479.0,304.0
B0B916MW62,success,37451,489.0,380.0
B0B8Z39WHY,success,41818,448.0,388.0
B0B92B71B5,success,39753,500.0,500.0
B0B8NJKGSJ,success,59864,431.0,424.0
B0B932W91R,success,17389,438.0,305.0
B0B93KT7XY,success,36338,457.0,356.0
B0B93C72FG,success,36391,447.0,474.0
B0B94HVVPB,success,16156,255.0,418.0
B0B92XN43Q,success,43906,477.0,402.0
B0B95V4ZBW,success,17358,347.0,477.0
B0B94JJNT7,success,47292,498.0,476.0
B0B96VV6BJ,success,29502,400.0,393.0
B0B9734HYV,success,41982,396.0,486.0
B0B964JG3K,success,38185,463.0,443.0
B0B9BHC6PP,success,34457,500.0,370.0
B0B99PPD7B,success,17485,402.0,396.0
B0B93MRTWF,success,25120,349.0,253.0
B0B99JGN9Z,success,68457,494.0,499.0
B0B9BMW3PQ,success,30906,352.0,435.0
B0B9BPRMGH,success,41926,462.0,500.0
B0B9BNFG42,success,26425,458.0,423.0
B0B9BTKPPP,success,28393,294.0,446.0
B0B9FX5D1F,success,79122,482.0,486.0
B0B9BLHWB8,success,16500,320.0,258.0
B0B9GWSX9Z,success,40107,450.0,446.0
B0B9H3NN8T,success,28682,352.0,493.0
B0B9HW61MV,success,42424,451.0,322.0
B0B9HM4SW4,success,12389,364.0,304.0
B0B9HR3T4B,success,22516,408.0,485.0
B0B9BVN61C,success,21765,446.0,386.0
B0B9HZ3NYK,success,34923,421.0,351.0
B0B9HZHGMG,success,30732,470.0,348.0
B0B9HYYT23,success,31172,440.0,331.0
B0B9HZZ2Q7,success,44500,454.0,291.0
B0B9J2JWSX,success,39253,430.0,316.0
B0B9M3GLK1,success,18947,460.0,480.0
B0B9JWLF55,success,67628,500.0,500.0
B0B9MQW2WR,success,32505,410.0,484.0
B0B9N467Y4,success,39045,500.0,410.0
B0B9N4GDG9,success,41771,463.0,477.0
B0B9MNW93H,success,30038,410.0,484.0
B0B9N49HLM,success,13685,464.0,390.0
B0B9N3Z6TS,success,37056,435.0,475.0
B0B9NYDFL8,success,14398,422.0,277.0
B0B9NBD26V,success,50361,492.0,466.0
B0B9RPKLLV,success,35114,398.0,495.0
B0B9QG2LF4,success,43812,422.0,458.0
B0B9RPMGXS,success,12340,496.0,173.0
B0B9SSQXJZ,success,19570,497.0,162.0
B0B9T3PMTD,success,59671,487.0,491.0
B0B9SNCG9N,success,55563,483.0,449.0
B0B9T8SJLG,success,62559,493.0,499.0
B0B9WNCZZL,success,38620,423.0,500.0
B0B9W5JMP8,success,12594,488.0,237.0
B0B9WMN26C,success,53448,470.0,490.0
B0B9X7K11F,success,19336,375.0,334.0
B0B9X4FBWF,success,54587,488.0,485.0
B0B9XGB167,success,40838,458.0,472.0
B0B9WWQ8M8,success,47350,486.0,451.0
B0B9X8F2Q5,success,26290,392.0,235.0
B0B9XMC8YP,success,23067,338.0,459.0
B0B9XL97VS,success,22936,266.0,458.0
B0B9XLX9RY,success,21562,449.0,487.0
B0BB38TVJC,success,18710,398.0,344.0
B0BB44M4F3,success,24617,350.0,279.0
B0B9XV93QM,success,13019,489.0,147.0
B0BB161P2B,success,26416,500.0,417.0
B0BB6P59Z7,success,33028,493.0,472.0
B0BB74ZFJQ,success,15016,488.0,382.0
B0BB7T2FQT,success,52252,494.0,386.0
B0BBBVW58J,success,7692,223.0,383.0
B0BB7S4T1M,success,34198,381.0,482.0
B0BB7HNTNP,success,34090,500.0,297.0
B0BBB2JVSL,success,21237,473.0,376.0
B0BB4F88KR,success,46955,459.0,334.0
B0BB7878C5,success,24758,486.0,483.0
B0BBDQRTWY,success,25716,438.0,280.0
B0BBDPV7TB,success,24896,438.0,451.0
B0BBF9YHDN,success,26110,442.0,417.0
B0BBFF65FC,success,17373,400.0,162.0
B0BBFFXWVH,success,26146,296.0,477.0
B0BBGL19G1,success,34227,345.0,444.0
B0BBL4XMZ5,success,19955,406.0,344.0
B0BBLNC6ZP,success,44453,498.0,383.0
B0BBM59FSK,success,13722,450.0,194.0
B0BBML5CT1,success,24867,386.0,303.0
B0BBKNHDRH,success,32097,465.0,362.0
B0BBMM296Y,success,12841,390.0,260.0
B0BBMLD8QT,success,19608,326.0,402.0
B0BBMSYX16,success,33711,381.0,379.0
B0BBQ2KG8G,success,31324,382.0,491.0
B0BBQRX3T7,success,39393,500.0,278.0
B0BBQRTDC7,success,25068,494.0,490.0
B0BBR3YMWF,success,15057,475.0,184.0
B0BBQH1P77,success,23794,500.0,399.0
B0BBT7G39D,success,95675,756.0,571.0
B0BBRM88BJ,success,32516,461.0,336.0
B0BBTSMCTS,success,39495,454.0,491.0
B0BBTFTJS5,success,80302,470.0,500.0
B0BBV1CY3K,success,50454,416.0,500.0
B0BBV16D5W,success,32486,442.0,497.0
B0BBV7NRJS,success,31688,377.0,351.0
B0BBVXJ517,success,23884,453.0,428.0
B0BBVW4Y8K,success,21567,354.0,482.0
B0BBWLP9KV,success,62022,482.0,476.0
B0BBZ3BW3B,success,17424,306.0,293.0
B0BBYTVXCH,success,45123,500.0,469.0
B0BBZB6KSX,success,32895,441.0,499.0
B0BBZ1Z8C8,success,32135,499.0,441.0
B0BB6Q677H,success,23638,498.0,233.0
B0BC126LZ5,success,17164,314.0,431.0
B0BBZC1FTG,success,31063,482.0,496.0
B0BC14BN7T,success,30599,365.0,450.0
B0BC195MPS,success,19316,297.0,417.0
B0BC1D9VPQ,success,35767,310.0,500.0
B0BC1JFDPT,success,41224,500.0,500.0
B0BC264P98,success,18729,289.0,418.0
B0BC26B88X,success,30054,498.0,498.0
B0BC27MM5Z,success,7148,207.0,111.0
B0BC28PY1P,success,35954,498.0,498.0
B0BC2STR39,success,22922,440.0,341.0
B0BC3XNPHZ,success,16419,409.0,421.0
B0BC3X6ZQ4,success,16504,194.0,406.0
B0BC3J7MZC,success,11443,257.0,335.0
B0BC87M3Y7,success,46077,500.0,471.0
B0BC8CL92P,success,23523,375.0,500.0
B0BC8D2D4S,success,20358,354.0,257.0
B0BC8JN2V8,success,46856,500.0,477.0
B0BC8JS6L1,success,24501,423.0,500.0
B0BC8FQLSJ,success,18626,371.0,441.0
B0BC534ZG4,success,46555,445.0,460.0
B0BCCCNHD8,success,8008,500.0,114.0
B0BC9325PF,success,48174,434.0,481.0
B0BC8KMKYY,success,13024,459.0,214.0
B0BCDG4QF8,success,24944,441.0,199.0
B0BCF3KRMM,success,45291,484.0,450.0
B0BCF6W83D,success,32606,341.0,488.0
B0BCFDDGPB,too_small,2762,460.0,54.0
B0BCDJTFRG,success,32096,500.0,429.0
B0BCFLJHV1,success,50718,484.0,411.0
B0BCFQY7ZY,success,36140,471.0,420.0
B0BCF6X53L,success,23651,346.0,445.0
B0BCF1BSXK,success,33769,492.0,247.0
B0BCGX4GBG,success,14749,457.0,305.0
B0BCFWFS4F,success,30128,462.0,311.0
B0BCFXXD4G,success,22563,429.0,500.0
B0BCHBK459,success,26991,500.0,500.0
B0BCG125HG,success,24398,390.0,415.0
B0BCJ5YDFZ,success,42371,414.0,308.0
B0BCJ2TDKW,success,33556,350.0,471.0
B0BCJKKZD4,success,85167,500.0,449.0
B0BCKKPVCH,success,18817,431.0,418.0
B0BCJV1NDT,success,12151,292.0,330.0
B0BCJZDLNC,success,31387,397.0,431.0
B0BCKV5TWY,success,37805,401.0,451.0
B0BCPC8PF5,success,60605,500.0,497.0
B0BCPSG2GC,success,34721,497.0,483.0
B0BCTJMN63,success,21663,368.0,163.0
B0BCPSKD3J,success,22740,497.0,323.0
B0BCWDGF17,success,23813,284.0,500.0
B0BCPZ2D8G,success,34629,466.0,454.0
B0BCQ67ZNV,success,39922,412.0,371.0
B0BCX5QM2P,success,17944,179.0,496.0
B0BCWDGVTM,success,51430,480.0,496.0
B0BCXBLVMZ,success,30061,473.0,495.0
B0BD2GLM4D,success,33983,462.0,434.0
B0BD2HJQVV,success,50077,443.0,497.0
B0BCXY36KF,too_small,2222,458.0,51.0
B0BD45JY86,success,21904,401.0,457.0
B0BD7FN8K9,success,30188,444.0,372.0
B0BD5MBSTM,success,33795,500.0,452.0
B0BD47KKXK,success,21178,500.0,279.0
B0BD54H86M,success,77858,472.0,457.0
B0BD7L35RP,success,16680,465.0,226.0
B0BD81J3LV,success,27460,500.0,418.0
B0BD8FXHPB,success,59936,494.0,494.0
B0BD7NGRC9,success,26478,243.0,456.0
B0BD8JMWBZ,success,29063,496.0,438.0
B0BD959SP8,success,34972,397.0,448.0
B0BD99CPHB,success,17449,230.0,339.0
B0BD92612Y,success,34361,477.0,482.0
B0BDF9M8SX,success,8582,497.0,108.0
B0BDFF4WD7,success,32196,477.0,396.0
B0BDKKDWK6,success,40421,479.0,455.0
B0BDL25WNF,success,31141,492.0,430.0
B0BDKZQX2T,success,24080,447.0,454.0
B0BDLR7GYQ,success,26480,498.0,363.0
B0BDKRMFBG,success,62148,486.0,499.0
B0BDLS91LW,success,22193,500.0,244.0
B0BDLTMYTB,success,38600,419.0,500.0
B0BDLH924H,success,22407,379.0,389.0
B0BDPS9NXL,success,36722,396.0,485.0
B0BDMLP87Q,success,31717,484.0,472.0
B0BDQ52MKN,success,24355,420.0,420.0
B0BDMMJR8Y,success,7709,100.0,474.0
B0BDQCNL7K,success,33033,471.0,454.0
B0BDQBY8L5,success,37136,500.0,344.0
B0BDQP1PF9,success,37827,472.0,435.0
B0BDQP93DW,success,36598,500.0,495.0
B0BDNNT1V3,success,12067,191.0,495.0
B0BDRZGKL3,success,57623,477.0,465.0
B0BDSZ2KT3,success,20782,500.0,452.0
B0BDRHFWJ4,success,20000,396.0,376.0
B0BDS4Y25M,success,16049,318.0,470.0
B0BDTX5JNX,success,9276,185.0,298.0
B0BDWN4RHW,success,31697,448.0,332.0
B0BDTMNHJ1,success,50271,359.0,500.0
B0BDS2RD2J,success,30894,455.0,422.0
B0BDXKMQ7D,success,60206,491.0,402.0
B0BDYSM93Q,success,20413,406.0,461.0
B0BDZN93XK,success,11729,234.0,387.0
B0BDZZRLZM,success,25579,315.0,360.0
B0BF1N8P3F,success,35385,460.0,350.0
B0BDZ6F1YK,success,40329,425.0,499.0
B0BF3MWVTR,success,34832,493.0,224.0
B0BF4SYBLM,success,33020,424.0,498.0
B0BDDJFKV3,success,26529,498.0,328.0
B0BF4STLSR,success,47192,462.0,430.0
B0BF4WYJ83,success,51470,450.0,460.0
B0BDWMDM8X,success,43234,451.0,318.0
B0BF4YCGKN,success,14126,420.0,319.0
B0BF61DZBZ,success,42554,451.0,391.0
B0BF53QDC9,success,48378,458.0,481.0
B0BF5LKP5Q,success,19248,436.0,246.0
B0BF9DQB6K,success,23088,455.0,478.0
B0BF5G74B7,success,23517,423.0,495.0
B0BF9FRXKT,success,22060,453.0,500.0
B0BFBLDQ7K,success,39221,500.0,482.0
B0BF9RL3ZS,success,20134,463.0,265.0
B0BFD6DVR4,success,35001,437.0,416.0
B0BFF26X5N,success,15363,269.0,446.0
B0BF9FMMGQ,success,24318,498.0,419.0
B0BFG1XWGF,success,30947,441.0,441.0
B0BFFXDM1V,success,27675,339.0,376.0
B0BF7YTR5Q,success,11746,500.0,107.0
B0BF8RWTXH,success,23500,497.0,237.0
B0BF8YFSJG,success,40803,485.0,480.0
B0BFG68B69,success,23467,384.0,388.0
B0BFDRLZ54,success,13309,348.0,495.0
B0BFH8W1HP,success,13349,264.0,302.0
B0BFHL2G5J,success,14923,474.0,122.0
B0BFJB8C2X,success,11076,193.0,459.0
B0BFKCDQRC,success,32915,449.0,215.0
B0BFKCS22P,success,26740,424.0,231.0
B0BFHHHL1R,success,54895,500.0,500.0
B0BFKK125R,success,11926,329.0,260.0
B0BFKG86TK,success,29857,500.0,266.0
B0BFKK3NL9,success,15915,403.0,231.0
B0BFLNR31F,success,39576,499.0,429.0
B0BFPQKJDL,success,38065,500.0,426.0
B0BFQ1QW1F,success,33255,724.0,595.0
B0BFN73GNN,success,23283,365.0,481.0
B0BFR5TK9C,success,15574,500.0,291.0
B0BFPNB37W,success,50319,492.0,410.0
B0BFRBK2QB,success,44716,497.0,486.0
B0BFQHJZZQ,success,67591,439.0,490.0
B0BFLFWRS8,success,49114,494.0,357.0
B0BFM2GP2B,success,230876,900.0,706.0
B0BFVC22NY,success,43750,500.0,358.0
B0BFVFMWZF,success,51317,500.0,423.0
B0BFVYYYN7,success,31798,473.0,316.0
B0BFS1XDPY,success,28311,492.0,295.0
B0BFW3RLZ7,success,14652,292.0,393.0
B0BFWBVY1F,success,11227,178.0,383.0
B0BFMLHB9Y,success,15235,293.0,382.0
B0BFV54JKK,success,17121,400.0,471.0
B0BFWPD9J4,success,36184,482.0,210.0
B0BFWWDC43,success,39382,437.0,484.0
B0BFX56DWC,success,17995,413.0,352.0
B0BFWVT983,success,42434,500.0,459.0
B0BFX26BT7,success,17419,289.0,379.0
B0BFZNDMFC,success,37553,404.0,477.0
B0BFZRQSYX,success,14556,472.0,169.0
B0BFWZ1JPY,success,22406,487.0,294.0
B0BG1WFG22,success,25254,494.0,359.0
B0BG27Y7DY,success,32317,500.0,447.0
B0BG25Y2SY,success,44525,370.0,444.0
B0BG2V2H13,success,38282,375.0,482.0
B0BG36PSZV,success,26451,446.0,471.0
B0BG3JLNRH,success,49873,500.0,489.0
B0BG4KCJSZ,success,24142,282.0,336.0
B0BG4LC8LB,success,41920,293.0,432.0
B0BG43VZ4H,success,60157,500.0,500.0
B0BG4SDPJB,success,23203,384.0,311.0
B0BG4TTRHH,success,30240,388.0,324.0
B0BG4T36F2,success,24714,395.0,449.0
B0BG4WSCS6,success,19288,432.0,262.0
B0BG51Q5R7,success,13912,478.0,327.0
B0BG5B78XX,success,24556,354.0,454.0
B0BFYKNH6S,success,38159,500.0,295.0
B0BG5LJZ5Z,success,41579,491.0,385.0
B0BFX6HSM6,success,26791,465.0,222.0
B0BG55JZ1T,success,29766,448.0,390.0
B0BG69W19H,success,30270,500.0,434.0
B0BG6YCGG7,success,28787,468.0,300.0
B0BG6V1L3J,success,35832,420.0,494.0
B0BG767BKQ,success,14227,400.0,300.0
B0BG7BYG3M,success,31168,390.0,493.0
B0BG7KP5L4,success,22741,421.0,291.0
B0BG7XJZBX,success,32359,454.0,378.0
B0BG864CR9,success,33212,492.0,288.0
B0BG84BH98,success,31607,459.0,346.0
B0BG8C8518,success,50309,412.0,497.0
B0BG8KJZ9N,success,24272,298.0,495.0
B0BG8QG3NN,success,15464,379.0,306.0
B0BG8HVVTS,success,42269,406.0,498.0
B0BG99SVS2,success,37111,454.0,294.0
B0BG9FHZ1Y,success,29099,443.0,494.0
B0BG8TFPQF,success,39529,496.0,330.0
B0BG93TZ5N,success,45807,492.0,476.0
B0BG9TNYBQ,success,50173,475.0,494.0
B0BGBSBS28,success,70910,486.0,493.0
B0BG9SYQT3,success,18635,463.0,284.0
B0BG8RMC6H,success,23871,414.0,492.0
B0BGDBTNBY,success,11851,423.0,400.0
B0BGBVKXNL,success,60159,484.0,495.0
B0BGC5LFPQ,success,22007,267.0,479.0
B0BGBZQCPK,success,37114,498.0,497.0
B0BGGNZFKM,success,35647,401.0,439.0
B0BGHBL86V,success,47978,500.0,484.0
B0BGDLLL4W,success,55343,470.0,395.0
B0BGHBW397,success,38407,406.0,464.0
B0BGHFPJYX,success,32763,474.0,495.0
B0BGHFNVFB,success,39464,491.0,307.0
B0BGHZ4B2D,success,31024,490.0,348.0
B0BGK465L4,success,80482,769.0,788.0
B0BGK79RXL,success,17872,311.0,330.0
B0BGK4WWRM,success,27810,440.0,385.0
B0BGK8R2SG,success,18242,311.0,330.0
B0BGK8ZS74,success,26700,349.0,469.0
B0BGK9B86N,success,15675,192.0,470.0
B0BGL8YGTG,success,40472,491.0,500.0
B0BGL2B2TW,success,37620,384.0,494.0
B0BGMSYMTC,success,12787,500.0,318.0
B0BGLDN21F,success,10673,412.0,436.0
B0BGM9SWF3,success,32439,485.0,461.0
B0BGMY79D5,success,43797,488.0,344.0
B0BGNRC6FV,success,19116,498.0,316.0
B0BGP3P33P,success,27821,334.0,361.0
B0BGMYY12Z,success,50900,493.0,461.0
B0BGP46WQQ,success,50118,478.0,490.0
B0BGQ7NQ9R,success,24630,367.0,455.0
B0BGRJGN7B,success,42474,455.0,261.0
B0BGSXG3Z9,success,25134,446.0,420.0
B0BGRL2618,success,25341,433.0,500.0
B0BGQC1K6R,success,45597,486.0,491.0
B0BGT3RRRR,success,39298,483.0,394.0
B0BGWWJVTM,success,18762,235.0,376.0
B0BGXJXZX8,success,8278,235.0,306.0
B0BGXFZSQ8,success,47368,483.0,381.0
B0BGX2DVP3,success,62424,500.0,371.0
B0BGXS26QL,success,37180,440.0,500.0
B0BGXPFHY2,success,45205,488.0,475.0
B0BGXSZQ1F,success,50214,498.0,398.0
B0BGZ2SFMH,success,13547,307.0,305.0
B0BGPP4WRG,success,29757,452.0,316.0
B0BGZLR2BR,success,11965,368.0,370.0
B0BGZ8C1ZM,success,23451,467.0,289.0
B0BGZZQXLC,success,10238,252.0,396.0
B0BH29Q9CX,success,42656,500.0,448.0
B0BH5LNYKV,success,19210,457.0,445.0
B0BH6V8TTG,success,13347,267.0,353.0
B0BH6SNLS9,success,20928,321.0,456.0
B0BHBF7TC1,success,23204,427.0,295.0
B0BH8PTYGR,success,54208,446.0,499.0
B0BHCXH2VP,success,50673,736.0,746.0
B0BHDHW7FS,success,13055,500.0,253.0
B0BHDQR3QB,success,13469,459.0,173.0
B0BHDKRS94,success,19170,331.0,319.0
B0BHDWJK5G,success,23928,500.0,448.0
B0BHDWT62Y,success,23928,500.0,448.0
B0BHFX8L75,success,14299,305.0,348.0
B0BGSQWFQ4,success,30936,387.0,438.0
B0BHGPDLS2,success,15805,377.0,375.0
B0BHGSQHGM,success,35381,349.0,414.0
B0BHHTH3Z6,success,46652,500.0,462.0
B0BHHM69NF,success,47694,482.0,316.0
B0BHJKXJLZ,success,62230,500.0,456.0
B0BHKRQTXP,success,42131,478.0,298.0
B0BHKK9C8X,success,27742,447.0,497.0
B0BHKT7D5Y,success,33592,452.0,500.0
B0BHLMKCL4,success,37829,435.0,500.0
B0BHHTDQ7X,success,22090,468.0,356.0
B0BHMWNQST,success,35926,496.0,216.0
B0BHN6LW9F,success,45137,425.0,372.0
B0BHN6DCR9,success,30203,462.0,496.0
B0BHNGHWNN,success,28339,330.0,497.0
B0BHNPZBLY,success,56078,495.0,468.0
B0BHQ3NSQ3,success,42178,500.0,284.0
B0BHQV88HC,success,73260,497.0,497.0
B0BHSG1GCC,success,13164,222.0,480.0
B0BHS5G4ZK,success,42758,486.0,500.0
B0BHS235Z4,success,38754,482.0,450.0
B0BHRXQHFM,success,42053,499.0,439.0
B0BHSHWQVR,success,11681,284.0,386.0
B0BHSMV88G,success,30387,438.0,475.0
B0BHT7YD5T,success,61994,500.0,481.0
B0BHTS96ZL,success,19810,499.0,314.0
B0BHSPDZ34,success,70473,447.0,499.0
B0BHVH4D37,success,36491,487.0,391.0
B0BHT8XX49,success,32633,425.0,464.0
B0BHW5H146,success,30214,334.0,403.0
B0BHW7WK8W,success,31356,500.0,435.0
B0BHW95L37,success,33968,494.0,460.0
B0BHWK88JD,success,39848,466.0,281.0
B0BHWYQ47Y,success,21478,390.0,442.0
B0BHYBTV6H,success,40018,499.0,425.0
B0BHYSMCQV,success,28781,421.0,422.0
B0BHYSWYDW,success,33210,361.0,492.0
B0BHYBC8NM,success,64952,490.0,377.0
B0BHYZG6HX,success,35138,500.0,333.0
B0BHZC8JHB,success,31324,382.0,491.0
B0BHZJHVN4,success,27582,479.0,414.0
B0BJ1H5H7J,success,26973,498.0,271.0
B0BJ1Q85FK,success,14351,411.0,291.0
B0BJ1JW2K4,success,33372,385.0,500.0
B0BJ1SBZXX,success,13941,248.0,432.0
B0BHW9PK6Z,success,27686,500.0,405.0
B0BJ27YWW8,success,32069,348.0,500.0
B0BJ1SRSGL,success,23002,446.0,453.0
B0BJ1X95KZ,success,33715,383.0,484.0
B0BJ2SH7W5,success,17857,472.0,465.0
B0BJ1TYBJ2,success,22233,450.0,499.0
B0BJ2W57SP,success,17423,484.0,225.0
B0BJ2YWMTP,success,37680,480.0,333.0
B0BJ372CHN,success,46157,475.0,492.0
B0BJ326LNW,success,50958,456.0,491.0
B0BJ4DB69X,success,19165,400.0,468.0
B0BJ4DRDCD,success,36565,500.0,332.0
B0BJ517NSM,success,61640,424.0,470.0
B0BJ5RVDLZ,success,48387,498.0,495.0
B0BJ6G12FW,success,53296,500.0,494.0
B0BJ6LMKG7,success,33787,492.0,423.0
B0BJ654QFK,success,53698,488.0,497.0
B0BJ6QHMQ3,success,29545,487.0,406.0
B0BJ6N9NTW,success,52511,485.0,497.0
B0BJ6SSR3H,success,46659,493.0,489.0
B0BJ6TQTR8,success,37124,472.0,500.0
B0BJ71NRLH,success,19236,480.0,229.0
B0BJ73CHWC,success,50649,427.0,460.0
B0BJ6Z5L8V,success,17623,268.0,463.0
B0BJ8XMN2W,success,34954,457.0,367.0
B0BJ9PRHZ3,success,16975,330.0,372.0
B0BJ6VDHFT,success,23214,326.0,430.0
B0BJ9D68X2,success,24280,462.0,325.0
B0BJC1NW9T,success,19409,352.0,500.0
B0BJFB1VDM,success,31324,382.0,491.0
B0BJCGJJGB,success,40678,499.0,474.0
B0BJCKQVXP,success,56614,496.0,370.0
B0BJD5994C,success,47007,500.0,491.0
B0BJDNMHJ5,success,21883,496.0,428.0
B0BJDPT8V3,success,32191,494.0,280.0
B0BJFHQHWH,success,33056,306.0,352.0
B0BJJ2G9P5,success,14682,206.0,390.0
B0BJJBHFH5,success,30732,490.0,288.0
B0BJK6KYDY,success,39242,387.0,338.0
B0BJL8PDBP,success,26983,379.0,500.0
B0BJKMN1GL,success,52652,497.0,390.0
B0BJK9X75V,success,48175,500.0,500.0
B0BJKL78BD,success,28361,446.0,432.0
B0BJP5XKDV,success,26620,385.0,500.0
B0BJP3CMV4,success,23147,369.0,462.0
B0BJPKN4JL,success,30180,462.0,466.0
B0BJPJ7QFH,success,39449,411.0,469.0
B0BJPRQ194,success,37463,495.0,489.0
B0BJQ8TH85,success,14592,457.0,206.0
B0BJPMRFKC,success,41763,451.0,497.0
B0BJPNTBP9,success,31456,368.0,417.0
B0BJPYL2NX,success,24344,444.0,452.0
B0BJS6CXDN,success,9779,349.0,237.0
B0BJT15DLL,success,8566,147.0,310.0
B0BJTBFY5B,success,28348,414.0,380.0
B0BJV2TQH7,success,39340,492.0,321.0
B0BJTMVQZ7,success,48426,500.0,357.0
B0BJV7Y7P7,success,16856,399.0,369.0
B0BJV3LDGR,success,13380,432.0,205.0
B0BJVFNSJ4,success,30966,391.0,416.0
B0BJVGCSLC,success,41182,470.0,500.0
B0BJVP2YDL,success,27761,447.0,223.0
B0BJW6R4YX,success,36326,421.0,456.0
B0BJZ8X96P,success,35256,472.0,471.0
B0BJVHMCR5,success,20065,498.0,323.0
B0BJX162TS,success,28683,500.0,500.0
B0BJZJHZNS,success,23699,320.0,492.0
B0BK13FTZ3,success,42071,468.0,499.0
B0BJZGT4BX,success,21164,379.0,425.0
B0BJZB4YZK,success,47884,495.0,476.0
B0BJZP9KJV,success,13623,293.0,473.0
B0BK14FQMQ,success,31172,393.0,500.0
B0BJZNZQY7,success,28019,372.0,455.0
B0BK3LYMR2,success,21537,479.0,169.0
B0BK3HB9R9,success,46703,437.0,495.0
B0BK6SGHHB,success,33666,453.0,431.0
B0BK4XYBVK,too_small,5125,437.0,54.0
B0BK7YKY2Y,success,12798,422.0,217.0
B0BK7ZTVPD,success,15086,398.0,198.0
B0BK8NJXMH,success,15177,460.0,329.0
B0BK8PC2YV,success,29000,500.0,349.0
B0BK8CW6LD,success,57825,500.0,476.0
B0BK8SKTB4,success,90950,500.0,495.0
B0BK8Q5R3R,success,64131,500.0,500.0
B0BK8ZSWRH,success,22367,440.0,198.0
B0BK91D4JD,success,27155,498.0,433.0
B0BK8WW3XF,success,44333,430.0,500.0
B0BK9CVZCB,success,23191,362.0,325.0
B0BK9B6WV1,success,45633,481.0,483.0
B0BK9XS69V,success,33517,624.0,964.0
B0BKCFNSTK,success,12880,500.0,500.0
B0BKFX6FWW,success,38676,498.0,313.0
B0BKFMRLHL,success,45427,415.0,479.0
B0BKGKLBTT,success,33547,476.0,234.0
B0BKG11XBQ,success,16313,491.0,437.0
B0BKGXHMRW,success,19480,412.0,402.0
B0BKKM36JW,success,18077,374.0,450.0
B0BKKTJWZX,success,34540,490.0,436.0
B0BKKX2J7X,success,15755,459.0,278.0
B0BKLT853Z,success,25386,496.0,479.0
B0BKKYRQ31,success,32246,500.0,276.0
B0BKL8VT9M,success,21996,500.0,342.0
B0BKP11CMJ,success,6036,380.0,139.0
B0BKPQHDXV,success,30615,377.0,436.0
B0BKQ3VTTL,success,34094,236.0,459.0
B0BKQMJC2G,success,44767,493.0,474.0
B0BKQTZ1QY,success,57219,489.0,498.0
B0BKQZV2B1,success,18661,376.0,147.0
B0BKSSJKY1,success,19767,316.0,394.0
B0BKSMW7BM,success,43201,500.0,500.0
B0BKSZ8LF8,success,13025,372.0,183.0
B0BKT5DMGZ,success,28035,367.0,498.0
B0BKT53CK8,success,21732,500.0,247.0
B0BKTBD37R,success,26911,419.0,335.0
B0BKQ9MZ9C,success,40204,428.0,500.0
B0BKTD5MW2,success,34878,456.0,349.0
B0BKV47TKY,success,11057,198.0,460.0
B0BKVB3XFW,success,47469,468.0,459.0
B0BKVCFL1R,success,26783,345.0,500.0
B0BKXX7GQP,success,38563,500.0,275.0
B0BKTZ4HMW,success,53086,500.0,408.0
B0BKTJRCZ7,success,81725,500.0,496.0
B0BJRS9J89,success,37344,394.0,462.0
B0BK3HB36L,success,58761,495.0,399.0
B0BKY7RV4P,success,30408,500.0,492.0
B0BKZ5NCMK,success,15492,354.0,444.0
B0BKZPFHRS,success,64371,477.0,493.0
B0BKZ2SX5H,success,33358,460.0,420.0
B0BKYYGD94,success,25227,500.0,266.0
B0BKZQF53Z,success,49970,500.0,370.0
B0BKZ5965B,success,42180,496.0,484.0
B0BKZW7STX,success,56884,500.0,500.0
B0BL12DTJ5,success,31446,500.0,351.0
B0BKZS97GT,success,57343,700.0,557.0
B0BL2HGD4W,success,30115,468.0,448.0
B0BL2FD8H4,success,65040,500.0,500.0
B0BL3CR3TY,success,62043,500.0,493.0
B0BL4X7168,success,14219,188.0,352.0
B0BL35XNF5,success,33714,468.0,326.0
B0BL2ZQH2M,success,33549,477.0,409.0
B0BL5ZVFWM,success,24476,404.0,282.0
B0BL6Z8DLQ,success,19781,495.0,400.0
B0BL6Z45VQ,success,33208,347.0,317.0
B0BL7JMJ4M,success,17911,302.0,388.0
B0BL7GKJ75,success,24470,447.0,494.0
B0BL74JBX5,success,58070,500.0,500.0
B0BL5YHZPC,success,12713,434.0,185.0
B0BL9BTW1S,success,24533,403.0,290.0
B0BL7NG72P,success,17014,500.0,320.0
B0BL7PH2XK,success,54169,481.0,478.0
B0BLB1698X,success,19111,333.0,442.0
B0BLC18GC1,success,50533,482.0,497.0
B0BLC7D6ZZ,success,38018,500.0,307.0
B0BLC59X9T,success,88595,496.0,494.0
B0BLBY439T,success,32078,450.0,327.0
B0BLCGPBDM,success,30167,500.0,488.0
B0BLC3268J,success,45593,472.0,455.0
B0BLCT1RRW,success,17104,432.0,375.0
B0BLFJJP1Q,success,27996,690.0,168.0
B0BLG1T9CY,success,20414,321.0,397.0
B0BLGTX7WJ,success,14865,240.0,436.0
B0BLD1HN66,success,35560,423.0,500.0
B0BLCTKMYH,success,47058,472.0,457.0
B0BLGTMM81,success,18621,476.0,291.0
B0BLHNNSGG,success,35132,458.0,206.0
B0BLH3244W,success,25169,472.0,417.0
B0BLGXWK5Z,success,33502,456.0,488.0
B0BLHQC95V,success,31761,436.0,358.0
B0BLMYT778,success,85488,470.0,484.0
B0BLKSX7PG,success,26096,461.0,319.0
B0BLN53WGB,success,39078,470.0,477.0
B0BLNDNBG1,success,38935,500.0,417.0
B0BLNC4NHP,success,52629,477.0,500.0
B0BLGXB8NV,success,65645,500.0,353.0
B0BLNDXQ2S,success,17341,250.0,443.0
B0BLKNHVBC,success,13113,452.0,349.0
B0BLNHCMS7,success,30969,363.0,329.0
B0BLNSXH8G,success,30940,491.0,240.0
B0BLNTMH5D,success,18620,480.0,242.0
B0BLNTDWTW,success,31713,490.0,235.0
B0BLP6C367,success,22287,440.0,436.0
B0BLNS6JPK,success,27608,369.0,495.0
B0BLP952L2,success,25348,482.0,203.0
B0BLRDKRVC,success,57806,500.0,464.0
B0BLNR2N9L,success,33480,487.0,348.0
B0BLRNDDLP,success,16500,460.0,329.0
B0BLP7P9DN,success,21023,418.0,413.0
B0BLSB576V,success,43672,471.0,457.0
B0BLS39BLB,success,63132,489.0,481.0
B0BLSKG86X,success,93383,500.0,492.0
B0BLSTP5QG,success,27583,355.0,398.0
B0BLSSZ62J,success,15368,350.0,441.0
B0BLRWHWLJ,success,14673,490.0,236.0
B0BLV7ZW3Y,success,16814,378.0,272.0
B0BLXTQ1FY,success,22896,351.0,446.0
B0BLTXYYF1,success,46619,467.0,420.0
B0BLVBNQCN,success,39593,485.0,484.0
B0BLVBY561,success,44511,500.0,493.0
B0BLVNSWZB,success,35482,422.0,500.0
B0BLXYGRRG,success,21556,436.0,455.0
B0BLYH7JGP,success,13738,488.0,227.0
B0BLXYDTR1,success,13982,455.0,217.0
B0BLYQ8NJP,success,30124,475.0,197.0
B0BLZ165TK,success,33647,500.0,357.0
B0BLYQKFM6,success,36776,484.0,365.0
B0BLYY3397,success,42063,446.0,355.0
B0BLYWV4FH,success,17789,413.0,421.0
B0BLZ3S8DN,success,48702,488.0,500.0
B0BLZ3MFM3,success,15967,316.0,426.0
B0BM38GCRL,success,41473,498.0,495.0
B0BM3XHV6J,success,15405,321.0,425.0
B0BM43XNTQ,success,35108,462.0,401.0
B0BM3N3YQB,success,41698,441.0,471.0
B0BM5JQ6Q2,success,27611,475.0,480.0
B0BM7F9QY9,success,22855,421.0,458.0
B0BM6N12VN,success,15154,131.0,467.0
B0BM5353Z3,success,25126,493.0,473.0
B0BM8MHSNL,success,47724,486.0,494.0
B0BM8HG921,success,18135,347.0,288.0
B0BM947CFX,success,31459,429.0,408.0
B0BM71PJQ9,success,49792,474.0,415.0
B0BM95ZJD6,success,47091,431.0,499.0
B0BM9ZLML8,success,19355,330.0,492.0
B0BMF81XH2,success,44453,447.0,460.0
B0BMDWX4ZW,success,31261,493.0,224.0
B0BMFB3SQX,success,48707,500.0,497.0
B0BM9Y639B,success,35885,464.0,274.0
B0BMFBQNY7,success,51855,388.0,446.0
B0BMFQLGZD,success,45272,474.0,495.0
B0BM9DQHF6,success,33372,495.0,190.0
B0BMG1TPXC,success,13545,340.0,449.0
B0BMG5QJ82,success,61213,689.0,773.0
B0BMFTBLT4,success,37021,486.0,269.0
B0BMG45PF9,success,39599,389.0,471.0
B0BMKD71WY,success,49081,500.0,500.0
B0BMGBB39B,success,19134,424.0,267.0
B0BMG46PJV,success,45667,454.0,480.0
B0BML42L6X,success,30927,497.0,198.0
B0BMFZN2FY,success,36911,500.0,500.0
B0BML64PXP,success,46771,494.0,499.0
B0BML4HBLG,success,18406,455.0,500.0
B0BMKYV8KW,success,38747,389.0,471.0
B0BMM8S9Q1,success,46142,360.0,500.0
B0BMM9JZD3,success,27113,500.0,484.0
B0BMP6XFB5,success,28460,420.0,327.0
B0BMPR86F4,success,16063,234.0,440.0
B0BMLX4VKQ,success,18681,310.0,410.0
B0BMLF96YV,success,30038,393.0,488.0
B0BMPS5V6H,success,34674,385.0,422.0
B0BMPMT1X9,success,22678,500.0,338.0
B0BMQ4FGKC,success,19653,325.0,279.0
B0BMQ8FCRY,success,32734,448.0,269.0
B0BMPVHCRN,success,24162,433.0,489.0
B0BMPTPXB9,success,37753,500.0,411.0
B0BMQ4VVRR,success,35579,438.0,344.0
B0BMQ9MCWH,success,41855,434.0,320.0
B0BMQ9HLL7,success,44419,460.0,369.0
B0BMQ2LBDJ,success,30582,390.0,300.0
B0BMQFB2HY,success,77499,375.0,480.0
B0BMQP624X,success,32199,470.0,293.0
B0BMQK1GNL,success,57840,486.0,478.0
B0BMQN7L6B,success,42641,414.0,424.0
B0BMR281FK,success,12141,150.0,327.0
B0BMT3936M,success,32160,368.0,332.0
B0BMT8SXJC,success,61327,458.0,468.0
B0BMTL7GQ5,success,31741,499.0,476.0
B0BMTPFLDZ,success,32466,400.0,500.0
B0BMQJ17LB,success,39353,500.0,369.0
B0BMTWS2P3,success,17662,292.0,472.0
B0BMV4HZ5F,success,20664,367.0,273.0
B0BMVBQZ9T,success,17843,322.0,443.0
B0BMVGCQGS,success,18256,286.0,398.0
B0BMWKN3HB,success,7284,472.0,200.0
B0BMVRGKFK,success,39924,493.0,307.0
B0BMVJT946,success,57645,479.0,433.0
B0BMXHRZWF,success,34449,495.0,469.0
B0BMXMNG7G,success,29964,500.0,451.0
B0BMXP1S36,success,37456,498.0,428.0
B0BMYVYLRG,success,19361,370.0,454.0
B0BMYZTZX9,success,22283,395.0,468.0
B0BMZFTYR9,success,31805,378.0,449.0
B0BMZQVNLV,success,45495,500.0,487.0
B0BMZQZXQV,success,35192,336.0,307.0
B0BN1KLPJB,success,11126,230.0,316.0
B0BMYVZCCF,success,17070,360.0,309.0
B0BN11BGDQ,success,37381,462.0,479.0
B0BN1LF4PS,success,39867,500.0,496.0
B0BN1SGD39,success,38350,375.0,482.0
B0BN1PRRJ8,success,28681,500.0,470.0
B0BMZT2Y9T,success,27500,453.0,480.0
B0BN1X16C1,success,36778,453.0,196.0
B0BN2KPKGW,success,17989,432.0,219.0
B0BN2T97YR,success,41644,479.0,469.0
B0BN4JDYB6,success,24665,485.0,132.0
B0BN32HS1G,success,16202,500.0,500.0
B0BN3TB26M,success,44653,447.0,454.0
B0BN4PNNBH,success,31829,488.0,361.0
B0BN534JBB,success,14146,215.0,373.0
B0BN5GS8TM,success,20603,280.0,231.0
B0BN248QTJ,success,9323,153.0,417.0
B0BN5ZN2L8,success,34589,403.0,496.0
B0BN5WQCK3,success,20113,384.0,433.0
B0BN681TH7,success,32205,394.0,484.0
B0BN6DVC5H,success,11744,400.0,144.0
B0BN6GX2LH,success,35283,500.0,475.0
B0BN74ZJDK,success,22058,434.0,443.0
B0BN75WBFG,success,32621,449.0,461.0
B0BN7R1M5X,success,37658,401.0,491.0
B0BN7TS1ZR,success,37350,494.0,430.0
B0BN8J8XD5,success,22709,325.0,500.0
B0BN932FXK,success,14809,251.0,384.0
B0BNBLDKH7,success,35604,471.0,295.0
B0BN8GYV3H,success,24862,476.0,429.0
B0BNC1QBH6,success,18765,289.0,451.0
B0BNB9GFGD,success,32974,489.0,450.0
B0BNCVRR3W,success,10140,480.0,329.0
B0BND4JK93,success,24344,385.0,430.0
B0BND78SWG,success,44972,428.0,470.0
B0BN8HBC59,success,50272,500.0,484.0
B0BNDM8C6R,success,51771,500.0,500.0
B0BNB4CRPS,success,63128,353.0,421.0
B0BNGW4N3W,success,52502,451.0,454.0
B0BNHM3MR3,success,22948,388.0,500.0
B0BNGZ8LSC,success,55682,498.0,407.0
B0BNCXKX3G,success,20724,427.0,379.0
B0BNJHNRJZ,success,32276,493.0,323.0
B0BNHMFXCD,success,54862,469.0,484.0
B0BNHY11QT,success,15545,371.0,480.0
B0BNL2QKZ6,success,22683,354.0,406.0
B0BNKC35JQ,success,27141,471.0,205.0
B0BNKCFBF2,success,51727,482.0,321.0
B0BNL1734J,success,22598,473.0,205.0
B0BNL69B59,success,32344,500.0,355.0
B0BNM282TG,success,24610,422.0,451.0
B0BNN8ZNKX,success,14518,448.0,342.0
B0BNM4WTRZ,success,18961,483.0,343.0
B0BNN7KYTJ,success,43229,463.0,488.0
B0BNNCSH65,success,21148,258.0,487.0
B0BNPYH7HW,success,27964,415.0,467.0
B0BNLN8FBX,success,17649,445.0,179.0
B0BNPKQF2K,success,47506,434.0,491.0
B0BNQ2KQV9,success,39496,493.0,499.0
B0BNTQ9YPD,success,36293,484.0,331.0
B0BNQGXHLJ,success,24195,500.0,325.0
B0BNV9818Q,success,28479,432.0,497.0
B0BNW1QQTM,success,31656,415.0,420.0
B0BNVFS65F,success,46707,486.0,357.0
B0BNVQ9XW8,success,16281,495.0,230.0
B0BNW9S7FH,success,30440,464.0,365.0
B0BNWTB1MQ,success,48912,423.0,492.0
B0BNX9QVXZ,success,46314,500.0,415.0
B0BNXPVWNN,success,14708,435.0,233.0
B0BNX1NG8T,success,68116,500.0,491.0
B0BNYV9SPD,success,42180,500.0,235.0
B0BNZ2785V,success,25794,418.0,500.0
B0BP14FP1G,success,57509,500.0,500.0
B0BP1YXF3R,success,43578,397.0,494.0
B0BP192CNL,success,22630,463.0,489.0
B0BP1QFCB3,success,16570,500.0,343.0
B0BP215G6T,success,21559,323.0,426.0
B0BP29KFWB,success,36043,445.0,489.0
B0BP24YDP1,success,54113,482.0,494.0
B0BP2HDDRD,success,52674,500.0,489.0
B0BP2R8BBQ,success,13321,367.0,450.0
B0BP2RH45Z,success,16001,258.0,458.0
B0BNY1L4JP,success,56026,488.0,485.0
B0BP2GRPGT,success,16397,369.0,415.0
B0BP2QGNZG,success,33506,447.0,487.0
B0BP64H129,success,24523,324.0,351.0
B0BP6V1YWG,success,52826,417.0,473.0
B0BP6HGQV6,success,40217,500.0,402.0
B0BP6WMC1K,success,42947,498.0,383.0
B0BP68TVTP,success,27766,400.0,480.0
B0BP753CYN,success,44850,500.0,500.0
B0BND3RXWC,success,32053,420.0,469.0
B0BP71FV1C,success,32075,386.0,472.0
B0BP7GNWY5,success,24634,359.0,488.0
B0BP88GJVZ,success,23661,236.0,405.0
B0BP843TD6,success,17147,321.0,486.0
B0BP88KVS6,success,24233,416.0,294.0
B0BP9CJGTG,success,22380,439.0,494.0
B0BPBJ6SKW,success,5770,400.0,141.0
B0BPCK48N4,success,46820,484.0,482.0
B0BPDQGY8R,success,44777,434.0,406.0
B0BPHMFH6F,success,45653,500.0,488.0
B0BPBWBRVV,success,35393,424.0,444.0
B0BPH4HPB1,success,35056,500.0,493.0
B0BPBW3PSH,success,25609,390.0,219.0
B0BPHR5YPJ,success,22861,397.0,150.0
B0BPKYYL89,success,42273,424.0,317.0
B0BPL2PXTX,success,12055,453.0,241.0
B0BPLD4VK9,success,9116,480.0,229.0
B0BPLTP446,success,47719,498.0,493.0
B0BPLDVQH6,success,62424,458.0,477.0
B0BPM2Z23H,success,19709,306.0,414.0
B0BPM95GBG,success,21589,485.0,416.0
B0BPMFB14B,success,37626,487.0,403.0
B0BPN2DXC1,success,31025,463.0,345.0
B0BPN33ZX2,success,22898,428.0,231.0
B0BPQFBWBS,success,28406,499.0,380.0
B0BPP3XSH1,success,13990,321.0,291.0
B0BPP7363G,success,26466,405.0,484.0
B0BPQRFHK7,success,39924,464.0,398.0
B0BPRNNV6T,success,39168,500.0,500.0
B0BPRSX5YV,success,9639,199.0,184.0
B0BPRNSKCB,success,20114,345.0,492.0
B0BPSKX1NW,success,27744,405.0,497.0
B0BPS7JXPN,success,15871,500.0,487.0
B0BPSK6ZQS,success,35893,486.0,466.0
B0BPRV2JDW,success,49152,453.0,497.0
B0BPSNQDDT,success,21172,406.0,498.0
B0BPSXJ8M3,success,41353,478.0,448.0
B0BPWSQ5DK,success,5122,191.0,244.0
B0BPX5VQ2M,success,23847,472.0,274.0
B0BPY45GBL,success,36209,470.0,448.0
B0BPWZX5XD,success,47587,489.0,474.0
B0BPX87P84,success,30103,458.0,442.0
B0BPYBVKFH,success,20574,483.0,478.0
B0BQ1TBCX4,success,21008,429.0,477.0
B0BQ22H1QR,success,34592,439.0,353.0
B0BQ2TXRKZ,success,33802,500.0,381.0
B0BQ34J8P4,success,69968,438.0,500.0
B0BQ24XTFY,success,32842,500.0,416.0
B0BQ5DWG97,success,11548,406.0,243.0
B0BQ38B3NC,success,22366,422.0,486.0
B0BQ1CQ3YR,success,26862,481.0,453.0
B0BQ5JSF1M,success,23278,334.0,490.0
B0BQ5TL7CY,success,27640,371.0,314.0
B0BQ6867GZ,success,66544,498.0,288.0
B0BQ6PVB8S,success,23801,500.0,445.0
B0BQ6VRLCX,success,41035,460.0,440.0
B0BQ8NZ119,success,26762,476.0,399.0
B0BQC7892K,success,27301,424.0,495.0
B0BQCF4N32,success,23575,376.0,453.0
B0BQ6FH49Y,success,32384,447.0,460.0
B0BQD416KP,success,44685,496.0,484.0
B0BQD5Z314,success,50131,500.0,476.0
B0BQDTZDP6,success,42596,433.0,482.0
B0BQF1N375,success,22883,496.0,394.0
B0BQDN7JB5,success,17739,490.0,285.0
B0BQBMWTSR,success,46664,471.0,498.0
B0BQHDYN2Y,success,28918,444.0,432.0
B0BQHG5TDN,success,37154,431.0,265.0
B0BQHWCQXC,success,36783,427.0,483.0
B0BQHCLDB5,success,53153,500.0,474.0
B0BQHZL4Q6,success,25447,451.0,382.0
B0BPC448L7,success,34577,411.0,376.0
B0BQJ77CTM,success,25536,384.0,472.0
B0BQJWKBMF,success,24715,486.0,490.0
B0BQLKNVXX,success,15534,317.0,355.0
B0BQLLB61B,success,16064,348.0,299.0
B0BQLNCJ5W,success,39038,498.0,475.0
B0BQQ234HZ,success,15390,175.0,438.0
B0BQMDHJV3,success,24749,500.0,344.0
B0BQQ4NDH9,success,42228,485.0,483.0
B0BQTKVGS8,success,12880,296.0,447.0
B0BQR3KPN2,success,25692,498.0,251.0
B0BQWJHH4D,success,16803,500.0,456.0
B0BQYHF2GG,success,61219,500.0,493.0
B0BR15MYJK,success,37322,500.0,489.0
B0BQYWBPSH,success,37345,421.0,497.0
B0BQZSF6WB,success,45427,495.0,418.0
B0BR372RW9,success,25567,319.0,404.0
B0BQW4MDXF,success,31884,422.0,465.0
B0BR43BZVC,success,53857,477.0,500.0
B0BR4G2SL3,success,40313,489.0,429.0
B0BR3QSQPG,success,40020,474.0,417.0
B0BQMFNL2W,success,58430,500.0,399.0
B0BR525W2N,success,33739,418.0,492.0
B0BR5D1PY5,success,35403,496.0,460.0
B0BR5856K9,success,21038,414.0,395.0
B0BR16Y8MR,success,39102,473.0,457.0
B0BR5MSKNL,success,32542,345.0,397.0
B0BR725PC4,success,32181,491.0,435.0
B0BR7MNJ7N,success,25450,363.0,435.0
B0BR78971J,success,39254,500.0,308.0
B0BR7PT91W,success,26423,500.0,374.0
B0BR7QWW7N,success,27685,402.0,421.0
B0BR7T7PJP,success,19718,284.0,496.0
B0BR5G8ZZZ,success,46519,500.0,493.0
B0BR854XD5,success,35998,489.0,427.0
B0BR8VH914,success,21340,381.0,489.0
B0BR96V55Q,success,30413,377.0,462.0
B0BR9M2GQN,success,21619,500.0,248.0
B0BR8WSMV8,success,45011,479.0,392.0
B0BR9PX57X,success,31300,408.0,446.0
B0BR8821Q7,success,40605,420.0,498.0
B0BR89N1H7,success,38651,437.0,458.0
B0BR9N1PV4,success,33845,495.0,300.0
B0BRCXSDD9,success,24180,441.0,361.0
B0BRD1M62S,success,21559,323.0,426.0
B0BQ79PC5Q,success,52027,500.0,483.0
B0BRH3JTWJ,success,16429,403.0,469.0
B0BRJ8M7SK,success,51079,500.0,367.0
B0BRKK9SK6,success,18630,370.0,418.0
B0BRCJV7QX,success,39437,456.0,493.0
B0BRKPWQGC,success,51302,500.0,483.0
B0BRK69V38,success,42942,420.0,497.0
B0BRKXMVM1,success,27769,422.0,488.0
B0BRLG6L4S,success,26598,465.0,350.0
B0BRL5KJ96,success,40622,447.0,499.0
B0BRKQ7W9P,success,38666,464.0,498.0
B0BRMV85ZK,success,26445,494.0,474.0
B0BRN2JNRJ,success,49826,462.0,451.0
B0BRMMN3B7,success,25109,468.0,136.0
B0BRP9QWRR,success,34052,437.0,350.0
B0BRNH5BGZ,success,71173,480.0,401.0
B0BRNTHSLP,success,57688,500.0,393.0
B0BRPRQJ1D,success,46947,494.0,455.0
B0BRPVCW8F,success,49904,477.0,426.0
B0BRQ76333,success,66114,469.0,492.0
B0BRR8T4FH,success,22296,437.0,296.0
B0BRQ4BKH7,success,43616,191.0,500.0
B0BRP5W1SY,success,72982,500.0,397.0
B0BRQZFQ35,success,38742,500.0,492.0
B0BRRN8CN5,success,27454,312.0,438.0
B0BRS4KZ93,success,32429,500.0,330.0
B0BRSFH526,success,23736,461.0,392.0
B0BRSS1T9W,success,15219,493.0,112.0
B0BRXDKL7J,success,19436,349.0,480.0
B0BRX87YRD,success,22349,500.0,296.0
B0BRXFFXMC,success,15807,436.0,220.0
B0BRTRHQKX,success,33829,362.0,424.0
B0BRXFP8YN,success,15700,436.0,220.0
B0BRXGRWPJ,success,57420,468.0,497.0
B0BRXHK2C6,success,53960,492.0,463.0
B0BRXZ6ZMP,success,43635,484.0,428.0
B0BRXRQGML,success,59714,493.0,387.0
B0BRSH2FVW,success,23141,456.0,414.0
B0BRXZDBXZ,success,39510,496.0,398.0
B0BRYVZ6VN,success,12933,438.0,275.0
B0BRXZTF5G,success,26906,498.0,411.0
B0BRZ7P6T1,success,17657,437.0,363.0
B0BRXJ655D,success,44001,500.0,500.0
B0BRYWDR63,success,36708,499.0,317.0
B0BRZ7Y1MH,success,19516,460.0,379.0
B0BRYY9DKB,success,23129,300.0,482.0
B0BRYWHNFL,success,22442,292.0,492.0
B0BRZXNLP4,success,34235,495.0,335.0
B0BRZZ7SCB,success,45580,500.0,500.0
B0BS1B5GL9,success,26912,380.0,487.0
B0BS22ZZY8,success,13098,262.0,397.0
B0BRZW575H,success,31376,412.0,483.0
B0BRZX4F7L,success,45021,470.0,465.0
B0BS11ZQYC,success,52298,481.0,435.0
B0BS3TC8S2,success,16513,500.0,286.0
B0BS2N18BT,success,20211,417.0,389.0
B0BS36P2M2,success,35196,500.0,500.0
B0BS4SNRMS,success,18601,423.0,495.0
B0BS1QXF6M,success,43119,499.0,500.0
B0BS3SYYBP,success,35138,482.0,500.0
B0BS62YV6Z,success,23421,446.0,279.0
B0BS6WN3YK,success,36512,423.0,497.0
B0BS77GKNV,success,12643,248.0,453.0
B0BS78SGNN,success,25097,464.0,208.0
B0BS8YHSVT,success,23408,411.0,348.0
B0BS9314D2,success,21611,354.0,406.0
B0BS38FMPH,success,58183,483.0,488.0
B0BS8RPM5D,success,56520,500.0,419.0
B0BS7758VQ,success,18532,497.0,236.0
B0BSC4X3N1,success,27693,379.0,484.0
B0BS9PM7CY,success,18907,345.0,453.0
B0BSDJQV5D,success,7635,468.0,89.0
B0BSB17J1V,success,9894,182.0,374.0
B0BSDT6YYJ,success,16559,367.0,463.0
B0BSF7VS4R,success,41892,489.0,476.0
B0BSFTQX1Z,success,22814,500.0,299.0
B0BS9HZLT4,success,38855,487.0,363.0
B0BSH5HC46,success,32075,418.0,327.0
B0BSLJBXTZ,success,50922,499.0,500.0
B0BSG34M27,success,34626,496.0,387.0
B0BSGTN5YB,success,31786,397.0,474.0
B0BSDMQ2T1,success,19180,437.0,445.0
B0BSML2VS2,success,25408,462.0,436.0
B0BSMN4SDM,success,52707,467.0,462.0
B0BSQTD5PN,success,24457,255.0,430.0
B0BSNY7KPS,success,29246,369.0,482.0
B0BSRGYNWV,success,16400,271.0,376.0
B0BSPSMK7D,success,38558,373.0,436.0
B0BSRQJ1Y2,success,35142,479.0,373.0
B0BSXKD388,success,35641,500.0,500.0
B0BT6PSVRZ,success,24356,292.0,471.0
B0BSNBL2FP,success,53978,500.0,500.0
B0BSNZJGTX,success,26851,446.0,217.0
B0BT76RRWB,success,32708,201.0,483.0
B0BT9C7ZTP,success,19885,319.0,462.0
B0BT9KCJC4,success,25785,360.0,500.0
B0BT523J3R,success,36760,456.0,313.0
B0BT6YPGQC,success,55020,500.0,414.0
B0BT9SRHFD,success,36626,472.0,469.0
B0BTBTCD65,success,24625,483.0,310.0
B0BT9V1P74,success,23006,461.0,391.0
B0BT9TJF2C,success,62924,500.0,500.0
B0BTBJWVKC,success,69785,497.0,382.0
B0BTBYHCGB,success,38955,476.0,499.0
B0BTCLFDHM,success,15435,218.0,327.0
B0BTHC61G4,success,39712,406.0,500.0
B0BTHQKHFP,success,35194,480.0,479.0
B0BTBXL8SH,success,38537,309.0,496.0
B0BTJ5D9FD,success,32023,342.0,450.0
B0BTHX5RWV,success,23864,463.0,500.0
B0BTHLBG28,success,26417,423.0,493.0
B0BTLR8X2L,success,25568,462.0,483.0
B0BTKV6QL9,success,35617,482.0,355.0
B0BTLSMVNY,success,22446,426.0,474.0
B0BTM1DTM7,success,15997,430.0,208.0
B0BTNLX94L,success,24760,317.0,478.0
B0BTJBXCWZ,success,52610,449.0,500.0
B0BTMJXVCT,success,15640,309.0,398.0
B0BTNMB2BQ,success,29495,357.0,493.0
B0BTNW9KST,success,29570,472.0,488.0
B0BTP4Q66G,success,14161,324.0,285.0
B0BTNZS6JZ,success,55468,500.0,500.0
B0BTP3N2HC,success,12536,295.0,392.0
B0BTT5147K,success,32182,460.0,308.0
B0BTVBRKHS,success,59809,500.0,496.0
B0BTVK6NX1,success,48255,500.0,500.0
B0BTPBBRD6,success,48001,400.0,437.0
B0BTP9V693,success,16662,360.0,479.0
B0BTLN9QH9,success,50951,478.0,488.0
B0BTPMCL68,success,28206,470.0,270.0
B0BTV39NV3,success,17547,358.0,380.0
B0BTVTJNFX,success,23280,354.0,465.0
B0BTWS1FPD,success,42288,466.0,494.0
B0BTWSTQC6,success,22859,477.0,278.0
B0BTY4V59H,success,20844,418.0,310.0
B0BTXYC438,success,19082,404.0,448.0
B0BTY9GGP7,success,22289,388.0,491.0
B0BTYBZPY5,success,28424,434.0,352.0
B0BV13HXXN,success,33979,474.0,286.0
B0BTYPGJFX,success,24604,500.0,299.0
B0BV25ZQW3,success,12130,209.0,432.0
B0BV2BDGV7,success,14635,380.0,412.0
B0BV2GS3Z3,success,16102,198.0,313.0
B0BV17S7H5,success,24541,430.0,493.0
B0BV2M6H6H,success,17691,498.0,238.0
B0BV2N6KDF,success,14730,283.0,285.0
B0BV2YBX3Q,success,13299,262.0,345.0
B0BV5NRPM5,success,26974,370.0,425.0
B0BTYMPPJC,success,32032,482.0,266.0
B0BV2WRMHR,success,64884,489.0,438.0
B0BV4ZQGLV,success,23659,410.0,499.0
B0BV612H8F,success,23768,470.0,262.0
B0BV5VZ62R,success,61132,500.0,371.0
B0BV6MT8PS,success,22048,274.0,478.0
B0BV66XCC3,success,39058,497.0,314.0
B0BV6KZ9R7,success,21682,435.0,389.0
B0BV6ZBZ8N,success,23873,428.0,371.0
B0BV6W16MV,success,11057,484.0,176.0
B0BV6NCC7V,success,54854,500.0,315.0
B0BVBDXFHM,success,26584,480.0,252.0
B0BV9CG6TZ,success,35383,500.0,500.0
B0BV9LMV43,success,57411,500.0,500.0
B0BVBFPD2X,success,18871,493.0,162.0
B0BV9YD4CP,success,15206,486.0,172.0
B0BVB31JR5,success,34273,391.0,478.0
B0BVBHFNSF,success,39887,500.0,485.0
B0BVBT7LMR,success,26875,428.0,491.0
B0BVCT1YKT,success,34336,500.0,500.0
B0BVBB5DD6,success,29932,338.0,482.0
B0BVH7G8RG,success,19067,430.0,433.0
B0BVFKTM6Z,success,34465,441.0,498.0
B0BVLCYJNM,success,20096,494.0,276.0
B0BVLP1R46,success,65298,375.0,500.0
B0BVLQYCDQ,success,25087,330.0,432.0
B0BVMCKTQN,success,46988,500.0,462.0
B0BVMFZCS2,success,16722,489.0,364.0
B0BVM1VDSC,success,47988,500.0,500.0
B0BVBXYWV5,success,20869,500.0,500.0
B0BVMG27M9,success,46428,476.0,500.0
B0BVP24RPQ,success,22883,496.0,394.0
B0BVQ9LDN5,success,64894,494.0,464.0
B0BVQFD3PH,success,17882,477.0,383.0
B0BVPT6QJ4,success,19375,424.0,406.0
B0BVQQY5KD,success,48143,500.0,460.0
B0BVR7B323,success,20408,426.0,386.0
B0BVR81LYV,success,29850,352.0,471.0
B0BVR967W9,success,37580,477.0,359.0
B0BVQLLGMP,success,13175,317.0,237.0
B0BVSM2VW5,success,27830,466.0,404.0
B0BVFNY64D,success,33624,459.0,495.0
B0BVTLLP85,success,40795,450.0,345.0
B0BVV1TT5W,success,26267,489.0,500.0
B0BVTGVS3M,success,54694,500.0,491.0
B0BVVR1YSK,success,28455,459.0,329.0
B0BVVSJJHW,success,40510,495.0,347.0
B0BVT19J7H,success,12617,417.0,200.0
B0BVW34MJ2,success,29951,432.0,296.0
B0BVW2YHDB,success,20521,454.0,317.0
B0BVYLGXJ5,success,10684,380.0,372.0
B0BVW9K8NP,success,25051,497.0,430.0
B0BVYXGBK5,success,18656,377.0,419.0
B0BVZZ36ZL,success,18414,431.0,298.0
B0BVZHFST7,success,46564,494.0,497.0
B0BW1PP5DY,success,26028,444.0,457.0
B0BW114WNW,success,11066,188.0,468.0
B0BW34L8FR,success,35190,487.0,467.0
B0BW3NJNG8,success,24162,437.0,261.0
B0BW3LPSTK,success,49174,500.0,500.0
B0BW38M95V,success,50416,494.0,369.0
B0BW3TF1ZW,success,37334,498.0,296.0
B0BW41SM2D,success,11795,485.0,236.0
B0BW4PFM58,success,30299,462.0,325.0
B0BW5QXKQ4,success,35570,416.0,483.0
B0BW85W1YX,success,37434,468.0,369.0
B0BW8KNM1S,success,46205,496.0,342.0
B0BW5ZM25L,success,27180,276.0,426.0
B0BW8QXBRY,success,29573,448.0,496.0
B0BW8Y9656,success,28490,391.0,491.0
B0BW8Z9D98,success,69674,453.0,488.0
B0BW3Z5J2J,success,35970,446.0,364.0
B0BWBC2GLD,success,9413,206.0,360.0
B0BWDLXJY7,success,53717,500.0,500.0
B0BWF294YQ,success,44595,325.0,468.0
B0BWFDFH3Y,success,22629,381.0,455.0
B0BWFKYSX4,success,17040,390.0,257.0
B0BWFRKGDQ,success,28106,400.0,252.0
B0BWK3TW8T,success,15524,301.0,406.0
B0BWK1GGLX,success,55011,776.0,704.0
B0BWLTM2TR,success,12407,465.0,215.0
B0BWK6S7D6,success,41193,429.0,497.0
B0BWN72DL7,success,27079,336.0,480.0
B0BWN2ZMW3,success,48662,495.0,479.0
B0BWN686VB,success,38085,496.0,498.0
B0BWH622SJ,success,36995,445.0,330.0
B0BWNL9HG5,success,45738,499.0,287.0
B0BWJKD3T2,success,32176,493.0,329.0
B0BWQ3443T,success,40207,406.0,326.0
B0BWQC7ZFR,success,25756,410.0,327.0
B0BWRFG7DV,success,49327,499.0,281.0
B0BWQKBX1N,success,38874,500.0,455.0
B0BWRH8VYM,success,52293,500.0,500.0
B0BWS1MNN9,success,39765,486.0,492.0
B0BWS8PNBY,success,30112,496.0,474.0
B0BWV4MXQG,success,41945,454.0,348.0
B0BWXL7TS9,success,33639,419.0,500.0
B0BWY2BVKZ,success,44636,499.0,465.0
B0BWYJJLSF,success,21125,465.0,167.0
B0BWV2F5HG,success,36172,487.0,398.0
B0BWY4X5FV,success,56964,483.0,495.0
B0BWYLJ421,success,34328,497.0,349.0
B0BWYY5H5M,success,25234,338.0,409.0
B0BX2YCCDZ,success,33230,477.0,379.0
B0BX2W7SJS,success,55400,500.0,500.0
B0BWV5L9JP,success,30538,424.0,263.0
B0BX22BWTD,success,16098,388.0,259.0
B0BX4HM3Z6,success,36212,450.0,489.0
B0BX3VK1Z6,success,32938,459.0,322.0
B0BX5288JQ,success,27793,424.0,475.0
B0BX74LYLM,success,29737,484.0,295.0
B0BX6F1Q43,success,38758,404.0,476.0
B0BX7SKM9L,success,28518,423.0,301.0
B0BX7X72GJ,success,19671,457.0,500.0
B0BX8XW9CH,success,31942,386.0,402.0
B0BX85LFW8,success,31662,467.0,325.0
B0BX9MH57G,success,32820,367.0,499.0
B0BXB939JF,success,31269,238.0,436.0
B0BXBP94BD,success,42247,491.0,484.0
B0BXBYC11X,success,26577,492.0,438.0
B0BXC6S9LS,success,15584,450.0,218.0
B0BXC8VBT9,success,32010,364.0,475.0
B0BX85HZB7,success,12538,235.0,456.0
B0BXCWK8GP,success,15211,274.0,374.0
B0BX9T55B4,success,45317,500.0,487.0
B0BXD21XHQ,success,23277,421.0,252.0
B0BXD34MSH,success,53401,500.0,460.0
B0BXCZB3HM,success,35458,490.0,479.0
B0BXDDQPFX,success,39046,414.0,486.0
B0BXDQ5JKR,success,20041,353.0,447.0
B0BXDZVPQ5,success,33794,375.0,284.0
B0BXJ586PY,success,25902,500.0,404.0
B0BXKW12KV,success,46865,500.0,322.0
B0BXL2H5PD,success,38718,500.0,348.0
B0BXLCC4V6,success,28110,264.0,454.0
B0BXM18YDP,success,19532,334.0,435.0
B0BXM4RTZ4,success,23190,493.0,313.0
B0BXMXV3TT,success,29229,500.0,500.0
B0BXNVZJNP,success,35574,500.0,466.0
B0BXLYFVDM,success,42546,486.0,444.0
B0BXNXDMF5,success,12065,304.0,258.0
B0BXLYHF9P,success,20375,257.0,463.0
B0BXQ9Y15K,success,16834,297.0,387.0
B0BXQ4P7BG,success,26923,327.0,273.0
B0BXQNRTXX,success,20533,362.0,290.0
B0BXSHF62G,success,8590,79.0,467.0
B0BXSM1QNS,success,29680,478.0,336.0
B0BXRKKXDG,success,30805,376.0,394.0
B0BXT57N3R,success,29341,467.0,349.0
B0BXKQVPTN,success,59481,500.0,397.0
B0BXT863XV,success,23500,426.0,498.0
B0BXSDJR7X,success,15309,285.0,486.0
B0BXTB8R69,success,42865,497.0,500.0
B0BXX8QLV5,success,32943,500.0,486.0
B0BXXHD8NZ,success,39745,482.0,394.0
B0BXX85J3Y,success,34264,453.0,493.0
B0BXXS51NG,success,38541,457.0,292.0
B0BXT9S5NK,success,39081,498.0,499.0
B0BXYXD1Q2,success,24088,482.0,186.0
B0BY19KZ41,success,35945,409.0,428.0
B0BY1P9DNS,success,22462,468.0,419.0
B0BXY3HBP8,success,34720,481.0,500.0
B0BY2SBFXH,success,32270,386.0,478.0
B0BY2TFWWW,success,18504,325.0,366.0
B0BXXSH5DG,success,30816,488.0,500.0
B0BY32J7TK,success,20956,467.0,390.0
B0BY3BXJG8,success,34635,396.0,493.0
B0BY2Z27LC,success,25485,460.0,297.0
B0BY2D3GN2,success,36916,465.0,462.0
B0BY7YCL57,success,42837,500.0,397.0
B0BY3Z75C8,success,42034,475.0,323.0
B0BY865FJJ,success,46028,462.0,349.0
B0BYCZKL5S,success,29100,380.0,442.0
B0BY2XGBCZ,success,26312,436.0,304.0
B0BYD74VS8,success,34315,500.0,392.0
B0BYDZRVZ8,success,36557,413.0,492.0
B0BYDZLYZB,success,38947,412.0,489.0
B0BY8N7HHG,success,66232,500.0,445.0
B0BYGCWXGR,success,29431,488.0,214.0
B0BYF15B55,success,56255,473.0,484.0
B0BYJ19ZG9,success,32700,500.0,214.0
B0BYJG18JC,success,13844,476.0,201.0
B0BYJSHNQ6,success,33466,419.0,460.0
B0BYM97P5W,success,50396,409.0,326.0
B0BYKKW1GF,success,42653,494.0,340.0
B0BYMKPJS7,success,20178,307.0,407.0
B0BYN8JQ4P,success,19312,445.0,363.0
B0BYP2GVDG,success,25764,442.0,449.0
B0BYRMDDCP,success,50862,491.0,368.0
B0BYRSGMT7,success,24616,333.0,440.0
B0BYRZKDQ9,success,20015,500.0,286.0
B0BYSBT5CV,success,23970,274.0,431.0
B0BYSG291N,success,9253,422.0,228.0
B0BYSG2G3P,success,6282,359.0,200.0
B0BYSKLWHY,success,20593,371.0,500.0
B0BYSMDVZ2,success,12871,269.0,363.0
B0BYSP5LYF,success,9415,408.0,199.0
B0BYSR986M,success,12934,358.0,140.0
B0BYSV68P2,success,15836,380.0,419.0
B0BYSZPNCH,success,22021,338.0,451.0
B0BYSXD4DZ,success,49919,492.0,383.0
B0BYSP9676,success,16583,431.0,416.0
B0BYYD83Z7,success,36827,496.0,362.0
B0BYYMRRJC,success,32294,452.0,272.0
B0BYVZYH9B,success,16588,447.0,336.0
B0BYZ7VY8J,success,60733,465.0,475.0
B0BYZ3MR2G,success,47530,440.0,461.0
B0BYZH7T4W,success,31496,490.0,376.0
B0BYZB74VD,success,19293,471.0,418.0
B0BYVZYK4N,success,37090,465.0,373.0
B0BYZHYSLR,success,36774,365.0,469.0
B0BYZRC764,too_small,1819,,
B0BZ22NSPY,success,16922,363.0,464.0
B0BYYR2SJL,success,21274,452.0,405.0
B0BYZQNC3Z,success,53552,483.0,488.0
B0BZ3CQXQ1,success,35283,500.0,448.0
B0BZ3J6XD6,success,29987,368.0,491.0
B0BZ43B6WV,success,19392,487.0,303.0
B0BZ49NHW2,success,33508,399.0,499.0
B0BZ4LFPY6,success,39270,494.0,485.0
B0BZ4MVMF3,success,29822,492.0,322.0
B0BZ4LH5MB,success,19919,348.0,500.0
B0BZ3HWXWM,success,22072,460.0,337.0
B0BZ4SLGQF,success,17443,500.0,274.0
B0BZ4Q3YM2,success,24317,322.0,463.0
B0BZ5167PP,success,52156,460.0,385.0
B0BZ4V2PRC,success,34469,434.0,282.0
B0BZ5C5QNB,success,11381,500.0,288.0
B0BZ43P36B,success,41493,500.0,500.0
B0BZ57TZWL,success,19210,363.0,461.0
B0BZ5R6NYK,success,17204,483.0,226.0
B0BZ6SSTFG,success,36960,485.0,341.0
B0BZ7F8KH9,success,37740,407.0,479.0
B0BZ73MNFN,success,47725,465.0,362.0
B0BZ6XH3LC,success,16357,358.0,434.0
B0BZ81WVFQ,success,50505,489.0,477.0
B0BZ7X38V1,success,38924,500.0,359.0
B0BZ7KLKRD,success,39514,486.0,301.0
B0BZ8NP4RX,success,23751,500.0,449.0
B0BZ8YV9R6,success,40023,492.0,479.0
B0BZBFDY5J,success,18396,478.0,384.0
B0BZ944K9M,success,54764,500.0,500.0
B0BZC26QJ6,success,29939,405.0,247.0
B0BZDL311H,success,36078,218.0,406.0
B0BZFVRSQB,success,27001,469.0,320.0
B0BZH7C82M,success,34207,500.0,482.0
B0BZGY3MPS,success,26462,390.0,461.0
B0BZHM9JD9,success,12742,494.0,200.0
B0BZJKZMFV,success,27475,333.0,500.0
B0BZJKZS6M,success,14939,248.0,352.0
B0BZJN9FGD,success,24682,448.0,497.0
B0BZJZKQQQ,success,40774,440.0,455.0
B0BZHMN9WQ,success,63214,497.0,397.0
B0BZKKY978,success,60463,500.0,390.0
B0BZNM5TLV,success,54508,500.0,377.0
B0BZHMK2Y9,success,33368,500.0,216.0
B0BZNPRKXG,success,24983,327.0,475.0
B0BZP5Q894,success,53307,500.0,346.0
B0BZPKYN9C,success,34415,500.0,442.0
B0BZPN2CVG,success,58394,497.0,494.0
B0BZQ8FW4F,success,54316,397.0,480.0
B0BZRT993P,success,12157,500.0,251.0
B0BZRLC348,success,48996,500.0,404.0
B0BZS2BKXB,success,21746,298.0,480.0
B0BZP7BM9R,success,40658,498.0,485.0
B0BZP7PJ9G,success,31251,436.0,470.0
B0BZVC44MT,success,51623,500.0,388.0
B0BZSB33DJ,success,23827,344.0,360.0
B0BZSL72XJ,success,34362,500.0,229.0
B0BZSF453C,success,54219,493.0,500.0
B0BZVXWGYZ,success,43012,472.0,488.0
B0BZWHZJSX,success,50185,500.0,500.0
B0BZVGQ1M3,success,41654,475.0,500.0
B0BZWRQ7W5,success,17448,295.0,459.0
B0BZYV7R9C,success,39209,489.0,358.0
B0BZWWH97L,success,21194,334.0,360.0
B0BZYVLMFT,success,51061,500.0,500.0
B0BZYYCD2J,success,17009,500.0,368.0
B0C13K6VCH,success,29385,374.0,483.0
B0C132XYKK,success,18691,424.0,432.0
B0C14B1K8N,success,34003,500.0,493.0
B0BZYQG194,success,31417,493.0,233.0
B0C162CNHS,success,26225,443.0,366.0
B0C17KZSBF,success,86518,498.0,496.0
B0C199GZC6,success,22955,421.0,475.0
B0C1B8TYFS,success,41466,432.0,383.0
B0C173Y76W,success,57790,439.0,392.0
B0C1BSJRYB,success,54817,575.0,728.0
B0C1BY2QP3,success,37798,413.0,489.0
B0C1C6B16Y,success,32464,441.0,461.0
B0C1GNVZ7G,success,46501,484.0,465.0
B0C1HYPS16,success,23045,500.0,500.0
B0C1G4P1SR,success,32151,500.0,500.0
B0C1HTTT8K,success,25680,490.0,282.0
B0C1J4XGB1,success,63127,500.0,451.0
B0C1GLCLBL,success,24424,452.0,265.0
B0C1KX2J75,success,18782,402.0,457.0
B0C1MLGTN3,success,20225,337.0,465.0
B0C1NFW1HT,success,16363,372.0,308.0
B0C1MN3VCP,success,48215,500.0,487.0
B0C1NR6NHV,success,19375,383.0,289.0
B0C1NP5KYD,success,37605,483.0,394.0
B0C1NM3S2D,success,35637,498.0,454.0
B0C1NQ5LLZ,success,36985,427.0,500.0
B0C1NRVQ4S,success,17647,176.0,416.0
B0C1NTZL1J,success,25203,196.0,493.0
B0C1NMZVHD,success,19729,322.0,406.0
B0C1R8XXNW,success,34655,442.0,463.0
B0C1RGFM7F,success,29429,420.0,270.0
B0C1SGKMSQ,success,37786,500.0,490.0
B0C1S82FBM,success,25403,304.0,459.0
B0C1SLGPDC,success,32462,461.0,494.0
B0C1TQTV2N,success,24365,406.0,370.0
B0C1VF83HY,success,12209,225.0,338.0
B0C1PG19DF,success,18192,398.0,488.0
B0C1W3S9DW,success,38132,500.0,500.0
B0C1TWNBGD,success,51244,500.0,451.0
B0C1YFZFR2,success,12317,477.0,282.0
B0C1YVX1G2,success,19440,366.0,351.0
B0C1YTL8FL,success,19303,284.0,392.0
B0C1THWLST,success,37523,466.0,365.0
B0C1Z77FCY,success,35605,485.0,462.0
B0C1ZHJRGB,success,48335,406.0,493.0
B0C1Z2FM57,success,42789,463.0,465.0
B0C23615W9,success,33050,500.0,500.0
B0C236GWV3,success,29597,500.0,500.0
B0C23BP9FB,success,24825,421.0,492.0
B0C23XLDGZ,success,42733,385.0,467.0
B0C22S6SNL,success,59528,434.0,461.0
B0C23J2B32,success,68232,681.0,783.0
B0C1ZW55FF,success,24563,437.0,368.0
B0C23YF7JG,success,51683,500.0,438.0
B0C26VTZKC,success,37376,500.0,413.0
B0C26STM6W,success,13275,457.0,167.0
B0C27F3TL8,success,47621,500.0,500.0
B0C27G7WRX,success,29597,500.0,500.0
B0C27GSXL4,success,27959,500.0,377.0
B0C274N83W,success,38107,425.0,494.0
B0C27TLC3D,success,28973,375.0,453.0
B0C241PT3V,success,43195,472.0,471.0
B0C289FD6Y,success,29982,225.0,337.0
B0C288GPRR,success,43933,500.0,470.0
B0C2836TN3,success,43335,453.0,308.0
B0C29W8B7P,success,27510,441.0,236.0
B0C281CS3K,success,32279,500.0,500.0
B0C2BVCBRV,success,28978,446.0,484.0
B0C2CJ136N,success,20233,228.0,393.0
B0C2CR23T1,success,42060,454.0,384.0
B0C2CSY9FN,success,30684,490.0,288.0
B0C2HB2BR1,success,37415,476.0,495.0
B0C2HJQTGJ,success,44167,477.0,422.0
B0C2GZJRDC,success,28019,462.0,442.0
B0C2CQ1NYZ,success,40000,438.0,386.0
B0C2HMMY81,success,28878,458.0,500.0
B0C2GQGL48,success,22172,326.0,386.0
B0C2HT7NPY,success,46701,495.0,492.0
B0C2LB7SB8,success,41117,419.0,327.0
B0C2MNJKGM,success,25389,273.0,485.0
B0C2KMTD17,success,42918,469.0,496.0
B0C281Q6XQ,success,39943,500.0,489.0
B0C2P7CNWG,success,14379,441.0,224.0
B0C2P4KMGT,success,27473,425.0,492.0
B0C2PDLXLG,success,20937,377.0,476.0
B0C2NDRLJM,success,37155,500.0,443.0
B0C2Q17PND,success,43280,397.0,486.0
B0C2P8Z9S2,success,42353,500.0,500.0
B0C2PCKXTS,success,39455,448.0,467.0
B0C2Q8BDTX,success,46269,491.0,473.0
B0C2TJKYC2,success,23316,476.0,401.0
B0C2TK8NB4,success,27211,475.0,432.0
B0C2TWYYVK,success,35094,379.0,500.0
B0C2V82YHC,success,29638,396.0,462.0
B0C2PXVY2N,success,46866,486.0,496.0
B0C2TZSCPT,success,29996,468.0,347.0
B0C2VCQT3R,success,68826,477.0,470.0
B0C2VRQJMS,success,23762,435.0,478.0
B0C2W35TDM,success,30342,437.0,217.0
B0C2W1BJCZ,success,42980,433.0,490.0
B0C2WWCBSG,success,31411,431.0,328.0
B0C2X6FJ7B,success,24652,417.0,307.0
B0C2Y7JDGD,success,27518,497.0,468.0
B0C2YH2YYQ,success,30490,357.0,500.0
B0C2V25NCH,success,54165,495.0,500.0
B0C2YHWXHH,success,26942,261.0,450.0
B0C2YN65K1,success,26413,494.0,323.0
B0C2Z2HX4L,success,23863,403.0,486.0
B0C2ZMJW53,success,47718,473.0,413.0
B0C31YWBWG,success,25295,463.0,280.0
B0C313QDFQ,success,42472,500.0,433.0
B0C31YG6QM,success,25386,438.0,252.0
B0C324GR4Y,success,26597,469.0,304.0
B0C328PXR8,success,17401,500.0,459.0
B0C32DSB7H,success,17436,355.0,455.0
B0C33Y9Q9L,success,35845,478.0,390.0
B0C33VP3T6,success,34118,433.0,478.0
B0C33XZ87P,success,45689,492.0,420.0
B0C334DW7G,success,29620,369.0,438.0
B0C329ZY4T,success,17832,358.0,442.0
B0C3426RYC,success,30506,491.0,273.0
B0C35WV7TH,success,32450,500.0,346.0
B0C363KWW3,success,12455,323.0,166.0
B0C37HS911,success,33095,455.0,298.0
B0C388ZN9X,success,27333,323.0,484.0
B0C373P4M7,success,21054,465.0,380.0
B0C36JZG6Y,success,51284,500.0,449.0
B0C31NFYDZ,success,16696,364.0,447.0
B0C39S6Y3L,success,45209,500.0,500.0
B0C391MZZS,success,41533,494.0,500.0
B0C39W66W1,success,3351,112.0,176.0
B0C39XH7F7,success,25563,464.0,483.0
B0C3B6L3LM,success,17682,334.0,483.0
B0C3BW148Q,success,38136,493.0,294.0
B0C3BJTC68,success,18559,385.0,498.0
B0C32SMPNP,success,15268,446.0,343.0
B0C3D54J1D,success,35094,366.0,481.0
B0C3DCRL4G,success,25518,493.0,320.0
B0C3DPTQBX,success,31690,394.0,500.0
B0C3GGLNBZ,success,36706,497.0,465.0
B0C3GM8JQC,success,28920,310.0,500.0
B0C3GSXJDJ,success,17000,457.0,349.0
B0C3GTTRRM,success,32927,500.0,456.0
B0C3GVF5H9,success,22986,492.0,443.0
B0C3D73XBL,success,33143,500.0,464.0
B0C3H2SV75,success,24867,326.0,483.0
B0C3GZ5131,success,11483,404.0,483.0
B0C3HFS6XC,success,36513,458.0,480.0
B0C3HT7K5G,success,13622,499.0,325.0
B0C3HR1JJK,success,30840,359.0,484.0
B0C3HVLMZD,success,28414,432.0,456.0
B0C3LTSWVD,success,52343,500.0,487.0
B0C3H9K1WS,success,58713,500.0,499.0
B0C3HFGNV5,success,44256,500.0,500.0
B0C3MZBBZW,success,10728,486.0,208.0
B0C3MKL9DK,success,32304,438.0,337.0
B0C3LZPN43,success,51853,500.0,500.0
B0C3NJNFL6,success,24639,480.0,254.0
B0C3Q2F13G,success,42974,227.0,480.0
B0C3QVJQLK,success,49589,500.0,500.0
B0C3R2WCKX,success,37683,458.0,456.0
B0C3Q83Q2H,success,60798,500.0,467.0
B0C3RCQ5BY,success,52877,500.0,500.0
B0C3R87CVT,success,23143,500.0,451.0
B0C3V821KX,success,27826,462.0,489.0
B0C3KKZHBC,success,27300,323.0,335.0
B0C3V9KQG3,success,52072,499.0,356.0
B0C3VRH58B,success,25890,459.0,294.0
B0C3VBX27X,success,16420,308.0,336.0
B0C3VTZ3WT,success,44242,454.0,481.0
B0C3WF3W29,success,51510,470.0,494.0
B0C3VZ2J71,success,53334,460.0,291.0
B0C3XS6N81,success,40904,500.0,436.0
B0C3XT25MD,success,44452,500.0,468.0
B0C3ZKPCPP,success,27026,423.0,295.0
B0C3X23RFT,success,30422,457.0,318.0
B0C42P6RMX,success,19850,488.0,259.0
B0C42D5T7Z,success,14103,309.0,469.0
B0C48J6H74,success,53569,500.0,380.0
B0C49JYGQG,success,51459,490.0,496.0
B0C3YQY6W5,success,32491,500.0,453.0
B0C49X5K4Z,success,33207,382.0,467.0
B0C4B6C6NL,success,20526,361.0,486.0
B0C4CBCPJ9,success,46183,485.0,490.0
B0C4D36MH4,success,27399,462.0,404.0
B0C3X61R1F,success,29861,428.0,500.0
B0C49NKM93,success,26100,500.0,219.0
B0C4FKK979,success,39588,483.0,482.0
B0C4HCX6J2,success,37280,500.0,434.0
B0C4JPSG3C,success,17945,240.0,295.0
B0C4JMX5PC,success,44734,477.0,374.0
B0C4L6MQHZ,success,32145,400.0,418.0
B0C4H7FT68,success,60380,434.0,478.0
B0C4DPZM9X,success,54608,472.0,450.0
B0C4LG78D7,success,13973,371.0,346.0
B0C4FSWH6G,success,12869,326.0,160.0
B0C4N8Z92J,success,41053,400.0,302.0
B0C4N4M8ZC,success,38216,409.0,455.0
B0C4LKBK1Y,success,31257,425.0,475.0
B0C4P2L2P1,success,48368,500.0,500.0
B0C4P42WZ1,success,13544,484.0,370.0
B0C4P475C7,success,35970,498.0,385.0
B0C4SV8QSY,success,17818,323.0,435.0
B0C4PR2C59,success,31368,363.0,307.0
B0C4T8NX8F,success,31591,500.0,335.0
B0C4NBCJBL,success,10840,261.0,434.0
B0C4TNHV6H,success,28941,432.0,500.0
B0C4SPHWYC,success,11855,394.0,247.0
B0C4T2WZWQ,success,52710,473.0,416.0
B0C4TP4BLK,success,58100,492.0,481.0
B0C4XF8WQS,success,67416,500.0,375.0
B0C4TPLNSR,success,51708,437.0,353.0
B0C4ZGSNH3,success,17194,266.0,295.0
B0C4Z2P86K,success,19485,314.0,459.0
B0C4ZBL1X3,success,37495,493.0,376.0
B0C52RZHNF,success,36561,486.0,346.0
B0C533DWQQ,success,30497,442.0,468.0
B0C53DZYQQ,success,50170,499.0,361.0
B0C53DQ4P5,success,52600,491.0,440.0
B0C4WFPBZY,success,12567,404.0,272.0
B0C4Y7WNT4,success,65100,487.0,355.0
B0C53GKN98,success,28456,493.0,324.0
B0C53KQ12D,success,30247,423.0,333.0
B0C53MJ96J,success,56317,500.0,500.0
B0C54SFCYQ,success,21602,479.0,492.0
B0C556VSQ8,success,32695,500.0,498.0
B0C54SY8SJ,success,11209,259.0,180.0
B0C53XFQFY,success,56118,500.0,395.0
B0C56PDDJ3,success,18532,396.0,348.0
B0C55XKJSD,success,35617,460.0,334.0
B0C58HFYQR,success,30574,500.0,167.0
B0C55RQBGJ,success,36779,441.0,343.0
B0C58P2MHB,success,40918,500.0,500.0
B0C58R5D7Q,success,22028,380.0,434.0
B0C598SJ7H,success,17528,331.0,387.0
B0C59ZWJGN,success,32035,410.0,435.0
B0C59KGT61,success,35198,412.0,451.0
B0C5B1LW2Y,success,19754,406.0,439.0
B0C597KR9K,success,28455,374.0,483.0
B0C5B67Q9F,success,29955,398.0,489.0
B0C5BFJKJL,success,26109,366.0,461.0
B0C5CMRCQL,success,49901,488.0,450.0
B0C5D6DR9M,success,19971,451.0,475.0
B0C5BZ444D,success,29293,478.0,320.0
B0C5CKSCLC,success,44941,497.0,468.0
B0C5DFTSJ5,success,55659,466.0,430.0
B0C5DJ1XVV,success,19084,468.0,414.0
B0C5F6X59S,success,25776,468.0,422.0
B0C5B8LFSM,success,21166,328.0,475.0
B0C5H9XMS8,success,14411,356.0,480.0
B0C5HGX4X9,success,17900,496.0,262.0
B0C5DLJT1K,success,30419,450.0,327.0
B0C5HW361W,success,37051,379.0,486.0
B0C5HYPB53,success,33296,475.0,216.0
B0C5J15H69,success,19235,386.0,241.0
B0C5J5BC98,success,77073,500.0,473.0
B0C5LHYMTQ,success,26550,314.0,497.0
B0C5HSFRMK,success,31520,443.0,461.0
B0C5LYJK9P,success,29355,455.0,229.0
B0C5M4W1M6,success,20244,443.0,488.0
B0C5M41P1D,success,33219,460.0,291.0
B0C5MCN99W,success,31746,500.0,500.0
B0C5MD1TL9,success,54980,465.0,446.0
B0C5MDGTTL,success,37970,417.0,418.0
B0C5MVYN7W,success,27700,296.0,238.0
B0C5PC4J6W,success,19271,313.0,429.0
B0C5QCFLDP,success,54252,500.0,381.0
B0C5MCNJKR,success,12913,475.0,454.0
B0C5QJT2XP,success,44193,398.0,497.0
B0C52X6SZT,success,37959,476.0,303.0
B0C54F8LX1,success,47645,492.0,372.0
B0C5RJCXKJ,success,15303,469.0,189.0
B0C5QQDN3T,success,19366,423.0,274.0
B0C5RJDSPH,success,20781,482.0,389.0
B0C5SV6LVK,success,11410,415.0,195.0
B0C5RMJFP8,success,26722,467.0,243.0
B0C5WN1QFK,success,46489,473.0,241.0
B0C5WY7F6Y,success,12135,370.0,222.0
B0C5TDM1J4,success,42514,409.0,478.0
B0C5XB5P4B,success,21746,374.0,472.0
B0C5WNFPZ9,success,15570,426.0,283.0
B0C5XBYZM1,success,33379,465.0,478.0
B0C5XLT6NV,success,19601,417.0,344.0
B0C5Y52L8X,success,22893,379.0,465.0
B0C5Y717RL,success,36324,485.0,388.0
B0C5ZRCWRH,success,41122,422.0,374.0
B0C5ZC7FWR,success,11365,235.0,360.0
B0C5YY273D,success,23003,243.0,448.0
B0C61DPG8S,success,23286,355.0,442.0
B0C61FSR47,success,29808,443.0,304.0
B0C61XJH3H,success,22390,406.0,390.0
B0C61NC9YD,success,27404,322.0,486.0
B0C627132X,success,34777,485.0,397.0
B0C62BKQL3,success,49646,472.0,481.0
B0C62FZFH5,success,17885,329.0,234.0
B0C61XR99Y,success,38480,478.0,487.0
B0C63YDS5G,success,10038,417.0,127.0
B0C64NB7FY,success,24659,500.0,366.0
B0C653ZQGS,success,35555,276.0,438.0
B0C65CSHY3,success,63248,500.0,485.0
B0C65MGQSQ,success,23859,351.0,479.0
B0C65H6425,success,18842,412.0,331.0
B0C662M3GG,success,50089,481.0,327.0
B0C66M4DYY,success,21815,497.0,500.0
B0C691CH99,success,11468,364.0,179.0
B0C68MLM6H,success,40803,498.0,351.0
B0C68ZMK4Y,success,58154,478.0,472.0
B0C698KPFC,success,31556,500.0,482.0
B0C697VHS5,success,9927,431.0,300.0
B0C65PM6LG,success,22719,458.0,240.0
B0C6DDHVNP,success,16403,421.0,345.0
B0C6968DSX,success,57610,500.0,359.0
B0C6FXYV3C,success,32932,500.0,332.0
B0C6GJ4F6G,success,28462,460.0,370.0
B0C6H85C1T,success,18472,448.0,468.0
B0C6HCRKTT,success,20989,317.0,465.0
B0C6G2BD65,success,75764,900.0,644.0
B0C6GR68FH,success,42258,500.0,499.0
B0C6GVP1DY,success,37308,461.0,479.0
B0C6HD5R8Z,success,21062,477.0,193.0
B0C6J534BX,success,18340,487.0,500.0
B0C6JKX2JW,success,49777,496.0,475.0
B0C6FH5YW9,success,19420,463.0,468.0
B0C6JHHXYJ,success,59291,496.0,488.0
B0C6JVVZTJ,success,38867,462.0,500.0
B0C6K54XT9,success,38050,420.0,471.0
B0C6KPFH39,success,27494,492.0,466.0
B0C6KX8YPM,success,40975,500.0,406.0
B0C6LWCDT3,success,37699,500.0,492.0
B0C6M82V65,success,48503,490.0,490.0
B0C6JQCS9G,success,36342,500.0,290.0
B0C6LCK1QJ,success,27909,429.0,298.0
B0C6PS3CCW,success,43526,492.0,482.0
B0C6MC3VRY,success,64219,444.0,484.0
B0C6PZJ72M,success,17748,311.0,425.0
B0C6NXF4W5,success,59495,468.0,350.0
B0C6LBCGJ5,success,37643,398.0,284.0
B0C6LLQ5D3,success,51877,496.0,475.0
B0C6QF1WQ8,success,54461,499.0,412.0
B0C6QHKZT1,success,44731,494.0,380.0
B0C6QRJX93,success,19596,447.0,473.0
B0C6R3RQXP,success,16550,468.0,282.0
B0C6QYPNYR,success,49455,427.0,331.0
B0C6QQSG4R,success,17585,415.0,473.0
B0C6SVJVD5,success,23211,418.0,295.0
B0C6SW75CX,success,53949,414.0,500.0
B0C6YCCN8W,success,51188,499.0,500.0
B0C6XCRRCN,success,37749,457.0,294.0
B0C6XHZMTL,success,35298,429.0,494.0
B0C6YGWC8R,success,37210,471.0,427.0
B0C6R9GJ21,success,59512,471.0,353.0
B0C72D4J46,success,34683,449.0,449.0
B0C73XNYJ8,success,33621,478.0,410.0
B0C741SBH4,success,54507,315.0,494.0
B0C74NXKV9,success,36516,432.0,348.0
B0C6SWGP9D,success,54115,500.0,481.0
B0C6T7GPS2,success,35222,402.0,498.0
B0C7429KCR,success,26056,332.0,409.0
B0C74QHKTR,success,20124,278.0,427.0
B0C772WXKG,success,19645,422.0,409.0
B0C77GZHB4,success,35446,499.0,253.0
B0C77KJXGH,success,44339,448.0,477.0
B0C774M5M2,success,40719,500.0,500.0
B0C77SZ919,success,28951,460.0,322.0
B0C77T74K6,success,34764,496.0,257.0
B0C7BTXC4H,success,22819,491.0,405.0
B0C785DHMD,success,40578,500.0,441.0
B0C7CDB79W,success,47217,500.0,402.0
B0C77LKF4F,success,16563,365.0,406.0
B0C7CM9FWZ,success,26370,500.0,385.0
B0C7CTNS12,success,51197,500.0,493.0
B0C7GB1GN2,success,28134,462.0,496.0
B0C7FFR3R7,success,18522,500.0,137.0
B0C7GS19F2,success,55635,500.0,372.0
B0C7H1XD7V,success,26381,451.0,286.0
B0C7G6VNMX,success,53452,490.0,452.0
B0C7GWSTDF,success,37096,498.0,370.0
B0C7GYG1KM,success,50249,478.0,378.0
B0C7GQVVDY,success,44507,451.0,349.0
B0C7HQ3PNH,success,52214,424.0,327.0
B0C7L5WJHD,success,23780,471.0,448.0
B0C7MK2QWY,success,40899,474.0,486.0
B0C7MZZHPM,success,29365,500.0,455.0
B0C7NG34M3,success,21533,386.0,321.0
B0C7Q78T5P,success,33287,489.0,427.0
B0C7QCYJ4W,success,48618,500.0,359.0
B0C7QLJVX4,success,21325,458.0,196.0
B0C7RHF1CV,success,18852,458.0,251.0
B0C7QNV349,success,36572,296.0,466.0
B0C7P9N98N,success,18629,413.0,300.0
B0C7TM1D1V,success,39867,499.0,418.0
B0C7V8X2YS,success,45633,500.0,467.0
B0C7V6PQ5D,success,22866,327.0,473.0
B0C7WKFN2V,success,18883,479.0,500.0
B0C7VRFMDT,success,23226,486.0,252.0
B0C7Z4XNKV,success,21287,470.0,327.0
B0C82BRRX1,success,42934,473.0,248.0
B0C816BRGN,success,19095,347.0,240.0
B0C85Z18SG,success,23785,410.0,442.0
B0C85M22Z6,success,23135,436.0,500.0
B0C8CK2XV6,success,32023,448.0,306.0
B0C7PZ7JN2,success,48150,500.0,500.0
B0C89F5BVK,success,39630,477.0,450.0
B0C8G7Y7FX,success,35099,412.0,475.0
B0C8CTGC2Q,success,49467,488.0,395.0
B0C8M3JS85,success,27491,429.0,487.0
B0C8NJYC66,success,42316,469.0,492.0
B0C8HDXFXN,success,62138,500.0,478.0
B0C8NKK626,success,59116,446.0,469.0
B0C8YDLZJM,success,27422,475.0,302.0
B0C92R6H8H,success,41237,446.0,355.0
B0C8HXY8Z1,success,51805,458.0,408.0
B0C92FRC7K,success,41468,492.0,386.0
B0C93YLWXJ,success,17571,254.0,381.0
B0C943FBNV,success,23686,456.0,500.0
B0C8TT9JDP,success,18525,341.0,389.0
B0C99DHPSW,success,45618,500.0,393.0
B0C96F9MWJ,success,17697,500.0,500.0
B0C9994Q2R,success,25058,489.0,380.0
B0C9CN4Y7K,success,28675,474.0,367.0
B0C9HZMCXQ,success,22589,442.0,225.0
B0C9H2SFXD,success,14601,422.0,224.0
B0C9P7BF5L,success,29739,500.0,463.0
B0C9J1B6RD,success,31485,500.0,464.0
B0C965RV9H,success,43174,470.0,492.0
B0C9MNW12X,success,36608,428.0,492.0
B0C9NCDS2P,success,32060,479.0,351.0
B0C9JFFH6R,success,44314,494.0,497.0
B0C9QL37GY,success,44084,500.0,480.0
B0C9QD39WB,success,35640,500.0,391.0
B0C9PJ9L36,success,25656,486.0,234.0
B0C9WSFSLH,success,35469,500.0,428.0
B0C9TR9CS7,success,45770,500.0,491.0
B0C9TG46R1,success,40790,500.0,339.0
B0CB2W1RTT,success,18173,364.0,496.0
B0CB2SWNXC,success,12120,342.0,434.0
B0C9J3TSFK,success,40631,456.0,449.0
B0CB3NLJM1,success,36940,500.0,471.0
B0CB1GKCKJ,success,24311,465.0,246.0
B0C9Z6RWZ8,success,53261,492.0,495.0
B0CB41GP2H,success,31590,398.0,401.0
B0CB5FRG6G,success,19040,500.0,292.0
B0CB8W7CMC,success,14530,221.0,400.0
B0CB1S3K8Q,success,38278,500.0,491.0
B0CB61XSBD,success,19922,387.0,386.0
B0CBJTHKS3,success,38638,496.0,484.0
B0CBBZSQMF,success,72559,500.0,413.0
B0CBJX265V,success,25909,498.0,339.0
B0CBJXVY4G,success,38653,471.0,482.0
B0CBM55HPY,success,82240,500.0,495.0
B0CBJZDQCL,success,65021,498.0,360.0
B0CBMFBLL3,success,17049,377.0,475.0
B0CBMQWHQQ,success,21430,473.0,420.0
B0CBPK3RRC,success,17187,500.0,255.0
B0CBM9SP5K,success,50805,500.0,296.0
B0CBSYCTSL,success,31965,500.0,394.0
B0CBPN5QLJ,success,40974,500.0,391.0
B0CBW7CTM8,success,30096,483.0,292.0
B0CBWV3Q8B,success,33797,500.0,313.0
B0CBW96P7H,success,22805,500.0,156.0
B0CBV15F18,success,19490,488.0,136.0
B0CC2BLHM8,success,27710,430.0,310.0
B0CC247DJ6,success,10980,385.0,232.0
B0CC2FVRJW,success,28589,285.0,500.0
B0CC57LWTS,success,31038,392.0,499.0
B0CC96MBWL,success,51387,500.0,465.0
B0CC9156Y5,success,43623,484.0,339.0
B0CCDRR1M6,success,50022,493.0,484.0
B0CCJFQC97,success,29001,420.0,500.0
B0CC9KB287,success,86577,500.0,461.0
B0CCMMJK55,success,25200,418.0,500.0
B0CC98BPBY,success,38002,395.0,495.0
B0CCMPJYTZ,success,22033,491.0,500.0
B0CCN9VDB4,success,32493,466.0,325.0
B0CCPKH7PX,success,22562,450.0,370.0
B0CCNS7H7Z,success,29858,496.0,268.0
B0CCQHH8Z6,success,30861,500.0,489.0
B0CCS144WC,success,51672,500.0,356.0
B0CD2QDQGV,success,26090,428.0,428.0
B0CD1S7JJV,success,29245,500.0,481.0
B0CD43HNTS,success,21363,296.0,486.0
B0CDCS9VN9,success,42576,500.0,349.0
B0CCVBY5HL,success,22254,394.0,268.0
B0CDP9XWZH,success,56948,500.0,500.0
B0CDJ9NJ7D,success,40978,382.0,439.0
B0CDGCPD3H,success,17430,496.0,338.0
B0CDH6CY63,success,25207,392.0,303.0
B0CDQP78RD,success,30242,459.0,269.0
B0CDVW2RNG,success,23223,406.0,294.0
B0CDVFBX9Q,success,46410,500.0,500.0
B0CDVW4M7Z,success,19145,399.0,351.0
B0CDRT1ZNP,success,49257,500.0,500.0
B0CF21CMG3,success,29247,368.0,276.0
B0CF2PHH32,success,60796,500.0,419.0
B0CF5XR41L,success,19150,402.0,471.0
B0CF6L6PP3,success,49300,493.0,462.0
B0CF9P73B2,success,36409,500.0,332.0
B0C98XDNLY,success,26896,497.0,313.0
B0CFGGCSDX,success,61881,500.0,330.0
B0CFHP8CFS,success,42302,500.0,350.0
B0CFKS5MSC,success,33514,500.0,464.0
B0CFL1KXPH,success,23110,362.0,465.0
B0CFJB5TD1,success,23208,451.0,390.0
B0CFPYDKLN,success,35404,472.0,422.0
B0CFX2LJCB,success,19429,393.0,232.0
B0CFRDP7FX,success,46533,488.0,345.0
B0CFQT6GW6,success,53113,500.0,500.0
B0CF6479D8,success,49233,500.0,500.0
B0CDXVZD8M,success,36644,500.0,317.0
B0CFY5SLH8,success,52995,457.0,494.0
B0CGCTGDPG,success,17191,286.0,470.0
B0CGJ1HDB6,success,41703,500.0,335.0
B0CGMNQQ7X,success,17029,396.0,222.0
B0CGLYHFVF,success,49119,500.0,466.0
B0CGLZYGHW,success,50448,485.0,364.0
B0CG1N6QCG,success,29069,500.0,397.0
B0CGZXVMPP,success,24978,478.0,484.0
B0CGM29ZL7,success,46456,500.0,376.0
B0CHB4NNJG,success,36566,500.0,500.0
B0CC1H1WFT,success,28177,360.0,393.0
